brand,name,sku,upc
Advance Equipment,36 in Advance Equipment Easy Mixer,AEMPM36,
Advance Equipment,Stainless Steel Floor Scraper with 5ft. Metal Handle,AEMHDSS18,
Advance Equipment,"Advance 10"" Heli-Arc Round Bottom Mud Pan with Grip",AEM10HRG,
Advance Equipment,"Advance Cool Grip Handle Taping Knife - 10"" BS",AEMFLBSCG10,
Advance Equipment,"10"" BS Offset Drywall Knife with Cool Grip II Handle",AEMOSG10,
Advance Equipment,"14"" BS Offset Drywall Knife with Cool Grip II Handle",AEMOSG14,
Better Than Ever,Super Sander Pole Sander,BTESS48,
Better Than Ever,Better Than Ever Super Sander Head,BTESS49,
Better Than Ever,4 ft - 7 1/2 ft Better Than Ever Super Sander Extension Pole,BTESSEP48,
Better Than Ever,Super Sander Extension Pole - 3' to 5 1/2',BTESSEP36,
Better Than Ever,Super Sander Pad,BTESS51,
Better Than Ever,Super Sander Pole Only,BTESS50,
Bon Tool,"Bon Tool 13"" Thin Blad Lath Hatchet w/ Wood Handle 16oz.",BON13259B8,
Bon Tool,"Bon Tools Outside Corner Tool SS 1/8"" w/ Wood Handle",BON85118,
Bon Tool,Bon Tools Outside Corner Tool SS 90 Degree w/ Wood Handle,BON85123,
Bon Tool,Simulated Brick Cutter,BON87191B10,
Bon Tool,3-Piece Aluminum Handle Standard Male Thread,BON22812,
Bon Tool,"Bon Outside Corner Tool SS 1/4"" w/ Wood Handle",BON85119,
Bon Tool,Bon Tool 15 Gallon Plastic Mixing Barrel,BON22816,
Bon Tool,Bon Tool Epoxy Floor Finisher,BON22210,
Bon Tool,"Bon Tool Outside Corner Tool SS 3/8"" with Wood Handle",BON85120,
Bon Tool,Bon Tool Spiked Sandals with Velcro Straps,BON22599,
Bon Tool,"Rugby Ball Epoxy Mixer 9 15/16"" x 5 7/8"" Paddle",BON82390,
Arrow Fastener,Arrow Fastener Tomahawk Heavy Duty Hammer Tacker,ARWHT50P,
Arrow Fastener,"Arrow 1/4"" JT-21 Staples",ARW214,
Arrow Fastener,Arrow Fastener JT21CM Professional Light Duty Staple Gun,ARWJT21CM,
Arrow Fastener,Arrow RH200S Heavy Duty Rivet Tool,ARWRH200S,
Arrow Fastener,Arrow RHT300 Swivel Head Rivet Tool,ARWRHT300S,
Arrow Fastener,"Arrow 5/16"" JT-21 Staples",ARW215,
Arrow Fastener,Arrow RL100 Rivet Tool,ARWRL100,
Arrow Fastener,"Staple - JT-21 - 3/8"" - [5 Boxes of 1000 = Pkg]",ARW276,
3M,"Scotch 2020 General Purpose Masking Tape - 1""",THR22892,
3M,"ScotchBlue Original Multi-Use Painter's Tape - 1"" x 60 yds.",THR209024ACP,
3M,"2600 Highland Masking Tape 2"" x 60 yds",THR260048A,
3M,"3M Hand Masker Paper Blades - 12""",THR06796,
3M,3M CP6 Hand-Masker Pre-Folded Contractor's Plastic - 90',THR79683,
RotoZip,1/8 in RotoZip ZipBit Guidepoint Drywall Bit,RZPGP8,
RotoZip,"Drywall Xbit 5/32"" Diacut-Out  [10]",RZPXBDW10,
RotoZip,5/32 in RotoZip XBit Drywall Bit,RZPXBDW2,
RotoZip,"Rotomite Collet Kit with Nut [1/4"", 1/8"", 5/32""]",RZPCN1,
RotoZip,1/4 in RotoZip ZipBit Window and Door Bit,RZPZBWD1,
RotoZip,1/8 in RotoZip ZipBit Standard Point Drywall Bit,RZPZB8,
RotoZip,Roto Zip GP50 50pk Guide Point Drywall Zip Bit,RZPGP50,
RotoZip,"Rotozip Chuck Adapter 1/4"" to 1/8""",RZPCH01,
RotoZip,Standard Point Drywall Zip Bit - Set of 16 Pieces,RZPZB16,
RotoZip,"Bosch RotoZip 5/32"" Collet",RZPCT156,
RotoZip,Carbide Zip Bit for Cement Board,RZPXBDC1,
RotoZip,"Sabrecut Bit Pack 1/8"" Multi - Purpose - [4 pack]",RZPSC4,
RotoZip,Standard Point Drywall Zipbit [50],RZPZB50,
ADAPA,AdapaUSA Residential Drywall Cart w/ Vinyl Platform,ADAKITRES,
ADAPA,8 in ADAPA High Performance Swivel Caster,ADA8SCRD,
ADAPA,Plastic Slide For Residential Dolly,ADAPP,
ADAPA,ADAPA Hardware Kit for Cart Slide,ADAHDKIT,
ADAPA,"16"" Residential Drywall Cart",ADARC,
ADAPA,Ceiling Wire Twister,ADATWISTER,
