brand,name,sku
Musgrave Pencil Company,Musgrave Carpenter Pencil - Blank/White,MGPPENCIL
Goldblatt,11 X 4.5 Curved Blade Drywall Trowel,GOLG05511
Goldblatt,9in Sanding Discs 100 Grit (10 Disc/Pack ),GOLG25661
Goldblatt,Dust-Free Hand Sander,GOLG05028
Goldblatt,Goldblatt 13W 1000lm Work Light,GOLG09503
Goldblatt,Goldblatt 23W 1500lm Work Light,GOLG09502
Hyde Tools,12 in HYDE Tools Blue Steel Folded Backing Taping Knife,HYD09214
Hyde Tools,10 in HYDE Tools Blue Steel Folded Backing Taping Knife,HYD09213
Hyde Tools,"HYDE 3"" Flexible Joint Knife",HYD06358
Hyde Tools,HYDE Tools Black & Silver 6-in-1 Multi-Tool w/ Hammer Head End,HYD02980
Hyde Tools,13 in HYDE Tools StopDrip Ratchet Rod Caulk Gun - 32 oz,HYD46420
Hyde Tools,"HYDE 14"" Blue Steel Lightweight Taping Knife",HYD09215
Kraft,7 1/2 in x 5 1/2 in Kraft Tools Hydra Grout Sponge,KRAST135
Kraft,Kraft Tools Galvanized Steel Bucket Scoop,KRAPL804
Kraft,Double Crows Foot Texture Brush,KRADW118D
Kraft,Drywall Roll Lifter,KRADC171
Kraft,Single Crows Foot Texture Brush,KRADW118
Kraft,6 in Kraft Tools All Stainless Steel Joint Knife w/ Sure Grip Handle,KRADW733PF
Kraft,"Kraft 36"" Hex Shaft Jr Mud Mixer",KRADC714
Kraft,Kraft Tools Semi-Oval Shaped Sponges,KRAPL060
Kraft,5 in Kraft Tools Stainless Steel Joint Knife,KRADW730
Kraft,4 in Kraft Tools Stainless Steel Joint Knife,KRADW729
Kraft,4 1/2 in x 6 ft Magnesium Featheredge,KRAPC006
Kraft,Super-Pro Texture Gun & Hopper,KRAPC301
Kraft,"Fast Mixer - 28"" Paddle Mixer",KRADC307
Marshalltown Trowel,QLT Plastic Notched Trowel 1/4 V,MAR16275
Marshalltown Trowel,"3"" Corner Roller",MAR19046
Marshalltown Trowel,Marshalltown Fixed Blade Utility Knife,MAR13998
Marshalltown Trowel,Marshalltown QLT Roll Lifter,MAR14590
Marshalltown Trowel,"10"" Blue Steel Taping Knife with DuraSoft Handle",MAR14338
Marshalltown Trowel,"12"" Blue Steel Taping Knife with DuraSoft Handle",MAR14339
Marshalltown Trowel,"11"" X 4 1/2"" Notched Trowel-1/4 X 3/16 'V' w/Curved DuraSoft Handle",MAR15808
Marshalltown Trowel,5 in x 1 1/2 in Marshalltown Margin Trowel w/ Wood Handle,MAR11204
Marshalltown Trowel,Drywall Tape Reel,MAR16331
Marshalltown Trowel,"Marshalltown 18"" Adjustable Squeegee Trowel",MAR14477
TapeTech,"Feather Lite Finishing Knife with Texture Handle - 6""",AMERK4006
USG Sheetrock Screws,"USG Sheetrock Tools #6 X 1-1/4"" Textured Head, Coarse Thread Drywall Screw w/ TENZ [Bulk]",USG114CDWS8M
USG Sheetrock Screws,"6 X 1-1/4"" Textured Head, Fine Thread Drywall Screw [Bulk]",USG114FDWS8M
USG Sheetrock Screws,"USG Sheetrock Tools #8 X 1/2"" Wafer Head, Zinc Self Drill Drywall Screw [5LB]",USG12WHSDFSZ5
USG Sheetrock Screws,"USG Sheetrock Tools #6 X 1-1/4"" Textured Bugle Head, Self Drill Drywall Screw [5LB]",USG114SDSZ5
USG Sheetrock Screws,"USG Sheetrock Tools #6 X 2"" Textured Head, Coarse Thread Drywall Screw w/ TENZ [Bulk]",USG2CDWS35M
USG Sheetrock Screws,"USG Sheetrock Tools #6 X 1-1/8"" Textured Head, Coarse Thread Drywall Screw w/ TENZ [BULK]",USG118CDWS10M
USG Sheetrock Screws,"USG Sheetrock Tools #6 X 1-5/8"" Textured Head, Coarse Thread Drywall Screw w/ TENZ [Bulk]",USG158CDWS5M
USG Sheetrock Screws,"USG Sheetrock Tools #7 X 7/16"" Pan Head, Self Drill Gray Phosphate Drywall Screw [5LB]",USG716PHSDFS5
USG Sheetrock Screws,"USG Sheetrock Tools #6 X 1-1/4"" Textured Bugle Head, Self Drill Drywall Screw [Bulk]",USG114SDSZ8M
USG Sheetrock Screws,"USG Sheetrock Tools #6 X 1-5/8"" Textured Bugle Head, Self Drill Drywall Screw [5LB]",USG158SDSZ5
USG Sheetrock Screws,"6 X 1-5/8"" Textured Head, Fine Thread Drywall Screw [Bulk]",USG158FDWS5M
USG Sheetrock Screws,"USG Sheetrock Tools #8 X 2-3/8"" Textured Bugle Head, Self Drill Drywall Screw [5LB]",USG238SDSZ5
USG Sheetrock Screws,"USG Sheetrock Tools #6 X 1-7/8"" Textured Bugle Head, Self Drill Drywall Screw [5LB]",USG178SDSZ5
USG Sheetrock Screws,"USG Sheetrock Tools #6 X 1-7/8"" Textured Bugle Head, Self Drill Drywall Screw [Bulk]",USG178SDSZ4M
USG Sheetrock Screws,"USG Sheetrock Tools #7 X 7/16"" Pan Head, Grey Phosphate Sharp Point Drill Drywall Screw [5LB]",USG716PHFS5
USG Sheetrock Screws,"USG Sheetrock Tools #8 X 2-3/8"" Textured Bugle Head, Self Drill Drywall Screw [Bulk]",USG238SDSZ3M
USG Sheetrock Screws,"USG Sheetrock #8 X 1/2"" Wafer Head, Self Drill Zinc Drywall Screw [BULK]",USG12WHSDFSZ10M
USG Sheetrock Tools,48 in USG Sheetrock Tools Heavy Duty T-Square,USG340416
USG Sheetrock Tools,5 in USG Sheetrock Tools MATRIX Stainless Steel Finishing Knife,USG340505
USG Sheetrock Tools,30 in USG Sheetrock Tools Mud Mixer,USG340413
USG Sheetrock Tools,8 in USG Sheetrock Tools Mud Pan Grip,USG340404
USG Sheetrock Tools,6 in USG Sheetrock Tools Jab Saw,USG340414
USG Sheetrock Tools,14 in USG Sheetrock Tools Classic Stainless Steel Drywall Mud Pan,USG340407
USG Sheetrock Tools,6 in USG Sheetrock Tools MATRIX High Carbon Steel Finishing Knife,USG340010
USG Sheetrock Tools,6 in USG Sheetrock Tools Classic High Carbon Steel Finishing Knife,USG340110
USG Sheetrock Tools,5 in USG Sheetrock Tools Classic Stainless Steel Finishing Knife,USG340601
USG Sheetrock Tools,5 in USG Sheetrock Tools MATRIX High Carbon Steel Finishing Knife,USG340006
USG Sheetrock Tools,5 in USG Sheetrock Tools Classic High Carbon Steel Finishing Knife,USG340106
USG Sheetrock Tools,12 in USG Sheetrock Tools MATRIX Stainless Steel Mud Pan,USG340402
Wal-Board,8 1/2 in Wal-Board Circle Cutter,WAL08001
Wal-Board,2 3/4 in x 9 in Wal-Board Mini Lifter,WAL03003
Wal-Board,14 in Wal-Board Tool 12 oz Drywall Hammer,WAL02001
Wal-Board,18 in Wal-Board Steel Handle Floor Scraper,WAL29004
Wal-Board,10 1/4 in Wal-Board Tape Reel,WAL41001
Wal-Board,16 in Wal-Board 12 oz Drywall Hammer,WAL02002
Wal-Board,22 in Wal-Board Wall Scraper,WAL30001
Wal-Board,6 1/2 in x 3 in Wal-Board Stainless Steel Bucket Scoop,WAL05002
Wal-Board,"Walboard Tool Pouch Right Hand 815 Box Style - 9"" X 9""",WAL16001
Wal-Board,18 in Wal-Board Wood Handle Floor Scraper,WAL29002
Wal-Board,Walboard Material Orifices (3) Set w/Nut,WAL50040
Warner,No Pock! Pro (64 FL. OZ.),WAR96
Warner,3/4 in Warner Outside Flex Bull Nose Corner Trowel,WAR148
Warner,500W Warner Halogen Replacement Bulbs,WARP10174
Warner,Plastic Bucket Opener,WAR556
Warner,Warner Leg Band Kit,WAR10238
Warner,4 in Warner Tool ProGrip Flex Broad Knife w/ Hammer Cap,WAR90124
Warner,"Warner ProGrip 3"" Flex Putty Knife",WAR90114
Warner,Warner ProGrip 6-in-1 Hammer Cap Glazier,WAR90199
TapeTech,"2"" EasyClean Nail Spotter",NS02TT
TapeTech,T5 Corner Finisher,T05CF
