"file","from","to"
"level5_4_600p_4_701_01.webp","D:\AMD\projects\drywall-toolbox\products\Production\launch\launch_images\level5_4_600p_4_701_01.webp","d:\AMD\projects\drywall-toolbox\products\Production\launch\launch_images\quarantine\level5_double_sku_20260528_130653\level5_4_600p_4_701_01.webp"
"level5_4_600p_4_701_02.webp","D:\AMD\projects\drywall-toolbox\products\Production\launch\launch_images\level5_4_600p_4_701_02.webp","d:\AMD\projects\drywall-toolbox\products\Production\launch\launch_images\quarantine\level5_double_sku_20260528_130653\level5_4_600p_4_701_02.webp"
"level5_4_600p_4_701_03.webp","D:\AMD\projects\drywall-toolbox\products\Production\launch\launch_images\level5_4_600p_4_701_03.webp","d:\AMD\projects\drywall-toolbox\products\Production\launch\launch_images\quarantine\level5_double_sku_20260528_130653\level5_4_600p_4_701_03.webp"
"level5_4_600p_4_707_01.webp","D:\AMD\projects\drywall-toolbox\products\Production\launch\launch_images\level5_4_600p_4_707_01.webp","d:\AMD\projects\drywall-toolbox\products\Production\launch\launch_images\quarantine\level5_double_sku_20260528_130653\level5_4_600p_4_707_01.webp"
"level5_4_600p_4_707_02.webp","D:\AMD\projects\drywall-toolbox\products\Production\launch\launch_images\level5_4_600p_4_707_02.webp","d:\AMD\projects\drywall-toolbox\products\Production\launch\launch_images\quarantine\level5_double_sku_20260528_130653\level5_4_600p_4_707_02.webp"
"level5_4_600p_4_707_03.webp","D:\AMD\projects\drywall-toolbox\products\Production\launch\launch_images\level5_4_600p_4_707_03.webp","d:\AMD\projects\drywall-toolbox\products\Production\launch\launch_images\quarantine\level5_double_sku_20260528_130653\level5_4_600p_4_707_03.webp"
"level5_4_600p_4_712_01.webp","D:\AMD\projects\drywall-toolbox\products\Production\launch\launch_images\level5_4_600p_4_712_01.webp","d:\AMD\projects\drywall-toolbox\products\Production\launch\launch_images\quarantine\level5_double_sku_20260528_130653\level5_4_600p_4_712_01.webp"
"level5_4_600p_4_714_01.webp","D:\AMD\projects\drywall-toolbox\products\Production\launch\launch_images\level5_4_600p_4_714_01.webp","d:\AMD\projects\drywall-toolbox\products\Production\launch\launch_images\quarantine\level5_double_sku_20260528_130653\level5_4_600p_4_714_01.webp"
"level5_4_600p_4_714_02.webp","D:\AMD\projects\drywall-toolbox\products\Production\launch\launch_images\level5_4_600p_4_714_02.webp","d:\AMD\projects\drywall-toolbox\products\Production\launch\launch_images\quarantine\level5_double_sku_20260528_130653\level5_4_600p_4_714_02.webp"
"level5_4_600p_4_733_01.webp","D:\AMD\projects\drywall-toolbox\products\Production\launch\launch_images\level5_4_600p_4_733_01.webp","d:\AMD\projects\drywall-toolbox\products\Production\launch\launch_images\quarantine\level5_double_sku_20260528_130653\level5_4_600p_4_733_01.webp"
"level5_4_600p_4_733_02.webp","D:\AMD\projects\drywall-toolbox\products\Production\launch\launch_images\level5_4_600p_4_733_02.webp","d:\AMD\projects\drywall-toolbox\products\Production\launch\launch_images\quarantine\level5_double_sku_20260528_130653\level5_4_600p_4_733_02.webp"
"level5_4_600p_4_733_03.webp","D:\AMD\projects\drywall-toolbox\products\Production\launch\launch_images\level5_4_600p_4_733_03.webp","d:\AMD\projects\drywall-toolbox\products\Production\launch\launch_images\quarantine\level5_double_sku_20260528_130653\level5_4_600p_4_733_03.webp"
"level5_4_600p_4_760_01.webp","D:\AMD\projects\drywall-toolbox\products\Production\launch\launch_images\level5_4_600p_4_760_01.webp","d:\AMD\projects\drywall-toolbox\products\Production\launch\launch_images\quarantine\level5_double_sku_20260528_130653\level5_4_600p_4_760_01.webp"
"level5_4_600p_4_760_02.webp","D:\AMD\projects\drywall-toolbox\products\Production\launch\launch_images\level5_4_600p_4_760_02.webp","d:\AMD\projects\drywall-toolbox\products\Production\launch\launch_images\quarantine\level5_double_sku_20260528_130653\level5_4_600p_4_760_02.webp"
"level5_4_600p_4_760_03.webp","D:\AMD\projects\drywall-toolbox\products\Production\launch\launch_images\level5_4_600p_4_760_03.webp","d:\AMD\projects\drywall-toolbox\products\Production\launch\launch_images\quarantine\level5_double_sku_20260528_130653\level5_4_600p_4_760_03.webp"
"level5_4_600p_4_760_04.webp","D:\AMD\projects\drywall-toolbox\products\Production\launch\launch_images\level5_4_600p_4_760_04.webp","d:\AMD\projects\drywall-toolbox\products\Production\launch\launch_images\quarantine\level5_double_sku_20260528_130653\level5_4_600p_4_760_04.webp"
"level5_4_600p_4_760_05.webp","D:\AMD\projects\drywall-toolbox\products\Production\launch\launch_images\level5_4_600p_4_760_05.webp","d:\AMD\projects\drywall-toolbox\products\Production\launch\launch_images\quarantine\level5_double_sku_20260528_130653\level5_4_600p_4_760_05.webp"
"level5_4_600p_4_760_06.webp","D:\AMD\projects\drywall-toolbox\products\Production\launch\launch_images\level5_4_600p_4_760_06.webp","d:\AMD\projects\drywall-toolbox\products\Production\launch\launch_images\quarantine\level5_double_sku_20260528_130653\level5_4_600p_4_760_06.webp"
"level5_4_600p_4_760_07.webp","D:\AMD\projects\drywall-toolbox\products\Production\launch\launch_images\level5_4_600p_4_760_07.webp","d:\AMD\projects\drywall-toolbox\products\Production\launch\launch_images\quarantine\level5_double_sku_20260528_130653\level5_4_600p_4_760_07.webp"
"level5_4_600p_4_760_08.webp","D:\AMD\projects\drywall-toolbox\products\Production\launch\launch_images\level5_4_600p_4_760_08.webp","d:\AMD\projects\drywall-toolbox\products\Production\launch\launch_images\quarantine\level5_double_sku_20260528_130653\level5_4_600p_4_760_08.webp"
"level5_4_600p_4_760_09.webp","D:\AMD\projects\drywall-toolbox\products\Production\launch\launch_images\level5_4_600p_4_760_09.webp","d:\AMD\projects\drywall-toolbox\products\Production\launch\launch_images\quarantine\level5_double_sku_20260528_130653\level5_4_600p_4_760_09.webp"
"level5_4_600p_4_765_01.webp","D:\AMD\projects\drywall-toolbox\products\Production\launch\launch_images\level5_4_600p_4_765_01.webp","d:\AMD\projects\drywall-toolbox\products\Production\launch\launch_images\quarantine\level5_double_sku_20260528_130653\level5_4_600p_4_765_01.webp"
"level5_4_600p_4_766_01.webp","D:\AMD\projects\drywall-toolbox\products\Production\launch\launch_images\level5_4_600p_4_766_01.webp","d:\AMD\projects\drywall-toolbox\products\Production\launch\launch_images\quarantine\level5_double_sku_20260528_130653\level5_4_600p_4_766_01.webp"
"level5_4_600p_4_771_01.webp","D:\AMD\projects\drywall-toolbox\products\Production\launch\launch_images\level5_4_600p_4_771_01.webp","d:\AMD\projects\drywall-toolbox\products\Production\launch\launch_images\quarantine\level5_double_sku_20260528_130653\level5_4_600p_4_771_01.webp"
"level5_4_600p_4_778_01.webp","D:\AMD\projects\drywall-toolbox\products\Production\launch\launch_images\level5_4_600p_4_778_01.webp","d:\AMD\projects\drywall-toolbox\products\Production\launch\launch_images\quarantine\level5_double_sku_20260528_130653\level5_4_600p_4_778_01.webp"
"level5_4_600p_4_779_01.webp","D:\AMD\projects\drywall-toolbox\products\Production\launch\launch_images\level5_4_600p_4_779_01.webp","d:\AMD\projects\drywall-toolbox\products\Production\launch\launch_images\quarantine\level5_double_sku_20260528_130653\level5_4_600p_4_779_01.webp"
"level5_4_602_4_701_01.webp","D:\AMD\projects\drywall-toolbox\products\Production\launch\launch_images\level5_4_602_4_701_01.webp","d:\AMD\projects\drywall-toolbox\products\Production\launch\launch_images\quarantine\level5_double_sku_20260528_130653\level5_4_602_4_701_01.webp"
"level5_4_602_4_701_02.webp","D:\AMD\projects\drywall-toolbox\products\Production\launch\launch_images\level5_4_602_4_701_02.webp","d:\AMD\projects\drywall-toolbox\products\Production\launch\launch_images\quarantine\level5_double_sku_20260528_130653\level5_4_602_4_701_02.webp"
"level5_4_602_4_701_03.webp","D:\AMD\projects\drywall-toolbox\products\Production\launch\launch_images\level5_4_602_4_701_03.webp","d:\AMD\projects\drywall-toolbox\products\Production\launch\launch_images\quarantine\level5_double_sku_20260528_130653\level5_4_602_4_701_03.webp"
"level5_4_602_4_707_01.webp","D:\AMD\projects\drywall-toolbox\products\Production\launch\launch_images\level5_4_602_4_707_01.webp","d:\AMD\projects\drywall-toolbox\products\Production\launch\launch_images\quarantine\level5_double_sku_20260528_130653\level5_4_602_4_707_01.webp"
"level5_4_602_4_707_02.webp","D:\AMD\projects\drywall-toolbox\products\Production\launch\launch_images\level5_4_602_4_707_02.webp","d:\AMD\projects\drywall-toolbox\products\Production\launch\launch_images\quarantine\level5_double_sku_20260528_130653\level5_4_602_4_707_02.webp"
"level5_4_602_4_707_03.webp","D:\AMD\projects\drywall-toolbox\products\Production\launch\launch_images\level5_4_602_4_707_03.webp","d:\AMD\projects\drywall-toolbox\products\Production\launch\launch_images\quarantine\level5_double_sku_20260528_130653\level5_4_602_4_707_03.webp"
"level5_4_602_4_712_01.webp","D:\AMD\projects\drywall-toolbox\products\Production\launch\launch_images\level5_4_602_4_712_01.webp","d:\AMD\projects\drywall-toolbox\products\Production\launch\launch_images\quarantine\level5_double_sku_20260528_130653\level5_4_602_4_712_01.webp"
"level5_4_602_4_733_01.webp","D:\AMD\projects\drywall-toolbox\products\Production\launch\launch_images\level5_4_602_4_733_01.webp","d:\AMD\projects\drywall-toolbox\products\Production\launch\launch_images\quarantine\level5_double_sku_20260528_130653\level5_4_602_4_733_01.webp"
"level5_4_602_4_733_02.webp","D:\AMD\projects\drywall-toolbox\products\Production\launch\launch_images\level5_4_602_4_733_02.webp","d:\AMD\projects\drywall-toolbox\products\Production\launch\launch_images\quarantine\level5_double_sku_20260528_130653\level5_4_602_4_733_02.webp"
"level5_4_602_4_733_03.webp","D:\AMD\projects\drywall-toolbox\products\Production\launch\launch_images\level5_4_602_4_733_03.webp","d:\AMD\projects\drywall-toolbox\products\Production\launch\launch_images\quarantine\level5_double_sku_20260528_130653\level5_4_602_4_733_03.webp"
"level5_4_602_4_765_01.webp","D:\AMD\projects\drywall-toolbox\products\Production\launch\launch_images\level5_4_602_4_765_01.webp","d:\AMD\projects\drywall-toolbox\products\Production\launch\launch_images\quarantine\level5_double_sku_20260528_130653\level5_4_602_4_765_01.webp"
"level5_4_602_4_766_01.webp","D:\AMD\projects\drywall-toolbox\products\Production\launch\launch_images\level5_4_602_4_766_01.webp","d:\AMD\projects\drywall-toolbox\products\Production\launch\launch_images\quarantine\level5_double_sku_20260528_130653\level5_4_602_4_766_01.webp"
"level5_4_602_4_771_01.webp","D:\AMD\projects\drywall-toolbox\products\Production\launch\launch_images\level5_4_602_4_771_01.webp","d:\AMD\projects\drywall-toolbox\products\Production\launch\launch_images\quarantine\level5_double_sku_20260528_130653\level5_4_602_4_771_01.webp"
"level5_4_602_4_771_02.webp","D:\AMD\projects\drywall-toolbox\products\Production\launch\launch_images\level5_4_602_4_771_02.webp","d:\AMD\projects\drywall-toolbox\products\Production\launch\launch_images\quarantine\level5_double_sku_20260528_130653\level5_4_602_4_771_02.webp"
"level5_4_602_4_771_03.webp","D:\AMD\projects\drywall-toolbox\products\Production\launch\launch_images\level5_4_602_4_771_03.webp","d:\AMD\projects\drywall-toolbox\products\Production\launch\launch_images\quarantine\level5_double_sku_20260528_130653\level5_4_602_4_771_03.webp"
"level5_4_602_4_771_04.webp","D:\AMD\projects\drywall-toolbox\products\Production\launch\launch_images\level5_4_602_4_771_04.webp","d:\AMD\projects\drywall-toolbox\products\Production\launch\launch_images\quarantine\level5_double_sku_20260528_130653\level5_4_602_4_771_04.webp"
"level5_4_602_4_777_01.webp","D:\AMD\projects\drywall-toolbox\products\Production\launch\launch_images\level5_4_602_4_777_01.webp","d:\AMD\projects\drywall-toolbox\products\Production\launch\launch_images\quarantine\level5_double_sku_20260528_130653\level5_4_602_4_777_01.webp"
"level5_4_602_4_778_01.webp","D:\AMD\projects\drywall-toolbox\products\Production\launch\launch_images\level5_4_602_4_778_01.webp","d:\AMD\projects\drywall-toolbox\products\Production\launch\launch_images\quarantine\level5_double_sku_20260528_130653\level5_4_602_4_778_01.webp"
"level5_4_602_4_779_01.webp","D:\AMD\projects\drywall-toolbox\products\Production\launch\launch_images\level5_4_602_4_779_01.webp","d:\AMD\projects\drywall-toolbox\products\Production\launch\launch_images\quarantine\level5_double_sku_20260528_130653\level5_4_602_4_779_01.webp"
"level5_4_605_4_765_01.webp","D:\AMD\projects\drywall-toolbox\products\Production\launch\launch_images\level5_4_605_4_765_01.webp","d:\AMD\projects\drywall-toolbox\products\Production\launch\launch_images\quarantine\level5_double_sku_20260528_130653\level5_4_605_4_765_01.webp"
"level5_4_605_4_766_01.webp","D:\AMD\projects\drywall-toolbox\products\Production\launch\launch_images\level5_4_605_4_766_01.webp","d:\AMD\projects\drywall-toolbox\products\Production\launch\launch_images\quarantine\level5_double_sku_20260528_130653\level5_4_605_4_766_01.webp"
"level5_4_605_4_771_01.webp","D:\AMD\projects\drywall-toolbox\products\Production\launch\launch_images\level5_4_605_4_771_01.webp","d:\AMD\projects\drywall-toolbox\products\Production\launch\launch_images\quarantine\level5_double_sku_20260528_130653\level5_4_605_4_771_01.webp"
"level5_4_605_4_771_02.webp","D:\AMD\projects\drywall-toolbox\products\Production\launch\launch_images\level5_4_605_4_771_02.webp","d:\AMD\projects\drywall-toolbox\products\Production\launch\launch_images\quarantine\level5_double_sku_20260528_130653\level5_4_605_4_771_02.webp"
"level5_4_605_4_771_03.webp","D:\AMD\projects\drywall-toolbox\products\Production\launch\launch_images\level5_4_605_4_771_03.webp","d:\AMD\projects\drywall-toolbox\products\Production\launch\launch_images\quarantine\level5_double_sku_20260528_130653\level5_4_605_4_771_03.webp"
"level5_4_605_4_771_04.webp","D:\AMD\projects\drywall-toolbox\products\Production\launch\launch_images\level5_4_605_4_771_04.webp","d:\AMD\projects\drywall-toolbox\products\Production\launch\launch_images\quarantine\level5_double_sku_20260528_130653\level5_4_605_4_771_04.webp"
"level5_4_605_4_780_01.webp","D:\AMD\projects\drywall-toolbox\products\Production\launch\launch_images\level5_4_605_4_780_01.webp","d:\AMD\projects\drywall-toolbox\products\Production\launch\launch_images\quarantine\level5_double_sku_20260528_130653\level5_4_605_4_780_01.webp"
"level5_4_629_4_768_01.webp","D:\AMD\projects\drywall-toolbox\products\Production\launch\launch_images\level5_4_629_4_768_01.webp","d:\AMD\projects\drywall-toolbox\products\Production\launch\launch_images\quarantine\level5_double_sku_20260528_130653\level5_4_629_4_768_01.webp"
"level5_4_629_4_768_02.webp","D:\AMD\projects\drywall-toolbox\products\Production\launch\launch_images\level5_4_629_4_768_02.webp","d:\AMD\projects\drywall-toolbox\products\Production\launch\launch_images\quarantine\level5_double_sku_20260528_130653\level5_4_629_4_768_02.webp"
"level5_4_629_4_768_03.webp","D:\AMD\projects\drywall-toolbox\products\Production\launch\launch_images\level5_4_629_4_768_03.webp","d:\AMD\projects\drywall-toolbox\products\Production\launch\launch_images\quarantine\level5_double_sku_20260528_130653\level5_4_629_4_768_03.webp"
"level5_4_629_4_769_01.webp","D:\AMD\projects\drywall-toolbox\products\Production\launch\launch_images\level5_4_629_4_769_01.webp","d:\AMD\projects\drywall-toolbox\products\Production\launch\launch_images\quarantine\level5_double_sku_20260528_130653\level5_4_629_4_769_01.webp"
"level5_4_629_4_769_02.webp","D:\AMD\projects\drywall-toolbox\products\Production\launch\launch_images\level5_4_629_4_769_02.webp","d:\AMD\projects\drywall-toolbox\products\Production\launch\launch_images\quarantine\level5_double_sku_20260528_130653\level5_4_629_4_769_02.webp"
"level5_4_629_4_769_03.webp","D:\AMD\projects\drywall-toolbox\products\Production\launch\launch_images\level5_4_629_4_769_03.webp","d:\AMD\projects\drywall-toolbox\products\Production\launch\launch_images\quarantine\level5_double_sku_20260528_130653\level5_4_629_4_769_03.webp"
"level5_4_629_4_771_01.webp","D:\AMD\projects\drywall-toolbox\products\Production\launch\launch_images\level5_4_629_4_771_01.webp","d:\AMD\projects\drywall-toolbox\products\Production\launch\launch_images\quarantine\level5_double_sku_20260528_130653\level5_4_629_4_771_01.webp"
"level5_4_629_4_771_02.webp","D:\AMD\projects\drywall-toolbox\products\Production\launch\launch_images\level5_4_629_4_771_02.webp","d:\AMD\projects\drywall-toolbox\products\Production\launch\launch_images\quarantine\level5_double_sku_20260528_130653\level5_4_629_4_771_02.webp"
"level5_4_629_4_771_03.webp","D:\AMD\projects\drywall-toolbox\products\Production\launch\launch_images\level5_4_629_4_771_03.webp","d:\AMD\projects\drywall-toolbox\products\Production\launch\launch_images\quarantine\level5_double_sku_20260528_130653\level5_4_629_4_771_03.webp"
"level5_4_629_4_771_04.webp","D:\AMD\projects\drywall-toolbox\products\Production\launch\launch_images\level5_4_629_4_771_04.webp","d:\AMD\projects\drywall-toolbox\products\Production\launch\launch_images\quarantine\level5_double_sku_20260528_130653\level5_4_629_4_771_04.webp"
"level5_4_629_4_780_01.webp","D:\AMD\projects\drywall-toolbox\products\Production\launch\launch_images\level5_4_629_4_780_01.webp","d:\AMD\projects\drywall-toolbox\products\Production\launch\launch_images\quarantine\level5_double_sku_20260528_130653\level5_4_629_4_780_01.webp"
"level5_4_630_4_707_01.webp","D:\AMD\projects\drywall-toolbox\products\Production\launch\launch_images\level5_4_630_4_707_01.webp","d:\AMD\projects\drywall-toolbox\products\Production\launch\launch_images\quarantine\level5_double_sku_20260528_130653\level5_4_630_4_707_01.webp"
"level5_4_630_4_707_02.webp","D:\AMD\projects\drywall-toolbox\products\Production\launch\launch_images\level5_4_630_4_707_02.webp","d:\AMD\projects\drywall-toolbox\products\Production\launch\launch_images\quarantine\level5_double_sku_20260528_130653\level5_4_630_4_707_02.webp"
"level5_4_630_4_707_03.webp","D:\AMD\projects\drywall-toolbox\products\Production\launch\launch_images\level5_4_630_4_707_03.webp","d:\AMD\projects\drywall-toolbox\products\Production\launch\launch_images\quarantine\level5_double_sku_20260528_130653\level5_4_630_4_707_03.webp"
"level5_4_630_4_714_01.webp","D:\AMD\projects\drywall-toolbox\products\Production\launch\launch_images\level5_4_630_4_714_01.webp","d:\AMD\projects\drywall-toolbox\products\Production\launch\launch_images\quarantine\level5_double_sku_20260528_130653\level5_4_630_4_714_01.webp"
"level5_4_630_4_714_02.webp","D:\AMD\projects\drywall-toolbox\products\Production\launch\launch_images\level5_4_630_4_714_02.webp","d:\AMD\projects\drywall-toolbox\products\Production\launch\launch_images\quarantine\level5_double_sku_20260528_130653\level5_4_630_4_714_02.webp"
"level5_4_630_4_760_01.webp","D:\AMD\projects\drywall-toolbox\products\Production\launch\launch_images\level5_4_630_4_760_01.webp","d:\AMD\projects\drywall-toolbox\products\Production\launch\launch_images\quarantine\level5_double_sku_20260528_130653\level5_4_630_4_760_01.webp"
"level5_4_630_4_760_02.webp","D:\AMD\projects\drywall-toolbox\products\Production\launch\launch_images\level5_4_630_4_760_02.webp","d:\AMD\projects\drywall-toolbox\products\Production\launch\launch_images\quarantine\level5_double_sku_20260528_130653\level5_4_630_4_760_02.webp"
"level5_4_630_4_760_03.webp","D:\AMD\projects\drywall-toolbox\products\Production\launch\launch_images\level5_4_630_4_760_03.webp","d:\AMD\projects\drywall-toolbox\products\Production\launch\launch_images\quarantine\level5_double_sku_20260528_130653\level5_4_630_4_760_03.webp"
"level5_4_630_4_760_04.webp","D:\AMD\projects\drywall-toolbox\products\Production\launch\launch_images\level5_4_630_4_760_04.webp","d:\AMD\projects\drywall-toolbox\products\Production\launch\launch_images\quarantine\level5_double_sku_20260528_130653\level5_4_630_4_760_04.webp"
"level5_4_630_4_760_05.webp","D:\AMD\projects\drywall-toolbox\products\Production\launch\launch_images\level5_4_630_4_760_05.webp","d:\AMD\projects\drywall-toolbox\products\Production\launch\launch_images\quarantine\level5_double_sku_20260528_130653\level5_4_630_4_760_05.webp"
"level5_4_630_4_760_06.webp","D:\AMD\projects\drywall-toolbox\products\Production\launch\launch_images\level5_4_630_4_760_06.webp","d:\AMD\projects\drywall-toolbox\products\Production\launch\launch_images\quarantine\level5_double_sku_20260528_130653\level5_4_630_4_760_06.webp"
"level5_4_630_4_760_07.webp","D:\AMD\projects\drywall-toolbox\products\Production\launch\launch_images\level5_4_630_4_760_07.webp","d:\AMD\projects\drywall-toolbox\products\Production\launch\launch_images\quarantine\level5_double_sku_20260528_130653\level5_4_630_4_760_07.webp"
"level5_4_630_4_760_08.webp","D:\AMD\projects\drywall-toolbox\products\Production\launch\launch_images\level5_4_630_4_760_08.webp","d:\AMD\projects\drywall-toolbox\products\Production\launch\launch_images\quarantine\level5_double_sku_20260528_130653\level5_4_630_4_760_08.webp"
"level5_4_630_4_760_09.webp","D:\AMD\projects\drywall-toolbox\products\Production\launch\launch_images\level5_4_630_4_760_09.webp","d:\AMD\projects\drywall-toolbox\products\Production\launch\launch_images\quarantine\level5_double_sku_20260528_130653\level5_4_630_4_760_09.webp"
"level5_4_630_4_771_01.webp","D:\AMD\projects\drywall-toolbox\products\Production\launch\launch_images\level5_4_630_4_771_01.webp","d:\AMD\projects\drywall-toolbox\products\Production\launch\launch_images\quarantine\level5_double_sku_20260528_130653\level5_4_630_4_771_01.webp"
"level5_4_630_4_771_02.webp","D:\AMD\projects\drywall-toolbox\products\Production\launch\launch_images\level5_4_630_4_771_02.webp","d:\AMD\projects\drywall-toolbox\products\Production\launch\launch_images\quarantine\level5_double_sku_20260528_130653\level5_4_630_4_771_02.webp"
"level5_4_630_4_771_03.webp","D:\AMD\projects\drywall-toolbox\products\Production\launch\launch_images\level5_4_630_4_771_03.webp","d:\AMD\projects\drywall-toolbox\products\Production\launch\launch_images\quarantine\level5_double_sku_20260528_130653\level5_4_630_4_771_03.webp"
"level5_4_630_4_771_04.webp","D:\AMD\projects\drywall-toolbox\products\Production\launch\launch_images\level5_4_630_4_771_04.webp","d:\AMD\projects\drywall-toolbox\products\Production\launch\launch_images\quarantine\level5_double_sku_20260528_130653\level5_4_630_4_771_04.webp"
"level5_4_630_4_777_01.webp","D:\AMD\projects\drywall-toolbox\products\Production\launch\launch_images\level5_4_630_4_777_01.webp","d:\AMD\projects\drywall-toolbox\products\Production\launch\launch_images\quarantine\level5_double_sku_20260528_130653\level5_4_630_4_777_01.webp"
"level5_4_650_4_712_01.webp","D:\AMD\projects\drywall-toolbox\products\Production\launch\launch_images\level5_4_650_4_712_01.webp","d:\AMD\projects\drywall-toolbox\products\Production\launch\launch_images\quarantine\level5_double_sku_20260528_130653\level5_4_650_4_712_01.webp"
"level5_4_661p_4_707_01.webp","D:\AMD\projects\drywall-toolbox\products\Production\launch\launch_images\level5_4_661p_4_707_01.webp","d:\AMD\projects\drywall-toolbox\products\Production\launch\launch_images\quarantine\level5_double_sku_20260528_130653\level5_4_661p_4_707_01.webp"
"level5_4_661p_4_707_02.webp","D:\AMD\projects\drywall-toolbox\products\Production\launch\launch_images\level5_4_661p_4_707_02.webp","d:\AMD\projects\drywall-toolbox\products\Production\launch\launch_images\quarantine\level5_double_sku_20260528_130653\level5_4_661p_4_707_02.webp"
"level5_4_661p_4_707_03.webp","D:\AMD\projects\drywall-toolbox\products\Production\launch\launch_images\level5_4_661p_4_707_03.webp","d:\AMD\projects\drywall-toolbox\products\Production\launch\launch_images\quarantine\level5_double_sku_20260528_130653\level5_4_661p_4_707_03.webp"
"level5_4_661p_4_714_01.webp","D:\AMD\projects\drywall-toolbox\products\Production\launch\launch_images\level5_4_661p_4_714_01.webp","d:\AMD\projects\drywall-toolbox\products\Production\launch\launch_images\quarantine\level5_double_sku_20260528_130653\level5_4_661p_4_714_01.webp"
"level5_4_661p_4_714_02.webp","D:\AMD\projects\drywall-toolbox\products\Production\launch\launch_images\level5_4_661p_4_714_02.webp","d:\AMD\projects\drywall-toolbox\products\Production\launch\launch_images\quarantine\level5_double_sku_20260528_130653\level5_4_661p_4_714_02.webp"
"level5_4_661p_4_733_01.webp","D:\AMD\projects\drywall-toolbox\products\Production\launch\launch_images\level5_4_661p_4_733_01.webp","d:\AMD\projects\drywall-toolbox\products\Production\launch\launch_images\quarantine\level5_double_sku_20260528_130653\level5_4_661p_4_733_01.webp"
"level5_4_661p_4_733_02.webp","D:\AMD\projects\drywall-toolbox\products\Production\launch\launch_images\level5_4_661p_4_733_02.webp","d:\AMD\projects\drywall-toolbox\products\Production\launch\launch_images\quarantine\level5_double_sku_20260528_130653\level5_4_661p_4_733_02.webp"
"level5_4_661p_4_733_03.webp","D:\AMD\projects\drywall-toolbox\products\Production\launch\launch_images\level5_4_661p_4_733_03.webp","d:\AMD\projects\drywall-toolbox\products\Production\launch\launch_images\quarantine\level5_double_sku_20260528_130653\level5_4_661p_4_733_03.webp"
"level5_4_661p_4_760_01.webp","D:\AMD\projects\drywall-toolbox\products\Production\launch\launch_images\level5_4_661p_4_760_01.webp","d:\AMD\projects\drywall-toolbox\products\Production\launch\launch_images\quarantine\level5_double_sku_20260528_130653\level5_4_661p_4_760_01.webp"
"level5_4_661p_4_760_02.webp","D:\AMD\projects\drywall-toolbox\products\Production\launch\launch_images\level5_4_661p_4_760_02.webp","d:\AMD\projects\drywall-toolbox\products\Production\launch\launch_images\quarantine\level5_double_sku_20260528_130653\level5_4_661p_4_760_02.webp"
"level5_4_661p_4_760_03.webp","D:\AMD\projects\drywall-toolbox\products\Production\launch\launch_images\level5_4_661p_4_760_03.webp","d:\AMD\projects\drywall-toolbox\products\Production\launch\launch_images\quarantine\level5_double_sku_20260528_130653\level5_4_661p_4_760_03.webp"
"level5_4_661p_4_760_04.webp","D:\AMD\projects\drywall-toolbox\products\Production\launch\launch_images\level5_4_661p_4_760_04.webp","d:\AMD\projects\drywall-toolbox\products\Production\launch\launch_images\quarantine\level5_double_sku_20260528_130653\level5_4_661p_4_760_04.webp"
"level5_4_661p_4_760_05.webp","D:\AMD\projects\drywall-toolbox\products\Production\launch\launch_images\level5_4_661p_4_760_05.webp","d:\AMD\projects\drywall-toolbox\products\Production\launch\launch_images\quarantine\level5_double_sku_20260528_130653\level5_4_661p_4_760_05.webp"
"level5_4_661p_4_760_06.webp","D:\AMD\projects\drywall-toolbox\products\Production\launch\launch_images\level5_4_661p_4_760_06.webp","d:\AMD\projects\drywall-toolbox\products\Production\launch\launch_images\quarantine\level5_double_sku_20260528_130653\level5_4_661p_4_760_06.webp"
"level5_4_661p_4_760_07.webp","D:\AMD\projects\drywall-toolbox\products\Production\launch\launch_images\level5_4_661p_4_760_07.webp","d:\AMD\projects\drywall-toolbox\products\Production\launch\launch_images\quarantine\level5_double_sku_20260528_130653\level5_4_661p_4_760_07.webp"
"level5_4_661p_4_760_08.webp","D:\AMD\projects\drywall-toolbox\products\Production\launch\launch_images\level5_4_661p_4_760_08.webp","d:\AMD\projects\drywall-toolbox\products\Production\launch\launch_images\quarantine\level5_double_sku_20260528_130653\level5_4_661p_4_760_08.webp"
"level5_4_661p_4_760_09.webp","D:\AMD\projects\drywall-toolbox\products\Production\launch\launch_images\level5_4_661p_4_760_09.webp","d:\AMD\projects\drywall-toolbox\products\Production\launch\launch_images\quarantine\level5_double_sku_20260528_130653\level5_4_661p_4_760_09.webp"
"level5_4_661p_4_765_01.webp","D:\AMD\projects\drywall-toolbox\products\Production\launch\launch_images\level5_4_661p_4_765_01.webp","d:\AMD\projects\drywall-toolbox\products\Production\launch\launch_images\quarantine\level5_double_sku_20260528_130653\level5_4_661p_4_765_01.webp"
"level5_4_661p_4_766_01.webp","D:\AMD\projects\drywall-toolbox\products\Production\launch\launch_images\level5_4_661p_4_766_01.webp","d:\AMD\projects\drywall-toolbox\products\Production\launch\launch_images\quarantine\level5_double_sku_20260528_130653\level5_4_661p_4_766_01.webp"
"level5_4_661p_4_771_01.webp","D:\AMD\projects\drywall-toolbox\products\Production\launch\launch_images\level5_4_661p_4_771_01.webp","d:\AMD\projects\drywall-toolbox\products\Production\launch\launch_images\quarantine\level5_double_sku_20260528_130653\level5_4_661p_4_771_01.webp"
"level5_4_661p_4_780_01.webp","D:\AMD\projects\drywall-toolbox\products\Production\launch\launch_images\level5_4_661p_4_780_01.webp","d:\AMD\projects\drywall-toolbox\products\Production\launch\launch_images\quarantine\level5_double_sku_20260528_130653\level5_4_661p_4_780_01.webp"
"level5_4_661p_4_792_01.webp","D:\AMD\projects\drywall-toolbox\products\Production\launch\launch_images\level5_4_661p_4_792_01.webp","d:\AMD\projects\drywall-toolbox\products\Production\launch\launch_images\quarantine\level5_double_sku_20260528_130653\level5_4_661p_4_792_01.webp"
"level5_4_661p_4_795_01.webp","D:\AMD\projects\drywall-toolbox\products\Production\launch\launch_images\level5_4_661p_4_795_01.webp","d:\AMD\projects\drywall-toolbox\products\Production\launch\launch_images\quarantine\level5_double_sku_20260528_130653\level5_4_661p_4_795_01.webp"
"level5_4_677p_4_707_01.webp","D:\AMD\projects\drywall-toolbox\products\Production\launch\launch_images\level5_4_677p_4_707_01.webp","d:\AMD\projects\drywall-toolbox\products\Production\launch\launch_images\quarantine\level5_double_sku_20260528_130653\level5_4_677p_4_707_01.webp"
"level5_4_677p_4_707_02.webp","D:\AMD\projects\drywall-toolbox\products\Production\launch\launch_images\level5_4_677p_4_707_02.webp","d:\AMD\projects\drywall-toolbox\products\Production\launch\launch_images\quarantine\level5_double_sku_20260528_130653\level5_4_677p_4_707_02.webp"
"level5_4_677p_4_707_03.webp","D:\AMD\projects\drywall-toolbox\products\Production\launch\launch_images\level5_4_677p_4_707_03.webp","d:\AMD\projects\drywall-toolbox\products\Production\launch\launch_images\quarantine\level5_double_sku_20260528_130653\level5_4_677p_4_707_03.webp"
"level5_4_677p_4_712_01.webp","D:\AMD\projects\drywall-toolbox\products\Production\launch\launch_images\level5_4_677p_4_712_01.webp","d:\AMD\projects\drywall-toolbox\products\Production\launch\launch_images\quarantine\level5_double_sku_20260528_130653\level5_4_677p_4_712_01.webp"
"level5_4_677p_4_714_01.webp","D:\AMD\projects\drywall-toolbox\products\Production\launch\launch_images\level5_4_677p_4_714_01.webp","d:\AMD\projects\drywall-toolbox\products\Production\launch\launch_images\quarantine\level5_double_sku_20260528_130653\level5_4_677p_4_714_01.webp"
"level5_4_677p_4_714_02.webp","D:\AMD\projects\drywall-toolbox\products\Production\launch\launch_images\level5_4_677p_4_714_02.webp","d:\AMD\projects\drywall-toolbox\products\Production\launch\launch_images\quarantine\level5_double_sku_20260528_130653\level5_4_677p_4_714_02.webp"
"level5_4_677p_4_733_01.webp","D:\AMD\projects\drywall-toolbox\products\Production\launch\launch_images\level5_4_677p_4_733_01.webp","d:\AMD\projects\drywall-toolbox\products\Production\launch\launch_images\quarantine\level5_double_sku_20260528_130653\level5_4_677p_4_733_01.webp"
"level5_4_677p_4_733_02.webp","D:\AMD\projects\drywall-toolbox\products\Production\launch\launch_images\level5_4_677p_4_733_02.webp","d:\AMD\projects\drywall-toolbox\products\Production\launch\launch_images\quarantine\level5_double_sku_20260528_130653\level5_4_677p_4_733_02.webp"
"level5_4_677p_4_733_03.webp","D:\AMD\projects\drywall-toolbox\products\Production\launch\launch_images\level5_4_677p_4_733_03.webp","d:\AMD\projects\drywall-toolbox\products\Production\launch\launch_images\quarantine\level5_double_sku_20260528_130653\level5_4_677p_4_733_03.webp"
"level5_4_677p_4_734_01.webp","D:\AMD\projects\drywall-toolbox\products\Production\launch\launch_images\level5_4_677p_4_734_01.webp","d:\AMD\projects\drywall-toolbox\products\Production\launch\launch_images\quarantine\level5_double_sku_20260528_130653\level5_4_677p_4_734_01.webp"
"level5_4_677p_4_734_02.webp","D:\AMD\projects\drywall-toolbox\products\Production\launch\launch_images\level5_4_677p_4_734_02.webp","d:\AMD\projects\drywall-toolbox\products\Production\launch\launch_images\quarantine\level5_double_sku_20260528_130653\level5_4_677p_4_734_02.webp"
"level5_4_677p_4_734_03.webp","D:\AMD\projects\drywall-toolbox\products\Production\launch\launch_images\level5_4_677p_4_734_03.webp","d:\AMD\projects\drywall-toolbox\products\Production\launch\launch_images\quarantine\level5_double_sku_20260528_130653\level5_4_677p_4_734_03.webp"
"level5_4_677p_4_755_01.webp","D:\AMD\projects\drywall-toolbox\products\Production\launch\launch_images\level5_4_677p_4_755_01.webp","d:\AMD\projects\drywall-toolbox\products\Production\launch\launch_images\quarantine\level5_double_sku_20260528_130653\level5_4_677p_4_755_01.webp"
"level5_4_677p_4_755_03.webp","D:\AMD\projects\drywall-toolbox\products\Production\launch\launch_images\level5_4_677p_4_755_03.webp","d:\AMD\projects\drywall-toolbox\products\Production\launch\launch_images\quarantine\level5_double_sku_20260528_130653\level5_4_677p_4_755_03.webp"
"level5_4_677p_4_760_01.webp","D:\AMD\projects\drywall-toolbox\products\Production\launch\launch_images\level5_4_677p_4_760_01.webp","d:\AMD\projects\drywall-toolbox\products\Production\launch\launch_images\quarantine\level5_double_sku_20260528_130653\level5_4_677p_4_760_01.webp"
"level5_4_677p_4_760_02.webp","D:\AMD\projects\drywall-toolbox\products\Production\launch\launch_images\level5_4_677p_4_760_02.webp","d:\AMD\projects\drywall-toolbox\products\Production\launch\launch_images\quarantine\level5_double_sku_20260528_130653\level5_4_677p_4_760_02.webp"
"level5_4_677p_4_760_03.webp","D:\AMD\projects\drywall-toolbox\products\Production\launch\launch_images\level5_4_677p_4_760_03.webp","d:\AMD\projects\drywall-toolbox\products\Production\launch\launch_images\quarantine\level5_double_sku_20260528_130653\level5_4_677p_4_760_03.webp"
"level5_4_677p_4_760_04.webp","D:\AMD\projects\drywall-toolbox\products\Production\launch\launch_images\level5_4_677p_4_760_04.webp","d:\AMD\projects\drywall-toolbox\products\Production\launch\launch_images\quarantine\level5_double_sku_20260528_130653\level5_4_677p_4_760_04.webp"
"level5_4_677p_4_760_05.webp","D:\AMD\projects\drywall-toolbox\products\Production\launch\launch_images\level5_4_677p_4_760_05.webp","d:\AMD\projects\drywall-toolbox\products\Production\launch\launch_images\quarantine\level5_double_sku_20260528_130653\level5_4_677p_4_760_05.webp"
"level5_4_677p_4_760_06.webp","D:\AMD\projects\drywall-toolbox\products\Production\launch\launch_images\level5_4_677p_4_760_06.webp","d:\AMD\projects\drywall-toolbox\products\Production\launch\launch_images\quarantine\level5_double_sku_20260528_130653\level5_4_677p_4_760_06.webp"
"level5_4_677p_4_760_07.webp","D:\AMD\projects\drywall-toolbox\products\Production\launch\launch_images\level5_4_677p_4_760_07.webp","d:\AMD\projects\drywall-toolbox\products\Production\launch\launch_images\quarantine\level5_double_sku_20260528_130653\level5_4_677p_4_760_07.webp"
"level5_4_677p_4_760_08.webp","D:\AMD\projects\drywall-toolbox\products\Production\launch\launch_images\level5_4_677p_4_760_08.webp","d:\AMD\projects\drywall-toolbox\products\Production\launch\launch_images\quarantine\level5_double_sku_20260528_130653\level5_4_677p_4_760_08.webp"
"level5_4_677p_4_760_09.webp","D:\AMD\projects\drywall-toolbox\products\Production\launch\launch_images\level5_4_677p_4_760_09.webp","d:\AMD\projects\drywall-toolbox\products\Production\launch\launch_images\quarantine\level5_double_sku_20260528_130653\level5_4_677p_4_760_09.webp"
"level5_4_677p_4_764_01.webp","D:\AMD\projects\drywall-toolbox\products\Production\launch\launch_images\level5_4_677p_4_764_01.webp","d:\AMD\projects\drywall-toolbox\products\Production\launch\launch_images\quarantine\level5_double_sku_20260528_130653\level5_4_677p_4_764_01.webp"
"level5_4_677p_4_764_02.webp","D:\AMD\projects\drywall-toolbox\products\Production\launch\launch_images\level5_4_677p_4_764_02.webp","d:\AMD\projects\drywall-toolbox\products\Production\launch\launch_images\quarantine\level5_double_sku_20260528_130653\level5_4_677p_4_764_02.webp"
"level5_4_677p_4_764_03.webp","D:\AMD\projects\drywall-toolbox\products\Production\launch\launch_images\level5_4_677p_4_764_03.webp","d:\AMD\projects\drywall-toolbox\products\Production\launch\launch_images\quarantine\level5_double_sku_20260528_130653\level5_4_677p_4_764_03.webp"
"level5_4_677p_4_765_01.webp","D:\AMD\projects\drywall-toolbox\products\Production\launch\launch_images\level5_4_677p_4_765_01.webp","d:\AMD\projects\drywall-toolbox\products\Production\launch\launch_images\quarantine\level5_double_sku_20260528_130653\level5_4_677p_4_765_01.webp"
"level5_4_677p_4_766_01.webp","D:\AMD\projects\drywall-toolbox\products\Production\launch\launch_images\level5_4_677p_4_766_01.webp","d:\AMD\projects\drywall-toolbox\products\Production\launch\launch_images\quarantine\level5_double_sku_20260528_130653\level5_4_677p_4_766_01.webp"
"level5_4_677p_4_771_01.webp","D:\AMD\projects\drywall-toolbox\products\Production\launch\launch_images\level5_4_677p_4_771_01.webp","d:\AMD\projects\drywall-toolbox\products\Production\launch\launch_images\quarantine\level5_double_sku_20260528_130653\level5_4_677p_4_771_01.webp"
"level5_4_677p_4_792_01.webp","D:\AMD\projects\drywall-toolbox\products\Production\launch\launch_images\level5_4_677p_4_792_01.webp","d:\AMD\projects\drywall-toolbox\products\Production\launch\launch_images\quarantine\level5_double_sku_20260528_130653\level5_4_677p_4_792_01.webp"
"level5_4_677p_4_795_01.webp","D:\AMD\projects\drywall-toolbox\products\Production\launch\launch_images\level5_4_677p_4_795_01.webp","d:\AMD\projects\drywall-toolbox\products\Production\launch\launch_images\quarantine\level5_double_sku_20260528_130653\level5_4_677p_4_795_01.webp"
"level5_4_677p_4_862_01.webp","D:\AMD\projects\drywall-toolbox\products\Production\launch\launch_images\level5_4_677p_4_862_01.webp","d:\AMD\projects\drywall-toolbox\products\Production\launch\launch_images\quarantine\level5_double_sku_20260528_130653\level5_4_677p_4_862_01.webp"
"level5_4_677p_4_862_02.webp","D:\AMD\projects\drywall-toolbox\products\Production\launch\launch_images\level5_4_677p_4_862_02.webp","d:\AMD\projects\drywall-toolbox\products\Production\launch\launch_images\quarantine\level5_double_sku_20260528_130653\level5_4_677p_4_862_02.webp"
"level5_4_677p_4_862_03.webp","D:\AMD\projects\drywall-toolbox\products\Production\launch\launch_images\level5_4_677p_4_862_03.webp","d:\AMD\projects\drywall-toolbox\products\Production\launch\launch_images\quarantine\level5_double_sku_20260528_130653\level5_4_677p_4_862_03.webp"
"level5_4_687p_4_623_01.webp","D:\AMD\projects\drywall-toolbox\products\Production\launch\launch_images\level5_4_687p_4_623_01.webp","d:\AMD\projects\drywall-toolbox\products\Production\launch\launch_images\quarantine\level5_double_sku_20260528_130653\level5_4_687p_4_623_01.webp"
"level5_4_687p_4_707_01.webp","D:\AMD\projects\drywall-toolbox\products\Production\launch\launch_images\level5_4_687p_4_707_01.webp","d:\AMD\projects\drywall-toolbox\products\Production\launch\launch_images\quarantine\level5_double_sku_20260528_130653\level5_4_687p_4_707_01.webp"
"level5_4_687p_4_707_02.webp","D:\AMD\projects\drywall-toolbox\products\Production\launch\launch_images\level5_4_687p_4_707_02.webp","d:\AMD\projects\drywall-toolbox\products\Production\launch\launch_images\quarantine\level5_double_sku_20260528_130653\level5_4_687p_4_707_02.webp"
"level5_4_687p_4_707_03.webp","D:\AMD\projects\drywall-toolbox\products\Production\launch\launch_images\level5_4_687p_4_707_03.webp","d:\AMD\projects\drywall-toolbox\products\Production\launch\launch_images\quarantine\level5_double_sku_20260528_130653\level5_4_687p_4_707_03.webp"
"level5_4_687p_4_733_01.webp","D:\AMD\projects\drywall-toolbox\products\Production\launch\launch_images\level5_4_687p_4_733_01.webp","d:\AMD\projects\drywall-toolbox\products\Production\launch\launch_images\quarantine\level5_double_sku_20260528_130653\level5_4_687p_4_733_01.webp"
"level5_4_687p_4_733_02.webp","D:\AMD\projects\drywall-toolbox\products\Production\launch\launch_images\level5_4_687p_4_733_02.webp","d:\AMD\projects\drywall-toolbox\products\Production\launch\launch_images\quarantine\level5_double_sku_20260528_130653\level5_4_687p_4_733_02.webp"
"level5_4_687p_4_733_03.webp","D:\AMD\projects\drywall-toolbox\products\Production\launch\launch_images\level5_4_687p_4_733_03.webp","d:\AMD\projects\drywall-toolbox\products\Production\launch\launch_images\quarantine\level5_double_sku_20260528_130653\level5_4_687p_4_733_03.webp"
"level5_4_687p_4_734_01.webp","D:\AMD\projects\drywall-toolbox\products\Production\launch\launch_images\level5_4_687p_4_734_01.webp","d:\AMD\projects\drywall-toolbox\products\Production\launch\launch_images\quarantine\level5_double_sku_20260528_130653\level5_4_687p_4_734_01.webp"
"level5_4_687p_4_734_02.webp","D:\AMD\projects\drywall-toolbox\products\Production\launch\launch_images\level5_4_687p_4_734_02.webp","d:\AMD\projects\drywall-toolbox\products\Production\launch\launch_images\quarantine\level5_double_sku_20260528_130653\level5_4_687p_4_734_02.webp"
"level5_4_687p_4_734_03.webp","D:\AMD\projects\drywall-toolbox\products\Production\launch\launch_images\level5_4_687p_4_734_03.webp","d:\AMD\projects\drywall-toolbox\products\Production\launch\launch_images\quarantine\level5_double_sku_20260528_130653\level5_4_687p_4_734_03.webp"
"level5_4_687p_4_768_01.webp","D:\AMD\projects\drywall-toolbox\products\Production\launch\launch_images\level5_4_687p_4_768_01.webp","d:\AMD\projects\drywall-toolbox\products\Production\launch\launch_images\quarantine\level5_double_sku_20260528_130653\level5_4_687p_4_768_01.webp"
"level5_4_687p_4_768_02.webp","D:\AMD\projects\drywall-toolbox\products\Production\launch\launch_images\level5_4_687p_4_768_02.webp","d:\AMD\projects\drywall-toolbox\products\Production\launch\launch_images\quarantine\level5_double_sku_20260528_130653\level5_4_687p_4_768_02.webp"
"level5_4_687p_4_768_03.webp","D:\AMD\projects\drywall-toolbox\products\Production\launch\launch_images\level5_4_687p_4_768_03.webp","d:\AMD\projects\drywall-toolbox\products\Production\launch\launch_images\quarantine\level5_double_sku_20260528_130653\level5_4_687p_4_768_03.webp"
"level5_4_687p_4_769_01.webp","D:\AMD\projects\drywall-toolbox\products\Production\launch\launch_images\level5_4_687p_4_769_01.webp","d:\AMD\projects\drywall-toolbox\products\Production\launch\launch_images\quarantine\level5_double_sku_20260528_130653\level5_4_687p_4_769_01.webp"
"level5_4_687p_4_769_02.webp","D:\AMD\projects\drywall-toolbox\products\Production\launch\launch_images\level5_4_687p_4_769_02.webp","d:\AMD\projects\drywall-toolbox\products\Production\launch\launch_images\quarantine\level5_double_sku_20260528_130653\level5_4_687p_4_769_02.webp"
"level5_4_687p_4_769_03.webp","D:\AMD\projects\drywall-toolbox\products\Production\launch\launch_images\level5_4_687p_4_769_03.webp","d:\AMD\projects\drywall-toolbox\products\Production\launch\launch_images\quarantine\level5_double_sku_20260528_130653\level5_4_687p_4_769_03.webp"
"level5_4_687p_4_771_01.webp","D:\AMD\projects\drywall-toolbox\products\Production\launch\launch_images\level5_4_687p_4_771_01.webp","d:\AMD\projects\drywall-toolbox\products\Production\launch\launch_images\quarantine\level5_double_sku_20260528_130653\level5_4_687p_4_771_01.webp"
"level5_4_687p_4_780_01.webp","D:\AMD\projects\drywall-toolbox\products\Production\launch\launch_images\level5_4_687p_4_780_01.webp","d:\AMD\projects\drywall-toolbox\products\Production\launch\launch_images\quarantine\level5_double_sku_20260528_130653\level5_4_687p_4_780_01.webp"
"level5_4_687p_4_792_01.webp","D:\AMD\projects\drywall-toolbox\products\Production\launch\launch_images\level5_4_687p_4_792_01.webp","d:\AMD\projects\drywall-toolbox\products\Production\launch\launch_images\quarantine\level5_double_sku_20260528_130653\level5_4_687p_4_792_01.webp"
"level5_4_687p_4_795_01.webp","D:\AMD\projects\drywall-toolbox\products\Production\launch\launch_images\level5_4_687p_4_795_01.webp","d:\AMD\projects\drywall-toolbox\products\Production\launch\launch_images\quarantine\level5_double_sku_20260528_130653\level5_4_687p_4_795_01.webp"
