brand,sku,name,source_url,output_file,status,error
LEVEL5,4-701,7” Corner Applicator,https://www.zoro.com/static/cms/product/large/Grainger_4xx701xx1.jpg,d:\AMD\projects\drywall-toolbox\products\Production\launch\launch_images\level5_4_701_01.webp,ok,
LEVEL5,4-701,7” Corner Applicator,https://www.zoro.com/static/cms/product/large/Grainger_4xx701xx2.jpg,d:\AMD\projects\drywall-toolbox\products\Production\launch\launch_images\level5_4_701_02.webp,ok,
LEVEL5,4-701,7” Corner Applicator,https://www.zoro.com/static/cms/product/large/Grainger_4xx701xx3.jpg,d:\AMD\projects\drywall-toolbox\products\Production\launch\launch_images\level5_4_701_03.webp,ok,
LEVEL5,4-702,8” Corner Applicator,https://www.zoro.com/static/cms/product/large/Grainger_4xx702xx1.jpg,d:\AMD\projects\drywall-toolbox\products\Production\launch\launch_images\level5_4_702_01.webp,ok,
LEVEL5,4-702,8” Corner Applicator,https://www.zoro.com/static/cms/product/large/Grainger_4xx702xx2.jpg,d:\AMD\projects\drywall-toolbox\products\Production\launch\launch_images\level5_4_702_02.webp,ok,
LEVEL5,4-702,8” Corner Applicator,https://www.zoro.com/static/cms/product/large/Grainger_4xx702xx3.jpg,d:\AMD\projects\drywall-toolbox\products\Production\launch\launch_images\level5_4_702_03.webp,ok,
LEVEL5,4-732,2.5” Corner Finisher,https://www.zoro.com/static/cms/product/large/Grainger_4xx732xx1.jpg,d:\AMD\projects\drywall-toolbox\products\Production\launch\launch_images\level5_4_732_01.webp,ok,
LEVEL5,4-732,2.5” Corner Finisher,https://www.zoro.com/static/cms/product/large/Grainger_4xx732xx2.jpg,d:\AMD\projects\drywall-toolbox\products\Production\launch\launch_images\level5_4_732_02.webp,ok,
LEVEL5,4-732,2.5” Corner Finisher,https://www.zoro.com/static/cms/product/large/Grainger_4xx732xx3.jpg,d:\AMD\projects\drywall-toolbox\products\Production\launch\launch_images\level5_4_732_03.webp,ok,
LEVEL5,4-733,3” Corner Finisher,https://www.zoro.com/static/cms/product/large/Grainger_4xx733xx1.jpg,d:\AMD\projects\drywall-toolbox\products\Production\launch\launch_images\level5_4_733_01.webp,ok,
LEVEL5,4-733,3” Corner Finisher,https://www.zoro.com/static/cms/product/large/Grainger_4xx733xx2.jpg,d:\AMD\projects\drywall-toolbox\products\Production\launch\launch_images\level5_4_733_02.webp,ok,
LEVEL5,4-733,3” Corner Finisher,https://www.zoro.com/static/cms/product/large/Grainger_4xx733xx3.jpg,d:\AMD\projects\drywall-toolbox\products\Production\launch\launch_images\level5_4_733_03.webp,ok,
LEVEL5,4-734,3.5” Corner Finisher,https://www.zoro.com/static/cms/product/large/Grainger_4xx734xx1.jpg,d:\AMD\projects\drywall-toolbox\products\Production\launch\launch_images\level5_4_734_01.webp,ok,
LEVEL5,4-734,3.5” Corner Finisher,https://www.zoro.com/static/cms/product/large/Grainger_4xx734xx2.jpg,d:\AMD\projects\drywall-toolbox\products\Production\launch\launch_images\level5_4_734_02.webp,ok,
LEVEL5,4-734,3.5” Corner Finisher,https://www.zoro.com/static/cms/product/large/Grainger_4xx734xx3.jpg,d:\AMD\projects\drywall-toolbox\products\Production\launch\launch_images\level5_4_734_03.webp,ok,
LEVEL5,4-735,4” Corner Finisher,https://www.zoro.com/static/cms/product/large/Grainger_4xx735xx1.jpg,d:\AMD\projects\drywall-toolbox\products\Production\launch\launch_images\level5_4_735_01.webp,ok,
LEVEL5,4-735,4” Corner Finisher,https://www.zoro.com/static/cms/product/large/Grainger_4xx735xx2.jpg,d:\AMD\projects\drywall-toolbox\products\Production\launch\launch_images\level5_4_735_02.webp,ok,
LEVEL5,4-735,4” Corner Finisher,https://www.zoro.com/static/cms/product/large/Grainger_4xx735xx3.jpg,d:\AMD\projects\drywall-toolbox\products\Production\launch\launch_images\level5_4_735_03.webp,ok,
LEVEL5,4-743,3” Corner Flusher,https://www.zoro.com/static/cms/product/large/Grainger_4xx743xx1.jpg,d:\AMD\projects\drywall-toolbox\products\Production\launch\launch_images\level5_4_743_01.webp,failed,http_404
LEVEL5,4-743,3” Corner Flusher,https://www.zoro.com/static/cms/product/large/Grainger_4xx743xx2.jpg,d:\AMD\projects\drywall-toolbox\products\Production\launch\launch_images\level5_4_743_02.webp,failed,http_404
LEVEL5,4-743,3” Corner Flusher,https://www.zoro.com/static/cms/product/large/Grainger_4xx743xx3.jpg,d:\AMD\projects\drywall-toolbox\products\Production\launch\launch_images\level5_4_743_03.webp,failed,http_404
LEVEL5,4-744,3.5” Corner Flusher,https://www.zoro.com/static/cms/product/large/Grainger_4xx744xx1.jpg,d:\AMD\projects\drywall-toolbox\products\Production\launch\launch_images\level5_4_744_01.webp,failed,http_404
LEVEL5,4-744,3.5” Corner Flusher,https://www.zoro.com/static/cms/product/large/Grainger_4xx744xx2.jpg,d:\AMD\projects\drywall-toolbox\products\Production\launch\launch_images\level5_4_744_02.webp,failed,http_404
LEVEL5,4-744,3.5” Corner Flusher,https://www.zoro.com/static/cms/product/large/Grainger_4xx744xx3.jpg,d:\AMD\projects\drywall-toolbox\products\Production\launch\launch_images\level5_4_744_03.webp,failed,http_404
LEVEL5,4-794,31”- 50” Ext Handle (Corner Applicator),https://www.zoro.com/static/cms/product/large/Grainger_4xx794xx1.jpg,d:\AMD\projects\drywall-toolbox\products\Production\launch\launch_images\level5_4_794_01.webp,ok,
LEVEL5,4-794,31”- 50” Ext Handle (Corner Applicator),https://www.zoro.com/static/cms/product/large/Grainger_4xx794xx2.jpg,d:\AMD\projects\drywall-toolbox\products\Production\launch\launch_images\level5_4_794_02.webp,failed,http_404
LEVEL5,4-794,31”- 50” Ext Handle (Corner Applicator),https://www.zoro.com/static/cms/product/large/Grainger_4xx794xx3.jpg,d:\AMD\projects\drywall-toolbox\products\Production\launch\launch_images\level5_4_794_03.webp,failed,http_404
LEVEL5,4-798,43”- 72” Ext Handle (Corner Applicator),https://www.zoro.com/static/cms/product/large/Grainger_4xx798xx1.jpg,d:\AMD\projects\drywall-toolbox\products\Production\launch\launch_images\level5_4_798_01.webp,ok,
LEVEL5,4-798,43”- 72” Ext Handle (Corner Applicator),https://www.zoro.com/static/cms/product/large/Grainger_4xx798xx2.jpg,d:\AMD\projects\drywall-toolbox\products\Production\launch\launch_images\level5_4_798_02.webp,failed,http_404
LEVEL5,4-798,43”- 72” Ext Handle (Corner Applicator),https://www.zoro.com/static/cms/product/large/Grainger_4xx798xx3.jpg,d:\AMD\projects\drywall-toolbox\products\Production\launch\launch_images\level5_4_798_03.webp,failed,http_404
LEVEL5,4-795,31”- 50” Ext Handle (Corner Finisher),https://www.zoro.com/static/cms/product/large/Grainger_4xx795xx1.jpg,d:\AMD\projects\drywall-toolbox\products\Production\launch\launch_images\level5_4_795_01.webp,ok,
LEVEL5,4-795,31”- 50” Ext Handle (Corner Finisher),https://www.zoro.com/static/cms/product/large/Grainger_4xx795xx2.jpg,d:\AMD\projects\drywall-toolbox\products\Production\launch\launch_images\level5_4_795_02.webp,failed,http_404
LEVEL5,4-795,31”- 50” Ext Handle (Corner Finisher),https://www.zoro.com/static/cms/product/large/Grainger_4xx795xx3.jpg,d:\AMD\projects\drywall-toolbox\products\Production\launch\launch_images\level5_4_795_03.webp,failed,http_404
LEVEL5,4-799,43”- 72” Ext Handle (Corner Finisher),https://www.zoro.com/static/cms/product/large/Grainger_4xx799xx1.jpg,d:\AMD\projects\drywall-toolbox\products\Production\launch\launch_images\level5_4_799_01.webp,ok,
LEVEL5,4-799,43”- 72” Ext Handle (Corner Finisher),https://www.zoro.com/static/cms/product/large/Grainger_4xx799xx2.jpg,d:\AMD\projects\drywall-toolbox\products\Production\launch\launch_images\level5_4_799_02.webp,failed,http_404
LEVEL5,4-799,43”- 72” Ext Handle (Corner Finisher),https://www.zoro.com/static/cms/product/large/Grainger_4xx799xx3.jpg,d:\AMD\projects\drywall-toolbox\products\Production\launch\launch_images\level5_4_799_03.webp,failed,http_404
LEVEL5,4-759,48” - 78” Ext. Handle,https://www.zoro.com/static/cms/product/large/Grainger_4xx759xx1.jpg,d:\AMD\projects\drywall-toolbox\products\Production\launch\launch_images\level5_4_759_01.webp,ok,
LEVEL5,4-759,48” - 78” Ext. Handle,https://www.zoro.com/static/cms/product/large/Grainger_4xx759xx2.jpg,d:\AMD\projects\drywall-toolbox\products\Production\launch\launch_images\level5_4_759_02.webp,failed,http_404
LEVEL5,4-759,48” - 78” Ext. Handle,https://www.zoro.com/static/cms/product/large/Grainger_4xx759xx3.jpg,d:\AMD\projects\drywall-toolbox\products\Production\launch\launch_images\level5_4_759_03.webp,failed,http_404
LEVEL5,4-780,40” - 62” Ext. Handle,https://www.zoro.com/static/cms/product/large/Grainger_4xx780xx1.jpg,d:\AMD\projects\drywall-toolbox\products\Production\launch\launch_images\level5_4_780_01.webp,ok,
LEVEL5,4-780,40” - 62” Ext. Handle,https://www.zoro.com/static/cms/product/large/Grainger_4xx780xx2.jpg,d:\AMD\projects\drywall-toolbox\products\Production\launch\launch_images\level5_4_780_02.webp,failed,http_404
LEVEL5,4-780,40” - 62” Ext. Handle,https://www.zoro.com/static/cms/product/large/Grainger_4xx780xx3.jpg,d:\AMD\projects\drywall-toolbox\products\Production\launch\launch_images\level5_4_780_03.webp,failed,http_404
LEVEL5,4-781,30” - 42” Ext. Handle,https://www.zoro.com/static/cms/product/large/Grainger_4xx781xx1.jpg,d:\AMD\projects\drywall-toolbox\products\Production\launch\launch_images\level5_4_781_01.webp,ok,
LEVEL5,4-781,30” - 42” Ext. Handle,https://www.zoro.com/static/cms/product/large/Grainger_4xx781xx2.jpg,d:\AMD\projects\drywall-toolbox\products\Production\launch\launch_images\level5_4_781_02.webp,failed,http_404
LEVEL5,4-781,30” - 42” Ext. Handle,https://www.zoro.com/static/cms/product/large/Grainger_4xx781xx3.jpg,d:\AMD\projects\drywall-toolbox\products\Production\launch\launch_images\level5_4_781_03.webp,failed,http_404
LEVEL5,4-782,23” - 32” Ext. Handle,https://www.zoro.com/static/cms/product/large/Grainger_4xx782xx1.jpg,d:\AMD\projects\drywall-toolbox\products\Production\launch\launch_images\level5_4_782_01.webp,ok,
LEVEL5,4-782,23” - 32” Ext. Handle,https://www.zoro.com/static/cms/product/large/Grainger_4xx782xx2.jpg,d:\AMD\projects\drywall-toolbox\products\Production\launch\launch_images\level5_4_782_02.webp,failed,http_404
LEVEL5,4-782,23” - 32” Ext. Handle,https://www.zoro.com/static/cms/product/large/Grainger_4xx782xx3.jpg,d:\AMD\projects\drywall-toolbox\products\Production\launch\launch_images\level5_4_782_03.webp,failed,http_404
LEVEL5,4-711,34” Fixed Length Handle,https://www.zoro.com/static/cms/product/large/Grainger_4xx711xx1.jpg,d:\AMD\projects\drywall-toolbox\products\Production\launch\launch_images\level5_4_711_01.webp,ok,
LEVEL5,4-711,34” Fixed Length Handle,https://www.zoro.com/static/cms/product/large/Grainger_4xx711xx2.jpg,d:\AMD\projects\drywall-toolbox\products\Production\launch\launch_images\level5_4_711_02.webp,failed,http_404
LEVEL5,4-711,34” Fixed Length Handle,https://www.zoro.com/static/cms/product/large/Grainger_4xx711xx3.jpg,d:\AMD\projects\drywall-toolbox\products\Production\launch\launch_images\level5_4_711_03.webp,failed,http_404
LEVEL5,4-712,42” Fixed Length Handle,https://www.zoro.com/static/cms/product/large/Grainger_4xx712xx1.jpg,d:\AMD\projects\drywall-toolbox\products\Production\launch\launch_images\level5_4_712_01.webp,ok,
LEVEL5,4-712,42” Fixed Length Handle,https://www.zoro.com/static/cms/product/large/Grainger_4xx712xx2.jpg,d:\AMD\projects\drywall-toolbox\products\Production\launch\launch_images\level5_4_712_02.webp,failed,http_404
LEVEL5,4-712,42” Fixed Length Handle,https://www.zoro.com/static/cms/product/large/Grainger_4xx712xx3.jpg,d:\AMD\projects\drywall-toolbox\products\Production\launch\launch_images\level5_4_712_03.webp,failed,http_404
LEVEL5,4-740,54” Fixed Length Handle,https://www.zoro.com/static/cms/product/large/Grainger_4xx740xx1.jpg,d:\AMD\projects\drywall-toolbox\products\Production\launch\launch_images\level5_4_740_01.webp,ok,
LEVEL5,4-740,54” Fixed Length Handle,https://www.zoro.com/static/cms/product/large/Grainger_4xx740xx2.jpg,d:\AMD\projects\drywall-toolbox\products\Production\launch\launch_images\level5_4_740_02.webp,failed,http_404
LEVEL5,4-740,54” Fixed Length Handle,https://www.zoro.com/static/cms/product/large/Grainger_4xx740xx3.jpg,d:\AMD\projects\drywall-toolbox\products\Production\launch\launch_images\level5_4_740_03.webp,failed,http_404
LEVEL5,4-767,7” Flat Box (MEGA),https://www.zoro.com/static/cms/product/large/Grainger_4xx767xx1.jpg,d:\AMD\projects\drywall-toolbox\products\Production\launch\launch_images\level5_4_767_01.webp,ok,
LEVEL5,4-767,7” Flat Box (MEGA),https://www.zoro.com/static/cms/product/large/Grainger_4xx767xx2.jpg,d:\AMD\projects\drywall-toolbox\products\Production\launch\launch_images\level5_4_767_02.webp,ok,
LEVEL5,4-767,7” Flat Box (MEGA),https://www.zoro.com/static/cms/product/large/Grainger_4xx767xx3.jpg,d:\AMD\projects\drywall-toolbox\products\Production\launch\launch_images\level5_4_767_03.webp,ok,
LEVEL5,4-768,10” Flat Box (MEGA),https://www.zoro.com/static/cms/product/large/Grainger_4xx768xx1.jpg,d:\AMD\projects\drywall-toolbox\products\Production\launch\launch_images\level5_4_768_01.webp,failed,image file is truncated (17 bytes not processed)
LEVEL5,4-768,10” Flat Box (MEGA),https://www.zoro.com/static/cms/product/large/Grainger_4xx768xx2.jpg,d:\AMD\projects\drywall-toolbox\products\Production\launch\launch_images\level5_4_768_02.webp,ok,
LEVEL5,4-768,10” Flat Box (MEGA),https://www.zoro.com/static/cms/product/large/Grainger_4xx768xx3.jpg,d:\AMD\projects\drywall-toolbox\products\Production\launch\launch_images\level5_4_768_03.webp,ok,
LEVEL5,4-769,12” Flat Box (MEGA),https://www.zoro.com/static/cms/product/large/Grainger_4xx769xx1.jpg,d:\AMD\projects\drywall-toolbox\products\Production\launch\launch_images\level5_4_769_01.webp,ok,
LEVEL5,4-769,12” Flat Box (MEGA),https://www.zoro.com/static/cms/product/large/Grainger_4xx769xx2.jpg,d:\AMD\projects\drywall-toolbox\products\Production\launch\launch_images\level5_4_769_02.webp,ok,
LEVEL5,4-769,12” Flat Box (MEGA),https://www.zoro.com/static/cms/product/large/Grainger_4xx769xx3.jpg,d:\AMD\projects\drywall-toolbox\products\Production\launch\launch_images\level5_4_769_03.webp,ok,
LEVEL5,4-722,10” Flat Box,https://www.zoro.com/static/cms/product/large/Grainger_4xx722xx1.jpg,d:\AMD\projects\drywall-toolbox\products\Production\launch\launch_images\level5_4_722_01.webp,failed,http_404
LEVEL5,4-722,10” Flat Box,https://www.zoro.com/static/cms/product/large/Grainger_4xx722xx2.jpg,d:\AMD\projects\drywall-toolbox\products\Production\launch\launch_images\level5_4_722_02.webp,failed,http_404
LEVEL5,4-722,10” Flat Box,https://www.zoro.com/static/cms/product/large/Grainger_4xx722xx3.jpg,d:\AMD\projects\drywall-toolbox\products\Production\launch\launch_images\level5_4_722_03.webp,failed,http_404
LEVEL5,4-723,12” Flat Box,https://www.zoro.com/static/cms/product/large/Grainger_4xx723xx1.jpg,d:\AMD\projects\drywall-toolbox\products\Production\launch\launch_images\level5_4_723_01.webp,failed,http_404
LEVEL5,4-723,12” Flat Box,https://www.zoro.com/static/cms/product/large/Grainger_4xx723xx2.jpg,d:\AMD\projects\drywall-toolbox\products\Production\launch\launch_images\level5_4_723_02.webp,failed,http_404
LEVEL5,4-723,12” Flat Box,https://www.zoro.com/static/cms/product/large/Grainger_4xx723xx3.jpg,d:\AMD\projects\drywall-toolbox\products\Production\launch\launch_images\level5_4_723_03.webp,failed,http_404
LEVEL5,4-764,7” Flat Box (Standard),https://www.zoro.com/static/cms/product/large/Grainger_4xx764xx1.jpg,d:\AMD\projects\drywall-toolbox\products\Production\launch\launch_images\level5_4_764_01.webp,ok,
LEVEL5,4-764,7” Flat Box (Standard),https://www.zoro.com/static/cms/product/large/Grainger_4xx764xx2.jpg,d:\AMD\projects\drywall-toolbox\products\Production\launch\launch_images\level5_4_764_02.webp,ok,
LEVEL5,4-764,7” Flat Box (Standard),https://www.zoro.com/static/cms/product/large/Grainger_4xx764xx3.jpg,d:\AMD\projects\drywall-toolbox\products\Production\launch\launch_images\level5_4_764_03.webp,ok,
LEVEL5,4-765,10” Flat Box (Standard),https://www.zoro.com/static/cms/product/large/Grainger_4xx765xx1.jpg,d:\AMD\projects\drywall-toolbox\products\Production\launch\launch_images\level5_4_765_01.webp,ok,
LEVEL5,4-765,10” Flat Box (Standard),https://www.zoro.com/static/cms/product/large/Grainger_4xx765xx2.jpg,d:\AMD\projects\drywall-toolbox\products\Production\launch\launch_images\level5_4_765_02.webp,failed,http_404
LEVEL5,4-765,10” Flat Box (Standard),https://www.zoro.com/static/cms/product/large/Grainger_4xx765xx3.jpg,d:\AMD\projects\drywall-toolbox\products\Production\launch\launch_images\level5_4_765_03.webp,failed,http_404
LEVEL5,4-766,12” Flat Box (Standard),https://www.zoro.com/static/cms/product/large/Grainger_4xx766xx1.jpg,d:\AMD\projects\drywall-toolbox\products\Production\launch\launch_images\level5_4_766_01.webp,ok,
LEVEL5,4-766,12” Flat Box (Standard),https://www.zoro.com/static/cms/product/large/Grainger_4xx766xx2.jpg,d:\AMD\projects\drywall-toolbox\products\Production\launch\launch_images\level5_4_766_02.webp,failed,http_404
LEVEL5,4-766,12” Flat Box (Standard),https://www.zoro.com/static/cms/product/large/Grainger_4xx766xx3.jpg,d:\AMD\projects\drywall-toolbox\products\Production\launch\launch_images\level5_4_766_03.webp,failed,http_404
LEVEL5,4-770,14” Flat Box (Standard),https://www.zoro.com/static/cms/product/large/Grainger_4xx770xx1.jpg,d:\AMD\projects\drywall-toolbox\products\Production\launch\launch_images\level5_4_770_01.webp,ok,
LEVEL5,4-770,14” Flat Box (Standard),https://www.zoro.com/static/cms/product/large/Grainger_4xx770xx2.jpg,d:\AMD\projects\drywall-toolbox\products\Production\launch\launch_images\level5_4_770_02.webp,ok,
LEVEL5,4-770,14” Flat Box (Standard),https://www.zoro.com/static/cms/product/large/Grainger_4xx770xx3.jpg,d:\AMD\projects\drywall-toolbox\products\Production\launch\launch_images\level5_4_770_03.webp,ok,
LEVEL5,4-754,2” Nail Spotter,https://www.zoro.com/static/cms/product/large/Grainger_4xx754xx1.jpg,d:\AMD\projects\drywall-toolbox\products\Production\launch\launch_images\level5_4_754_01.webp,ok,
LEVEL5,4-754,2” Nail Spotter,https://www.zoro.com/static/cms/product/large/Grainger_4xx754xx2.jpg,d:\AMD\projects\drywall-toolbox\products\Production\launch\launch_images\level5_4_754_02.webp,ok,
LEVEL5,4-754,2” Nail Spotter,https://www.zoro.com/static/cms/product/large/Grainger_4xx754xx3.jpg,d:\AMD\projects\drywall-toolbox\products\Production\launch\launch_images\level5_4_754_03.webp,ok,
LEVEL5,4-755,3” Nail Spotter,https://www.zoro.com/static/cms/product/large/Grainger_4xx755xx1.jpg,d:\AMD\projects\drywall-toolbox\products\Production\launch\launch_images\level5_4_755_01.webp,ok,
LEVEL5,4-755,3” Nail Spotter,https://www.zoro.com/static/cms/product/large/Grainger_4xx755xx2.jpg,d:\AMD\projects\drywall-toolbox\products\Production\launch\launch_images\level5_4_755_02.webp,failed,image file is truncated (19 bytes not processed)
LEVEL5,4-755,3” Nail Spotter,https://www.zoro.com/static/cms/product/large/Grainger_4xx755xx3.jpg,d:\AMD\projects\drywall-toolbox\products\Production\launch\launch_images\level5_4_755_03.webp,ok,
LEVEL5,4-714,Gooseneck,https://www.zoro.com/static/cms/product/large/Grainger_4xx714xx1.jpg,d:\AMD\projects\drywall-toolbox\products\Production\launch\launch_images\level5_4_714_01.webp,ok,
LEVEL5,4-714,Gooseneck,https://www.zoro.com/static/cms/product/large/Grainger_4xx714xx2.jpg,d:\AMD\projects\drywall-toolbox\products\Production\launch\launch_images\level5_4_714_02.webp,ok,
LEVEL5,4-714,Gooseneck,https://www.zoro.com/static/cms/product/large/Grainger_4xx714xx3.jpg,d:\AMD\projects\drywall-toolbox\products\Production\launch\launch_images\level5_4_714_03.webp,failed,http_404
LEVEL5,4-715,Box Filler,https://www.zoro.com/static/cms/product/large/Grainger_4xx715xx1.jpg,d:\AMD\projects\drywall-toolbox\products\Production\launch\launch_images\level5_4_715_01.webp,ok,
LEVEL5,4-715,Box Filler,https://www.zoro.com/static/cms/product/large/Grainger_4xx715xx2.jpg,d:\AMD\projects\drywall-toolbox\products\Production\launch\launch_images\level5_4_715_02.webp,failed,http_404
LEVEL5,4-715,Box Filler,https://www.zoro.com/static/cms/product/large/Grainger_4xx715xx3.jpg,d:\AMD\projects\drywall-toolbox\products\Production\launch\launch_images\level5_4_715_03.webp,failed,http_404
LEVEL5,4-741,Compound Tube,https://www.zoro.com/static/cms/product/large/Grainger_4xx741xx1.jpg,d:\AMD\projects\drywall-toolbox\products\Production\launch\launch_images\level5_4_741_01.webp,failed,http_404
LEVEL5,4-741,Compound Tube,https://www.zoro.com/static/cms/product/large/Grainger_4xx741xx2.jpg,d:\AMD\projects\drywall-toolbox\products\Production\launch\launch_images\level5_4_741_02.webp,failed,http_404
LEVEL5,4-741,Compound Tube,https://www.zoro.com/static/cms/product/large/Grainger_4xx741xx3.jpg,d:\AMD\projects\drywall-toolbox\products\Production\launch\launch_images\level5_4_741_03.webp,failed,http_404
LEVEL5,4-746,Outside Corner Tool,https://www.zoro.com/static/cms/product/large/Grainger_4xx746xx1.jpg,d:\AMD\projects\drywall-toolbox\products\Production\launch\launch_images\level5_4_746_01.webp,failed,http_404
LEVEL5,4-746,Outside Corner Tool,https://www.zoro.com/static/cms/product/large/Grainger_4xx746xx2.jpg,d:\AMD\projects\drywall-toolbox\products\Production\launch\launch_images\level5_4_746_02.webp,failed,http_404
LEVEL5,4-746,Outside Corner Tool,https://www.zoro.com/static/cms/product/large/Grainger_4xx746xx3.jpg,d:\AMD\projects\drywall-toolbox\products\Production\launch\launch_images\level5_4_746_03.webp,failed,http_404
LEVEL5,4-760,Automatic Taper,https://www.zoro.com/static/cms/product/large/Grainger_4xx760xx1.jpg,d:\AMD\projects\drywall-toolbox\products\Production\launch\launch_images\level5_4_760_01.webp,ok,
LEVEL5,4-760,Automatic Taper,https://www.zoro.com/static/cms/product/large/Grainger_4xx760xx2.jpg,d:\AMD\projects\drywall-toolbox\products\Production\launch\launch_images\level5_4_760_02.webp,ok,
LEVEL5,4-760,Automatic Taper,https://www.zoro.com/static/cms/product/large/Grainger_4xx760xx3.jpg,d:\AMD\projects\drywall-toolbox\products\Production\launch\launch_images\level5_4_760_03.webp,ok,
LEVEL5,4-771,Compound Pump,https://www.zoro.com/static/cms/product/large/Grainger_4xx771xx1.jpg,d:\AMD\projects\drywall-toolbox\products\Production\launch\launch_images\level5_4_771_01.webp,ok,
LEVEL5,4-771,Compound Pump,https://www.zoro.com/static/cms/product/large/Grainger_4xx771xx2.jpg,d:\AMD\projects\drywall-toolbox\products\Production\launch\launch_images\level5_4_771_02.webp,ok,
LEVEL5,4-771,Compound Pump,https://www.zoro.com/static/cms/product/large/Grainger_4xx771xx3.jpg,d:\AMD\projects\drywall-toolbox\products\Production\launch\launch_images\level5_4_771_03.webp,failed,http_404
LEVEL5,4-772,MiniShot,https://www.zoro.com/static/cms/product/large/Grainger_4xx772xx1.jpg,d:\AMD\projects\drywall-toolbox\products\Production\launch\launch_images\level5_4_772_01.webp,failed,http_404
LEVEL5,4-772,MiniShot,https://www.zoro.com/static/cms/product/large/Grainger_4xx772xx2.jpg,d:\AMD\projects\drywall-toolbox\products\Production\launch\launch_images\level5_4_772_02.webp,failed,http_404
LEVEL5,4-772,MiniShot,https://www.zoro.com/static/cms/product/large/Grainger_4xx772xx3.jpg,d:\AMD\projects\drywall-toolbox\products\Production\launch\launch_images\level5_4_772_03.webp,failed,http_404
LEVEL5,4-773,MiniShot Ext. Handle,https://www.zoro.com/static/cms/product/large/Grainger_4xx773xx1.jpg,d:\AMD\projects\drywall-toolbox\products\Production\launch\launch_images\level5_4_773_01.webp,failed,http_404
LEVEL5,4-773,MiniShot Ext. Handle,https://www.zoro.com/static/cms/product/large/Grainger_4xx773xx2.jpg,d:\AMD\projects\drywall-toolbox\products\Production\launch\launch_images\level5_4_773_02.webp,failed,http_404
LEVEL5,4-773,MiniShot Ext. Handle,https://www.zoro.com/static/cms/product/large/Grainger_4xx773xx3.jpg,d:\AMD\projects\drywall-toolbox\products\Production\launch\launch_images\level5_4_773_03.webp,failed,http_404
LEVEL5,4-778,50” Fixed Handle (Corner Applicator),https://www.zoro.com/static/cms/product/large/Grainger_4xx778xx1.jpg,d:\AMD\projects\drywall-toolbox\products\Production\launch\launch_images\level5_4_778_01.webp,ok,
LEVEL5,4-778,50” Fixed Handle (Corner Applicator),https://www.zoro.com/static/cms/product/large/Grainger_4xx778xx2.jpg,d:\AMD\projects\drywall-toolbox\products\Production\launch\launch_images\level5_4_778_02.webp,failed,http_404
LEVEL5,4-778,50” Fixed Handle (Corner Applicator),https://www.zoro.com/static/cms/product/large/Grainger_4xx778xx3.jpg,d:\AMD\projects\drywall-toolbox\products\Production\launch\launch_images\level5_4_778_03.webp,failed,http_404
LEVEL5,4-779,50” Fixed Handle (Corner Finisher),https://www.zoro.com/static/cms/product/large/Grainger_4xx779xx1.jpg,d:\AMD\projects\drywall-toolbox\products\Production\launch\launch_images\level5_4_779_01.webp,ok,
LEVEL5,4-779,50” Fixed Handle (Corner Finisher),https://www.zoro.com/static/cms/product/large/Grainger_4xx779xx2.jpg,d:\AMD\projects\drywall-toolbox\products\Production\launch\launch_images\level5_4_779_02.webp,failed,http_404
LEVEL5,4-779,50” Fixed Handle (Corner Finisher),https://www.zoro.com/static/cms/product/large/Grainger_4xx779xx3.jpg,d:\AMD\projects\drywall-toolbox\products\Production\launch\launch_images\level5_4_779_03.webp,failed,http_404
LEVEL5,5-311,Drywall Banjo,https://www.zoro.com/static/cms/product/large/Grainger_5xx311xx1.jpg,d:\AMD\projects\drywall-toolbox\products\Production\launch\launch_images\level5_5_311_01.webp,failed,http_404
LEVEL5,5-311,Drywall Banjo,https://www.zoro.com/static/cms/product/large/Grainger_5xx311xx2.jpg,d:\AMD\projects\drywall-toolbox\products\Production\launch\launch_images\level5_5_311_02.webp,failed,http_404
LEVEL5,5-311,Drywall Banjo,https://www.zoro.com/static/cms/product/large/Grainger_5xx311xx3.jpg,d:\AMD\projects\drywall-toolbox\products\Production\launch\launch_images\level5_5_311_03.webp,failed,http_404
LEVEL5,5-623,Bonus Hand Tool Set,https://www.zoro.com/static/cms/product/large/Grainger_5xx623xx1.jpg,d:\AMD\projects\drywall-toolbox\products\Production\launch\launch_images\level5_5_623_01.webp,ok,
LEVEL5,5-623,Bonus Hand Tool Set,https://www.zoro.com/static/cms/product/large/Grainger_5xx623xx2.jpg,d:\AMD\projects\drywall-toolbox\products\Production\launch\launch_images\level5_5_623_02.webp,failed,http_404
LEVEL5,5-623,Bonus Hand Tool Set,https://www.zoro.com/static/cms/product/large/Grainger_5xx623xx3.jpg,d:\AMD\projects\drywall-toolbox\products\Production\launch\launch_images\level5_5_623_03.webp,failed,http_404
LEVEL5,4-600P,The Entry to Automatic Finishing Set,https://www.zoro.com/static/cms/product/large/Grainger_4xx600Pxx1.jpg,d:\AMD\projects\drywall-toolbox\products\Production\launch\launch_images\level5_4_600p_01.webp,failed,http_404
LEVEL5,4-600P,The Entry to Automatic Finishing Set,https://www.zoro.com/static/cms/product/large/Grainger_4xx600Pxx2.jpg,d:\AMD\projects\drywall-toolbox\products\Production\launch\launch_images\level5_4_600p_02.webp,failed,http_404
LEVEL5,4-600P,The Entry to Automatic Finishing Set,https://www.zoro.com/static/cms/product/large/Grainger_4xx600Pxx3.jpg,d:\AMD\projects\drywall-toolbox\products\Production\launch\launch_images\level5_4_600p_03.webp,failed,http_404
LEVEL5,4-602,The Entry to Automatic Finishing Set,https://www.zoro.com/static/cms/product/large/Grainger_4xx602xx1.jpg,d:\AMD\projects\drywall-toolbox\products\Production\launch\launch_images\level5_4_602_01.webp,ok,
LEVEL5,4-602,The Entry to Automatic Finishing Set,https://www.zoro.com/static/cms/product/large/Grainger_4xx602xx2.jpg,d:\AMD\projects\drywall-toolbox\products\Production\launch\launch_images\level5_4_602_02.webp,failed,http_404
LEVEL5,4-602,The Entry to Automatic Finishing Set,https://www.zoro.com/static/cms/product/large/Grainger_4xx602xx3.jpg,d:\AMD\projects\drywall-toolbox\products\Production\launch\launch_images\level5_4_602_03.webp,failed,http_404
LEVEL5,4-605,10”/12” Standard Boxes w/ Ext. Handle Set,https://www.zoro.com/static/cms/product/large/Grainger_4xx605xx1.jpg,d:\AMD\projects\drywall-toolbox\products\Production\launch\launch_images\level5_4_605_01.webp,ok,
LEVEL5,4-605,10”/12” Standard Boxes w/ Ext. Handle Set,https://www.zoro.com/static/cms/product/large/Grainger_4xx605xx2.jpg,d:\AMD\projects\drywall-toolbox\products\Production\launch\launch_images\level5_4_605_02.webp,failed,http_404
LEVEL5,4-605,10”/12” Standard Boxes w/ Ext. Handle Set,https://www.zoro.com/static/cms/product/large/Grainger_4xx605xx3.jpg,d:\AMD\projects\drywall-toolbox\products\Production\launch\launch_images\level5_4_605_03.webp,failed,http_404
LEVEL5,4-629,10”/12” Mega Boxes w/ Ext. Handle Set,https://www.zoro.com/static/cms/product/large/Grainger_4xx629xx1.jpg,d:\AMD\projects\drywall-toolbox\products\Production\launch\launch_images\level5_4_629_01.webp,ok,
LEVEL5,4-629,10”/12” Mega Boxes w/ Ext. Handle Set,https://www.zoro.com/static/cms/product/large/Grainger_4xx629xx2.jpg,d:\AMD\projects\drywall-toolbox\products\Production\launch\launch_images\level5_4_629_02.webp,failed,http_404
LEVEL5,4-629,10”/12” Mega Boxes w/ Ext. Handle Set,https://www.zoro.com/static/cms/product/large/Grainger_4xx629xx3.jpg,d:\AMD\projects\drywall-toolbox\products\Production\launch\launch_images\level5_4_629_03.webp,failed,http_404
LEVEL5,4-630,The Starter Taping Set,https://www.zoro.com/static/cms/product/large/Grainger_4xx630xx1.jpg,d:\AMD\projects\drywall-toolbox\products\Production\launch\launch_images\level5_4_630_01.webp,failed,http_404
LEVEL5,4-630,The Starter Taping Set,https://www.zoro.com/static/cms/product/large/Grainger_4xx630xx2.jpg,d:\AMD\projects\drywall-toolbox\products\Production\launch\launch_images\level5_4_630_02.webp,failed,http_404
LEVEL5,4-630,The Starter Taping Set,https://www.zoro.com/static/cms/product/large/Grainger_4xx630xx3.jpg,d:\AMD\projects\drywall-toolbox\products\Production\launch\launch_images\level5_4_630_03.webp,failed,http_404
LEVEL5,4-650,Semi-Automatic Starter Set,https://www.zoro.com/static/cms/product/large/Grainger_4xx650xx1.jpg,d:\AMD\projects\drywall-toolbox\products\Production\launch\launch_images\level5_4_650_01.webp,failed,http_404
LEVEL5,4-650,Semi-Automatic Starter Set,https://www.zoro.com/static/cms/product/large/Grainger_4xx650xx2.jpg,d:\AMD\projects\drywall-toolbox\products\Production\launch\launch_images\level5_4_650_02.webp,failed,http_404
LEVEL5,4-650,Semi-Automatic Starter Set,https://www.zoro.com/static/cms/product/large/Grainger_4xx650xx3.jpg,d:\AMD\projects\drywall-toolbox\products\Production\launch\launch_images\level5_4_650_03.webp,failed,http_404
LEVEL5,4-661P,The Full Taping Set w/ Ext. Handles & MiniShot,https://www.zoro.com/static/cms/product/large/Grainger_4xx661Pxx1.jpg,d:\AMD\projects\drywall-toolbox\products\Production\launch\launch_images\level5_4_661p_01.webp,failed,http_404
LEVEL5,4-661P,The Full Taping Set w/ Ext. Handles & MiniShot,https://www.zoro.com/static/cms/product/large/Grainger_4xx661Pxx2.jpg,d:\AMD\projects\drywall-toolbox\products\Production\launch\launch_images\level5_4_661p_02.webp,failed,http_404
LEVEL5,4-661P,The Full Taping Set w/ Ext. Handles & MiniShot,https://www.zoro.com/static/cms/product/large/Grainger_4xx661Pxx3.jpg,d:\AMD\projects\drywall-toolbox\products\Production\launch\launch_images\level5_4_661p_03.webp,failed,http_404
LEVEL5,4-677P,The Ultimate Taping & Finishing Set,https://www.zoro.com/static/cms/product/large/Grainger_4xx677Pxx1.jpg,d:\AMD\projects\drywall-toolbox\products\Production\launch\launch_images\level5_4_677p_01.webp,failed,http_404
LEVEL5,4-677P,The Ultimate Taping & Finishing Set,https://www.zoro.com/static/cms/product/large/Grainger_4xx677Pxx2.jpg,d:\AMD\projects\drywall-toolbox\products\Production\launch\launch_images\level5_4_677p_02.webp,failed,http_404
LEVEL5,4-677P,The Ultimate Taping & Finishing Set,https://www.zoro.com/static/cms/product/large/Grainger_4xx677Pxx3.jpg,d:\AMD\projects\drywall-toolbox\products\Production\launch\launch_images\level5_4_677p_03.webp,failed,http_404
LEVEL5,4-687P,Finishing Set w/ Ext. Handles & MiniShot,https://www.zoro.com/static/cms/product/large/Grainger_4xx687Pxx1.jpg,d:\AMD\projects\drywall-toolbox\products\Production\launch\launch_images\level5_4_687p_01.webp,failed,http_404
LEVEL5,4-687P,Finishing Set w/ Ext. Handles & MiniShot,https://www.zoro.com/static/cms/product/large/Grainger_4xx687Pxx2.jpg,d:\AMD\projects\drywall-toolbox\products\Production\launch\launch_images\level5_4_687p_02.webp,failed,http_404
LEVEL5,4-687P,Finishing Set w/ Ext. Handles & MiniShot,https://www.zoro.com/static/cms/product/large/Grainger_4xx687Pxx3.jpg,d:\AMD\projects\drywall-toolbox\products\Production\launch\launch_images\level5_4_687p_03.webp,failed,http_404
LEVEL5,4-600P::4-701,The Entry to Automatic Finishing - 7” Corner Applicator,https://www.zoro.com/static/cms/product/large/Grainger_4xx701xx1.jpg,d:\AMD\projects\drywall-toolbox\products\Production\launch\launch_images\level5_4_600p_4_701_01.webp,ok,
LEVEL5,4-600P::4-701,The Entry to Automatic Finishing - 7” Corner Applicator,https://www.zoro.com/static/cms/product/large/Grainger_4xx701xx2.jpg,d:\AMD\projects\drywall-toolbox\products\Production\launch\launch_images\level5_4_600p_4_701_02.webp,ok,
LEVEL5,4-600P::4-701,The Entry to Automatic Finishing - 7” Corner Applicator,https://www.zoro.com/static/cms/product/large/Grainger_4xx701xx3.jpg,d:\AMD\projects\drywall-toolbox\products\Production\launch\launch_images\level5_4_600p_4_701_03.webp,ok,
LEVEL5,4-600P::4-707,The Entry to Automatic Finishing - Corner Roller,https://www.zoro.com/static/cms/product/large/Grainger_4xx707xx1.jpg,d:\AMD\projects\drywall-toolbox\products\Production\launch\launch_images\level5_4_600p_4_707_01.webp,ok,
LEVEL5,4-600P::4-707,The Entry to Automatic Finishing - Corner Roller,https://www.zoro.com/static/cms/product/large/Grainger_4xx707xx2.jpg,d:\AMD\projects\drywall-toolbox\products\Production\launch\launch_images\level5_4_600p_4_707_02.webp,ok,
LEVEL5,4-600P::4-707,The Entry to Automatic Finishing - Corner Roller,https://www.zoro.com/static/cms/product/large/Grainger_4xx707xx3.jpg,d:\AMD\projects\drywall-toolbox\products\Production\launch\launch_images\level5_4_600p_4_707_03.webp,ok,
LEVEL5,4-600P::4-712,The Entry to Automatic Finishing - 42” Flat Box Handle,https://www.zoro.com/static/cms/product/large/Grainger_4xx712xx1.jpg,d:\AMD\projects\drywall-toolbox\products\Production\launch\launch_images\level5_4_600p_4_712_01.webp,ok,
LEVEL5,4-600P::4-712,The Entry to Automatic Finishing - 42” Flat Box Handle,https://www.zoro.com/static/cms/product/large/Grainger_4xx712xx2.jpg,d:\AMD\projects\drywall-toolbox\products\Production\launch\launch_images\level5_4_600p_4_712_02.webp,failed,http_404
LEVEL5,4-600P::4-712,The Entry to Automatic Finishing - 42” Flat Box Handle,https://www.zoro.com/static/cms/product/large/Grainger_4xx712xx3.jpg,d:\AMD\projects\drywall-toolbox\products\Production\launch\launch_images\level5_4_600p_4_712_03.webp,failed,http_404
LEVEL5,4-600P::4-714,The Entry to Automatic Finishing - Gooseneck Filler Tube,https://www.zoro.com/static/cms/product/large/Grainger_4xx714xx1.jpg,d:\AMD\projects\drywall-toolbox\products\Production\launch\launch_images\level5_4_600p_4_714_01.webp,ok,
LEVEL5,4-600P::4-714,The Entry to Automatic Finishing - Gooseneck Filler Tube,https://www.zoro.com/static/cms/product/large/Grainger_4xx714xx2.jpg,d:\AMD\projects\drywall-toolbox\products\Production\launch\launch_images\level5_4_600p_4_714_02.webp,ok,
LEVEL5,4-600P::4-714,The Entry to Automatic Finishing - Gooseneck Filler Tube,https://www.zoro.com/static/cms/product/large/Grainger_4xx714xx3.jpg,d:\AMD\projects\drywall-toolbox\products\Production\launch\launch_images\level5_4_600p_4_714_03.webp,failed,http_404
LEVEL5,4-600P::4-733,The Entry to Automatic Finishing - 3” Corner Finisher,https://www.zoro.com/static/cms/product/large/Grainger_4xx733xx1.jpg,d:\AMD\projects\drywall-toolbox\products\Production\launch\launch_images\level5_4_600p_4_733_01.webp,ok,
LEVEL5,4-600P::4-733,The Entry to Automatic Finishing - 3” Corner Finisher,https://www.zoro.com/static/cms/product/large/Grainger_4xx733xx2.jpg,d:\AMD\projects\drywall-toolbox\products\Production\launch\launch_images\level5_4_600p_4_733_02.webp,ok,
LEVEL5,4-600P::4-733,The Entry to Automatic Finishing - 3” Corner Finisher,https://www.zoro.com/static/cms/product/large/Grainger_4xx733xx3.jpg,d:\AMD\projects\drywall-toolbox\products\Production\launch\launch_images\level5_4_600p_4_733_03.webp,ok,
LEVEL5,4-600P::4-760,The Entry to Automatic Finishing - Automatic Taper,https://www.zoro.com/static/cms/product/large/Grainger_4xx760xx1.jpg,d:\AMD\projects\drywall-toolbox\products\Production\launch\launch_images\level5_4_600p_4_760_01.webp,ok,
LEVEL5,4-600P::4-760,The Entry to Automatic Finishing - Automatic Taper,https://www.zoro.com/static/cms/product/large/Grainger_4xx760xx2.jpg,d:\AMD\projects\drywall-toolbox\products\Production\launch\launch_images\level5_4_600p_4_760_02.webp,ok,
LEVEL5,4-600P::4-760,The Entry to Automatic Finishing - Automatic Taper,https://www.zoro.com/static/cms/product/large/Grainger_4xx760xx3.jpg,d:\AMD\projects\drywall-toolbox\products\Production\launch\launch_images\level5_4_600p_4_760_03.webp,ok,
LEVEL5,4-600P::4-765,The Entry to Automatic Finishing - 10” Flat Box,https://www.zoro.com/static/cms/product/large/Grainger_4xx765xx1.jpg,d:\AMD\projects\drywall-toolbox\products\Production\launch\launch_images\level5_4_600p_4_765_01.webp,ok,
LEVEL5,4-600P::4-765,The Entry to Automatic Finishing - 10” Flat Box,https://www.zoro.com/static/cms/product/large/Grainger_4xx765xx2.jpg,d:\AMD\projects\drywall-toolbox\products\Production\launch\launch_images\level5_4_600p_4_765_02.webp,failed,http_404
LEVEL5,4-600P::4-765,The Entry to Automatic Finishing - 10” Flat Box,https://www.zoro.com/static/cms/product/large/Grainger_4xx765xx3.jpg,d:\AMD\projects\drywall-toolbox\products\Production\launch\launch_images\level5_4_600p_4_765_03.webp,failed,http_404
LEVEL5,4-600P::4-766,The Entry to Automatic Finishing - 12” Flat Box,https://www.zoro.com/static/cms/product/large/Grainger_4xx766xx1.jpg,d:\AMD\projects\drywall-toolbox\products\Production\launch\launch_images\level5_4_600p_4_766_01.webp,ok,
LEVEL5,4-600P::4-766,The Entry to Automatic Finishing - 12” Flat Box,https://www.zoro.com/static/cms/product/large/Grainger_4xx766xx2.jpg,d:\AMD\projects\drywall-toolbox\products\Production\launch\launch_images\level5_4_600p_4_766_02.webp,failed,http_404
LEVEL5,4-600P::4-766,The Entry to Automatic Finishing - 12” Flat Box,https://www.zoro.com/static/cms/product/large/Grainger_4xx766xx3.jpg,d:\AMD\projects\drywall-toolbox\products\Production\launch\launch_images\level5_4_600p_4_766_03.webp,failed,http_404
LEVEL5,4-600P::4-771,The Entry to Automatic Finishing - Compound Pump,https://www.zoro.com/static/cms/product/large/Grainger_4xx771xx1.jpg,d:\AMD\projects\drywall-toolbox\products\Production\launch\launch_images\level5_4_600p_4_771_01.webp,ok,
LEVEL5,4-600P::4-771,The Entry to Automatic Finishing - Compound Pump,https://www.zoro.com/static/cms/product/large/Grainger_4xx771xx2.jpg,d:\AMD\projects\drywall-toolbox\products\Production\launch\launch_images\level5_4_600p_4_771_02.webp,ok,
LEVEL5,4-600P::4-771,The Entry to Automatic Finishing - Compound Pump,https://www.zoro.com/static/cms/product/large/Grainger_4xx771xx3.jpg,d:\AMD\projects\drywall-toolbox\products\Production\launch\launch_images\level5_4_600p_4_771_03.webp,failed,http_404
LEVEL5,4-600P::4-778,The Entry to Automatic Finishing - 54” Corner Applicator Handle,https://www.zoro.com/static/cms/product/large/Grainger_4xx778xx1.jpg,d:\AMD\projects\drywall-toolbox\products\Production\launch\launch_images\level5_4_600p_4_778_01.webp,ok,
LEVEL5,4-600P::4-778,The Entry to Automatic Finishing - 54” Corner Applicator Handle,https://www.zoro.com/static/cms/product/large/Grainger_4xx778xx2.jpg,d:\AMD\projects\drywall-toolbox\products\Production\launch\launch_images\level5_4_600p_4_778_02.webp,failed,http_404
LEVEL5,4-600P::4-778,The Entry to Automatic Finishing - 54” Corner Applicator Handle,https://www.zoro.com/static/cms/product/large/Grainger_4xx778xx3.jpg,d:\AMD\projects\drywall-toolbox\products\Production\launch\launch_images\level5_4_600p_4_778_03.webp,failed,http_404
LEVEL5,4-600P::4-779,The Entry to Automatic Finishing - 54” Corner Finisher Handle,https://www.zoro.com/static/cms/product/large/Grainger_4xx779xx1.jpg,d:\AMD\projects\drywall-toolbox\products\Production\launch\launch_images\level5_4_600p_4_779_01.webp,ok,
LEVEL5,4-600P::4-779,The Entry to Automatic Finishing - 54” Corner Finisher Handle,https://www.zoro.com/static/cms/product/large/Grainger_4xx779xx2.jpg,d:\AMD\projects\drywall-toolbox\products\Production\launch\launch_images\level5_4_600p_4_779_02.webp,failed,http_404
LEVEL5,4-600P::4-779,The Entry to Automatic Finishing - 54” Corner Finisher Handle,https://www.zoro.com/static/cms/product/large/Grainger_4xx779xx3.jpg,d:\AMD\projects\drywall-toolbox\products\Production\launch\launch_images\level5_4_600p_4_779_03.webp,failed,http_404
LEVEL5,4-600P::5-623,The Entry to Automatic Finishing - Bonus Hand Tool Set,https://www.zoro.com/static/cms/product/large/Grainger_5xx623xx1.jpg,d:\AMD\projects\drywall-toolbox\products\Production\launch\launch_images\level5_4_600p_5_623_01.webp,ok,
LEVEL5,4-600P::5-623,The Entry to Automatic Finishing - Bonus Hand Tool Set,https://www.zoro.com/static/cms/product/large/Grainger_5xx623xx2.jpg,d:\AMD\projects\drywall-toolbox\products\Production\launch\launch_images\level5_4_600p_5_623_02.webp,failed,http_404
LEVEL5,4-600P::5-623,The Entry to Automatic Finishing - Bonus Hand Tool Set,https://www.zoro.com/static/cms/product/large/Grainger_5xx623xx3.jpg,d:\AMD\projects\drywall-toolbox\products\Production\launch\launch_images\level5_4_600p_5_623_03.webp,failed,http_404
LEVEL5,4-600P::5-777,The Entry to Automatic Finishing - 50” Corner Roller Handle (as printed: 5-777),https://www.zoro.com/static/cms/product/large/Grainger_5xx777xx1.jpg,d:\AMD\projects\drywall-toolbox\products\Production\launch\launch_images\level5_4_600p_5_777_01.webp,failed,http_404
LEVEL5,4-600P::5-777,The Entry to Automatic Finishing - 50” Corner Roller Handle (as printed: 5-777),https://www.zoro.com/static/cms/product/large/Grainger_5xx777xx2.jpg,d:\AMD\projects\drywall-toolbox\products\Production\launch\launch_images\level5_4_600p_5_777_02.webp,failed,http_404
LEVEL5,4-600P::5-777,The Entry to Automatic Finishing - 50” Corner Roller Handle (as printed: 5-777),https://www.zoro.com/static/cms/product/large/Grainger_5xx777xx3.jpg,d:\AMD\projects\drywall-toolbox\products\Production\launch\launch_images\level5_4_600p_5_777_03.webp,failed,http_404
LEVEL5,4-602::4-701,The Entry to Automatic Finishing - 7” Corner Applicator Box,https://www.zoro.com/static/cms/product/large/Grainger_4xx701xx1.jpg,d:\AMD\projects\drywall-toolbox\products\Production\launch\launch_images\level5_4_602_4_701_01.webp,ok,
LEVEL5,4-602::4-701,The Entry to Automatic Finishing - 7” Corner Applicator Box,https://www.zoro.com/static/cms/product/large/Grainger_4xx701xx2.jpg,d:\AMD\projects\drywall-toolbox\products\Production\launch\launch_images\level5_4_602_4_701_02.webp,ok,
LEVEL5,4-602::4-701,The Entry to Automatic Finishing - 7” Corner Applicator Box,https://www.zoro.com/static/cms/product/large/Grainger_4xx701xx3.jpg,d:\AMD\projects\drywall-toolbox\products\Production\launch\launch_images\level5_4_602_4_701_03.webp,ok,
LEVEL5,4-602::4-707,The Entry to Automatic Finishing - Corner Roller,https://www.zoro.com/static/cms/product/large/Grainger_4xx707xx1.jpg,d:\AMD\projects\drywall-toolbox\products\Production\launch\launch_images\level5_4_602_4_707_01.webp,ok,
LEVEL5,4-602::4-707,The Entry to Automatic Finishing - Corner Roller,https://www.zoro.com/static/cms/product/large/Grainger_4xx707xx2.jpg,d:\AMD\projects\drywall-toolbox\products\Production\launch\launch_images\level5_4_602_4_707_02.webp,ok,
LEVEL5,4-602::4-707,The Entry to Automatic Finishing - Corner Roller,https://www.zoro.com/static/cms/product/large/Grainger_4xx707xx3.jpg,d:\AMD\projects\drywall-toolbox\products\Production\launch\launch_images\level5_4_602_4_707_03.webp,ok,
LEVEL5,4-602::4-712,The Entry to Automatic Finishing - 42” Flat Box Handle,https://www.zoro.com/static/cms/product/large/Grainger_4xx712xx1.jpg,d:\AMD\projects\drywall-toolbox\products\Production\launch\launch_images\level5_4_602_4_712_01.webp,ok,
LEVEL5,4-602::4-712,The Entry to Automatic Finishing - 42” Flat Box Handle,https://www.zoro.com/static/cms/product/large/Grainger_4xx712xx2.jpg,d:\AMD\projects\drywall-toolbox\products\Production\launch\launch_images\level5_4_602_4_712_02.webp,failed,http_404
LEVEL5,4-602::4-712,The Entry to Automatic Finishing - 42” Flat Box Handle,https://www.zoro.com/static/cms/product/large/Grainger_4xx712xx3.jpg,d:\AMD\projects\drywall-toolbox\products\Production\launch\launch_images\level5_4_602_4_712_03.webp,failed,http_404
LEVEL5,4-602::4-733,The Entry to Automatic Finishing - 3” Corner Finisher,https://www.zoro.com/static/cms/product/large/Grainger_4xx733xx1.jpg,d:\AMD\projects\drywall-toolbox\products\Production\launch\launch_images\level5_4_602_4_733_01.webp,ok,
LEVEL5,4-602::4-733,The Entry to Automatic Finishing - 3” Corner Finisher,https://www.zoro.com/static/cms/product/large/Grainger_4xx733xx2.jpg,d:\AMD\projects\drywall-toolbox\products\Production\launch\launch_images\level5_4_602_4_733_02.webp,ok,
LEVEL5,4-602::4-733,The Entry to Automatic Finishing - 3” Corner Finisher,https://www.zoro.com/static/cms/product/large/Grainger_4xx733xx3.jpg,d:\AMD\projects\drywall-toolbox\products\Production\launch\launch_images\level5_4_602_4_733_03.webp,ok,
LEVEL5,4-602::4-765,The Entry to Automatic Finishing - 10” Flat Box,https://www.zoro.com/static/cms/product/large/Grainger_4xx765xx1.jpg,d:\AMD\projects\drywall-toolbox\products\Production\launch\launch_images\level5_4_602_4_765_01.webp,ok,
LEVEL5,4-602::4-765,The Entry to Automatic Finishing - 10” Flat Box,https://www.zoro.com/static/cms/product/large/Grainger_4xx765xx2.jpg,d:\AMD\projects\drywall-toolbox\products\Production\launch\launch_images\level5_4_602_4_765_02.webp,failed,http_404
LEVEL5,4-602::4-765,The Entry to Automatic Finishing - 10” Flat Box,https://www.zoro.com/static/cms/product/large/Grainger_4xx765xx3.jpg,d:\AMD\projects\drywall-toolbox\products\Production\launch\launch_images\level5_4_602_4_765_03.webp,failed,http_404
LEVEL5,4-602::4-766,The Entry to Automatic Finishing - 12” Flat Box,https://www.zoro.com/static/cms/product/large/Grainger_4xx766xx1.jpg,d:\AMD\projects\drywall-toolbox\products\Production\launch\launch_images\level5_4_602_4_766_01.webp,ok,
LEVEL5,4-602::4-766,The Entry to Automatic Finishing - 12” Flat Box,https://www.zoro.com/static/cms/product/large/Grainger_4xx766xx2.jpg,d:\AMD\projects\drywall-toolbox\products\Production\launch\launch_images\level5_4_602_4_766_02.webp,failed,http_404
LEVEL5,4-602::4-766,The Entry to Automatic Finishing - 12” Flat Box,https://www.zoro.com/static/cms/product/large/Grainger_4xx766xx3.jpg,d:\AMD\projects\drywall-toolbox\products\Production\launch\launch_images\level5_4_602_4_766_03.webp,failed,http_404
LEVEL5,4-602::4-771,The Entry to Automatic Finishing - Compound Pump,https://www.zoro.com/static/cms/product/large/Grainger_4xx771xx1.jpg,d:\AMD\projects\drywall-toolbox\products\Production\launch\launch_images\level5_4_602_4_771_01.webp,ok,
LEVEL5,4-602::4-771,The Entry to Automatic Finishing - Compound Pump,https://www.zoro.com/static/cms/product/large/Grainger_4xx771xx2.jpg,d:\AMD\projects\drywall-toolbox\products\Production\launch\launch_images\level5_4_602_4_771_02.webp,ok,
LEVEL5,4-602::4-771,The Entry to Automatic Finishing - Compound Pump,https://www.zoro.com/static/cms/product/large/Grainger_4xx771xx3.jpg,d:\AMD\projects\drywall-toolbox\products\Production\launch\launch_images\level5_4_602_4_771_03.webp,failed,http_404
LEVEL5,4-602::4-777,The Entry to Automatic Finishing - 54” Corner Roller Handle,https://www.zoro.com/static/cms/product/large/Grainger_4xx777xx1.jpg,d:\AMD\projects\drywall-toolbox\products\Production\launch\launch_images\level5_4_602_4_777_01.webp,ok,
LEVEL5,4-602::4-777,The Entry to Automatic Finishing - 54” Corner Roller Handle,https://www.zoro.com/static/cms/product/large/Grainger_4xx777xx2.jpg,d:\AMD\projects\drywall-toolbox\products\Production\launch\launch_images\level5_4_602_4_777_02.webp,failed,http_404
LEVEL5,4-602::4-777,The Entry to Automatic Finishing - 54” Corner Roller Handle,https://www.zoro.com/static/cms/product/large/Grainger_4xx777xx3.jpg,d:\AMD\projects\drywall-toolbox\products\Production\launch\launch_images\level5_4_602_4_777_03.webp,failed,http_404
LEVEL5,4-602::4-778,The Entry to Automatic Finishing - 50” Corner Applicator Handle,https://www.zoro.com/static/cms/product/large/Grainger_4xx778xx1.jpg,d:\AMD\projects\drywall-toolbox\products\Production\launch\launch_images\level5_4_602_4_778_01.webp,ok,
LEVEL5,4-602::4-778,The Entry to Automatic Finishing - 50” Corner Applicator Handle,https://www.zoro.com/static/cms/product/large/Grainger_4xx778xx2.jpg,d:\AMD\projects\drywall-toolbox\products\Production\launch\launch_images\level5_4_602_4_778_02.webp,failed,http_404
LEVEL5,4-602::4-778,The Entry to Automatic Finishing - 50” Corner Applicator Handle,https://www.zoro.com/static/cms/product/large/Grainger_4xx778xx3.jpg,d:\AMD\projects\drywall-toolbox\products\Production\launch\launch_images\level5_4_602_4_778_03.webp,failed,http_404
LEVEL5,4-602::4-779,The Entry to Automatic Finishing - 54” Corner Finisher Handle,https://www.zoro.com/static/cms/product/large/Grainger_4xx779xx1.jpg,d:\AMD\projects\drywall-toolbox\products\Production\launch\launch_images\level5_4_602_4_779_01.webp,ok,
LEVEL5,4-602::4-779,The Entry to Automatic Finishing - 54” Corner Finisher Handle,https://www.zoro.com/static/cms/product/large/Grainger_4xx779xx2.jpg,d:\AMD\projects\drywall-toolbox\products\Production\launch\launch_images\level5_4_602_4_779_02.webp,failed,http_404
LEVEL5,4-602::4-779,The Entry to Automatic Finishing - 54” Corner Finisher Handle,https://www.zoro.com/static/cms/product/large/Grainger_4xx779xx3.jpg,d:\AMD\projects\drywall-toolbox\products\Production\launch\launch_images\level5_4_602_4_779_03.webp,failed,http_404
LEVEL5,4-605::4-765,10”/12” Standard Boxes w/ Ext. Handle - 10” Flat Box,https://www.zoro.com/static/cms/product/large/Grainger_4xx765xx1.jpg,d:\AMD\projects\drywall-toolbox\products\Production\launch\launch_images\level5_4_605_4_765_01.webp,ok,
LEVEL5,4-605::4-765,10”/12” Standard Boxes w/ Ext. Handle - 10” Flat Box,https://www.zoro.com/static/cms/product/large/Grainger_4xx765xx2.jpg,d:\AMD\projects\drywall-toolbox\products\Production\launch\launch_images\level5_4_605_4_765_02.webp,failed,http_404
LEVEL5,4-605::4-765,10”/12” Standard Boxes w/ Ext. Handle - 10” Flat Box,https://www.zoro.com/static/cms/product/large/Grainger_4xx765xx3.jpg,d:\AMD\projects\drywall-toolbox\products\Production\launch\launch_images\level5_4_605_4_765_03.webp,failed,http_404
LEVEL5,4-605::4-766,10”/12” Standard Boxes w/ Ext. Handle - 12” Flat Box,https://www.zoro.com/static/cms/product/large/Grainger_4xx766xx1.jpg,d:\AMD\projects\drywall-toolbox\products\Production\launch\launch_images\level5_4_605_4_766_01.webp,ok,
LEVEL5,4-605::4-766,10”/12” Standard Boxes w/ Ext. Handle - 12” Flat Box,https://www.zoro.com/static/cms/product/large/Grainger_4xx766xx2.jpg,d:\AMD\projects\drywall-toolbox\products\Production\launch\launch_images\level5_4_605_4_766_02.webp,failed,http_404
LEVEL5,4-605::4-766,10”/12” Standard Boxes w/ Ext. Handle - 12” Flat Box,https://www.zoro.com/static/cms/product/large/Grainger_4xx766xx3.jpg,d:\AMD\projects\drywall-toolbox\products\Production\launch\launch_images\level5_4_605_4_766_03.webp,failed,http_404
LEVEL5,4-605::4-771,10”/12” Standard Boxes w/ Ext. Handle - Compound Pump,https://www.zoro.com/static/cms/product/large/Grainger_4xx771xx1.jpg,d:\AMD\projects\drywall-toolbox\products\Production\launch\launch_images\level5_4_605_4_771_01.webp,ok,
LEVEL5,4-605::4-771,10”/12” Standard Boxes w/ Ext. Handle - Compound Pump,https://www.zoro.com/static/cms/product/large/Grainger_4xx771xx2.jpg,d:\AMD\projects\drywall-toolbox\products\Production\launch\launch_images\level5_4_605_4_771_02.webp,ok,
LEVEL5,4-605::4-771,10”/12” Standard Boxes w/ Ext. Handle - Compound Pump,https://www.zoro.com/static/cms/product/large/Grainger_4xx771xx3.jpg,d:\AMD\projects\drywall-toolbox\products\Production\launch\launch_images\level5_4_605_4_771_03.webp,failed,http_404
LEVEL5,4-605::4-780,10”/12” Standard Boxes w/ Ext. Handle - 40”- 62” Flat Box Handle,https://www.zoro.com/static/cms/product/large/Grainger_4xx780xx1.jpg,d:\AMD\projects\drywall-toolbox\products\Production\launch\launch_images\level5_4_605_4_780_01.webp,ok,
LEVEL5,4-605::4-780,10”/12” Standard Boxes w/ Ext. Handle - 40”- 62” Flat Box Handle,https://www.zoro.com/static/cms/product/large/Grainger_4xx780xx2.jpg,d:\AMD\projects\drywall-toolbox\products\Production\launch\launch_images\level5_4_605_4_780_02.webp,failed,http_404
LEVEL5,4-605::4-780,10”/12” Standard Boxes w/ Ext. Handle - 40”- 62” Flat Box Handle,https://www.zoro.com/static/cms/product/large/Grainger_4xx780xx3.jpg,d:\AMD\projects\drywall-toolbox\products\Production\launch\launch_images\level5_4_605_4_780_03.webp,failed,http_404
LEVEL5,4-629::4-768,10”/12” MEGA BOXES W/ EXT. HANDLE - 10” Mega Flat Box,https://www.zoro.com/static/cms/product/large/Grainger_4xx768xx1.jpg,d:\AMD\projects\drywall-toolbox\products\Production\launch\launch_images\level5_4_629_4_768_01.webp,failed,image file is truncated (17 bytes not processed)
LEVEL5,4-629::4-768,10”/12” MEGA BOXES W/ EXT. HANDLE - 10” Mega Flat Box,https://www.zoro.com/static/cms/product/large/Grainger_4xx768xx2.jpg,d:\AMD\projects\drywall-toolbox\products\Production\launch\launch_images\level5_4_629_4_768_02.webp,ok,
LEVEL5,4-629::4-768,10”/12” MEGA BOXES W/ EXT. HANDLE - 10” Mega Flat Box,https://www.zoro.com/static/cms/product/large/Grainger_4xx768xx3.jpg,d:\AMD\projects\drywall-toolbox\products\Production\launch\launch_images\level5_4_629_4_768_03.webp,ok,
LEVEL5,4-629::4-769,10”/12” MEGA BOXES W/ EXT. HANDLE - 12” Mega Flat Box,https://www.zoro.com/static/cms/product/large/Grainger_4xx769xx1.jpg,d:\AMD\projects\drywall-toolbox\products\Production\launch\launch_images\level5_4_629_4_769_01.webp,ok,
LEVEL5,4-629::4-769,10”/12” MEGA BOXES W/ EXT. HANDLE - 12” Mega Flat Box,https://www.zoro.com/static/cms/product/large/Grainger_4xx769xx2.jpg,d:\AMD\projects\drywall-toolbox\products\Production\launch\launch_images\level5_4_629_4_769_02.webp,ok,
LEVEL5,4-629::4-769,10”/12” MEGA BOXES W/ EXT. HANDLE - 12” Mega Flat Box,https://www.zoro.com/static/cms/product/large/Grainger_4xx769xx3.jpg,d:\AMD\projects\drywall-toolbox\products\Production\launch\launch_images\level5_4_629_4_769_03.webp,ok,
LEVEL5,4-629::4-771,10”/12” MEGA BOXES W/ EXT. HANDLE - Compound Pump,https://www.zoro.com/static/cms/product/large/Grainger_4xx771xx1.jpg,d:\AMD\projects\drywall-toolbox\products\Production\launch\launch_images\level5_4_629_4_771_01.webp,ok,
LEVEL5,4-629::4-771,10”/12” MEGA BOXES W/ EXT. HANDLE - Compound Pump,https://www.zoro.com/static/cms/product/large/Grainger_4xx771xx2.jpg,d:\AMD\projects\drywall-toolbox\products\Production\launch\launch_images\level5_4_629_4_771_02.webp,ok,
LEVEL5,4-629::4-771,10”/12” MEGA BOXES W/ EXT. HANDLE - Compound Pump,https://www.zoro.com/static/cms/product/large/Grainger_4xx771xx3.jpg,d:\AMD\projects\drywall-toolbox\products\Production\launch\launch_images\level5_4_629_4_771_03.webp,failed,http_404
LEVEL5,4-629::4-780,10”/12” MEGA BOXES W/ EXT. HANDLE - 40”- 62” Flat Box Handle,https://www.zoro.com/static/cms/product/large/Grainger_4xx780xx1.jpg,d:\AMD\projects\drywall-toolbox\products\Production\launch\launch_images\level5_4_629_4_780_01.webp,ok,
LEVEL5,4-629::4-780,10”/12” MEGA BOXES W/ EXT. HANDLE - 40”- 62” Flat Box Handle,https://www.zoro.com/static/cms/product/large/Grainger_4xx780xx2.jpg,d:\AMD\projects\drywall-toolbox\products\Production\launch\launch_images\level5_4_629_4_780_02.webp,failed,http_404
LEVEL5,4-629::4-780,10”/12” MEGA BOXES W/ EXT. HANDLE - 40”- 62” Flat Box Handle,https://www.zoro.com/static/cms/product/large/Grainger_4xx780xx3.jpg,d:\AMD\projects\drywall-toolbox\products\Production\launch\launch_images\level5_4_629_4_780_03.webp,failed,http_404
LEVEL5,4-630::4-707,The Starter Taping Set - Corner Roller,https://www.zoro.com/static/cms/product/large/Grainger_4xx707xx1.jpg,d:\AMD\projects\drywall-toolbox\products\Production\launch\launch_images\level5_4_630_4_707_01.webp,ok,
LEVEL5,4-630::4-707,The Starter Taping Set - Corner Roller,https://www.zoro.com/static/cms/product/large/Grainger_4xx707xx2.jpg,d:\AMD\projects\drywall-toolbox\products\Production\launch\launch_images\level5_4_630_4_707_02.webp,ok,
LEVEL5,4-630::4-707,The Starter Taping Set - Corner Roller,https://www.zoro.com/static/cms/product/large/Grainger_4xx707xx3.jpg,d:\AMD\projects\drywall-toolbox\products\Production\launch\launch_images\level5_4_630_4_707_03.webp,ok,
LEVEL5,4-630::4-714,The Starter Taping Set - Gooseneck Filler Tube,https://www.zoro.com/static/cms/product/large/Grainger_4xx714xx1.jpg,d:\AMD\projects\drywall-toolbox\products\Production\launch\launch_images\level5_4_630_4_714_01.webp,ok,
LEVEL5,4-630::4-714,The Starter Taping Set - Gooseneck Filler Tube,https://www.zoro.com/static/cms/product/large/Grainger_4xx714xx2.jpg,d:\AMD\projects\drywall-toolbox\products\Production\launch\launch_images\level5_4_630_4_714_02.webp,ok,
LEVEL5,4-630::4-714,The Starter Taping Set - Gooseneck Filler Tube,https://www.zoro.com/static/cms/product/large/Grainger_4xx714xx3.jpg,d:\AMD\projects\drywall-toolbox\products\Production\launch\launch_images\level5_4_630_4_714_03.webp,failed,http_404
LEVEL5,4-630::4-760,The Starter Taping Set - Automatic Taper,https://www.zoro.com/static/cms/product/large/Grainger_4xx760xx1.jpg,d:\AMD\projects\drywall-toolbox\products\Production\launch\launch_images\level5_4_630_4_760_01.webp,ok,
LEVEL5,4-630::4-760,The Starter Taping Set - Automatic Taper,https://www.zoro.com/static/cms/product/large/Grainger_4xx760xx2.jpg,d:\AMD\projects\drywall-toolbox\products\Production\launch\launch_images\level5_4_630_4_760_02.webp,ok,
LEVEL5,4-630::4-760,The Starter Taping Set - Automatic Taper,https://www.zoro.com/static/cms/product/large/Grainger_4xx760xx3.jpg,d:\AMD\projects\drywall-toolbox\products\Production\launch\launch_images\level5_4_630_4_760_03.webp,ok,
LEVEL5,4-630::4-771,The Starter Taping Set - Compound Pump,https://www.zoro.com/static/cms/product/large/Grainger_4xx771xx1.jpg,d:\AMD\projects\drywall-toolbox\products\Production\launch\launch_images\level5_4_630_4_771_01.webp,ok,
LEVEL5,4-630::4-771,The Starter Taping Set - Compound Pump,https://www.zoro.com/static/cms/product/large/Grainger_4xx771xx2.jpg,d:\AMD\projects\drywall-toolbox\products\Production\launch\launch_images\level5_4_630_4_771_02.webp,ok,
LEVEL5,4-630::4-771,The Starter Taping Set - Compound Pump,https://www.zoro.com/static/cms/product/large/Grainger_4xx771xx3.jpg,d:\AMD\projects\drywall-toolbox\products\Production\launch\launch_images\level5_4_630_4_771_03.webp,failed,http_404
LEVEL5,4-630::4-777,The Starter Taping Set - 50” Corner Roller Handle,https://www.zoro.com/static/cms/product/large/Grainger_4xx777xx1.jpg,d:\AMD\projects\drywall-toolbox\products\Production\launch\launch_images\level5_4_630_4_777_01.webp,ok,
LEVEL5,4-630::4-777,The Starter Taping Set - 50” Corner Roller Handle,https://www.zoro.com/static/cms/product/large/Grainger_4xx777xx2.jpg,d:\AMD\projects\drywall-toolbox\products\Production\launch\launch_images\level5_4_630_4_777_02.webp,failed,http_404
LEVEL5,4-630::4-777,The Starter Taping Set - 50” Corner Roller Handle,https://www.zoro.com/static/cms/product/large/Grainger_4xx777xx3.jpg,d:\AMD\projects\drywall-toolbox\products\Production\launch\launch_images\level5_4_630_4_777_03.webp,failed,http_404
LEVEL5,4-650::4-708,The Semi-Automatic Starter Set - Corner Roller,https://www.zoro.com/static/cms/product/large/Grainger_4xx708xx1.jpg,d:\AMD\projects\drywall-toolbox\products\Production\launch\launch_images\level5_4_650_4_708_01.webp,failed,http_404
LEVEL5,4-650::4-708,The Semi-Automatic Starter Set - Corner Roller,https://www.zoro.com/static/cms/product/large/Grainger_4xx708xx2.jpg,d:\AMD\projects\drywall-toolbox\products\Production\launch\launch_images\level5_4_650_4_708_02.webp,failed,http_404
LEVEL5,4-650::4-708,The Semi-Automatic Starter Set - Corner Roller,https://www.zoro.com/static/cms/product/large/Grainger_4xx708xx3.jpg,d:\AMD\projects\drywall-toolbox\products\Production\launch\launch_images\level5_4_650_4_708_03.webp,failed,http_404
LEVEL5,4-650::4-712,The Semi-Automatic Starter Set - 42” Flat Box Handle,https://www.zoro.com/static/cms/product/large/Grainger_4xx712xx1.jpg,d:\AMD\projects\drywall-toolbox\products\Production\launch\launch_images\level5_4_650_4_712_01.webp,ok,
LEVEL5,4-650::4-712,The Semi-Automatic Starter Set - 42” Flat Box Handle,https://www.zoro.com/static/cms/product/large/Grainger_4xx712xx2.jpg,d:\AMD\projects\drywall-toolbox\products\Production\launch\launch_images\level5_4_650_4_712_02.webp,failed,http_404
LEVEL5,4-650::4-712,The Semi-Automatic Starter Set - 42” Flat Box Handle,https://www.zoro.com/static/cms/product/large/Grainger_4xx712xx3.jpg,d:\AMD\projects\drywall-toolbox\products\Production\launch\launch_images\level5_4_650_4_712_03.webp,failed,http_404
LEVEL5,4-650::4-722,The Semi-Automatic Starter Set - 10” Flat Box,https://www.zoro.com/static/cms/product/large/Grainger_4xx722xx1.jpg,d:\AMD\projects\drywall-toolbox\products\Production\launch\launch_images\level5_4_650_4_722_01.webp,failed,http_404
LEVEL5,4-650::4-722,The Semi-Automatic Starter Set - 10” Flat Box,https://www.zoro.com/static/cms/product/large/Grainger_4xx722xx2.jpg,d:\AMD\projects\drywall-toolbox\products\Production\launch\launch_images\level5_4_650_4_722_02.webp,failed,http_404
LEVEL5,4-650::4-722,The Semi-Automatic Starter Set - 10” Flat Box,https://www.zoro.com/static/cms/product/large/Grainger_4xx722xx3.jpg,d:\AMD\projects\drywall-toolbox\products\Production\launch\launch_images\level5_4_650_4_722_03.webp,failed,http_404
LEVEL5,4-650::4-723,The Semi-Automatic Starter Set - 12” Flat Box,https://www.zoro.com/static/cms/product/large/Grainger_4xx723xx1.jpg,d:\AMD\projects\drywall-toolbox\products\Production\launch\launch_images\level5_4_650_4_723_01.webp,failed,http_404
LEVEL5,4-650::4-723,The Semi-Automatic Starter Set - 12” Flat Box,https://www.zoro.com/static/cms/product/large/Grainger_4xx723xx2.jpg,d:\AMD\projects\drywall-toolbox\products\Production\launch\launch_images\level5_4_650_4_723_02.webp,failed,http_404
LEVEL5,4-650::4-723,The Semi-Automatic Starter Set - 12” Flat Box,https://www.zoro.com/static/cms/product/large/Grainger_4xx723xx3.jpg,d:\AMD\projects\drywall-toolbox\products\Production\launch\launch_images\level5_4_650_4_723_03.webp,failed,http_404
LEVEL5,4-650::4-741,The Semi-Automatic Starter Set - Compound Tube,https://www.zoro.com/static/cms/product/large/Grainger_4xx741xx1.jpg,d:\AMD\projects\drywall-toolbox\products\Production\launch\launch_images\level5_4_650_4_741_01.webp,failed,http_404
LEVEL5,4-650::4-741,The Semi-Automatic Starter Set - Compound Tube,https://www.zoro.com/static/cms/product/large/Grainger_4xx741xx2.jpg,d:\AMD\projects\drywall-toolbox\products\Production\launch\launch_images\level5_4_650_4_741_02.webp,failed,http_404
LEVEL5,4-650::4-741,The Semi-Automatic Starter Set - Compound Tube,https://www.zoro.com/static/cms/product/large/Grainger_4xx741xx3.jpg,d:\AMD\projects\drywall-toolbox\products\Production\launch\launch_images\level5_4_650_4_741_03.webp,failed,http_404
LEVEL5,4-650::4-744,The Semi-Automatic Starter Set - 3.5” Corner Flusher,https://www.zoro.com/static/cms/product/large/Grainger_4xx744xx1.jpg,d:\AMD\projects\drywall-toolbox\products\Production\launch\launch_images\level5_4_650_4_744_01.webp,failed,http_404
LEVEL5,4-650::4-744,The Semi-Automatic Starter Set - 3.5” Corner Flusher,https://www.zoro.com/static/cms/product/large/Grainger_4xx744xx2.jpg,d:\AMD\projects\drywall-toolbox\products\Production\launch\launch_images\level5_4_650_4_744_02.webp,failed,http_404
LEVEL5,4-650::4-744,The Semi-Automatic Starter Set - 3.5” Corner Flusher,https://www.zoro.com/static/cms/product/large/Grainger_4xx744xx3.jpg,d:\AMD\projects\drywall-toolbox\products\Production\launch\launch_images\level5_4_650_4_744_03.webp,failed,http_404
LEVEL5,4-650::4-775,The Semi-Automatic Starter Set - Corner Roller/Nail Spotter Handle,https://www.zoro.com/static/cms/product/large/Grainger_4xx775xx1.jpg,d:\AMD\projects\drywall-toolbox\products\Production\launch\launch_images\level5_4_650_4_775_01.webp,failed,http_404
LEVEL5,4-650::4-775,The Semi-Automatic Starter Set - Corner Roller/Nail Spotter Handle,https://www.zoro.com/static/cms/product/large/Grainger_4xx775xx2.jpg,d:\AMD\projects\drywall-toolbox\products\Production\launch\launch_images\level5_4_650_4_775_02.webp,failed,http_404
LEVEL5,4-650::4-775,The Semi-Automatic Starter Set - Corner Roller/Nail Spotter Handle,https://www.zoro.com/static/cms/product/large/Grainger_4xx775xx3.jpg,d:\AMD\projects\drywall-toolbox\products\Production\launch\launch_images\level5_4_650_4_775_03.webp,failed,http_404
LEVEL5,4-650::5-311,The Semi-Automatic Starter Set - Drywall Banjo,https://www.zoro.com/static/cms/product/large/Grainger_5xx311xx1.jpg,d:\AMD\projects\drywall-toolbox\products\Production\launch\launch_images\level5_4_650_5_311_01.webp,failed,http_404
LEVEL5,4-650::5-311,The Semi-Automatic Starter Set - Drywall Banjo,https://www.zoro.com/static/cms/product/large/Grainger_5xx311xx2.jpg,d:\AMD\projects\drywall-toolbox\products\Production\launch\launch_images\level5_4_650_5_311_02.webp,failed,http_404
LEVEL5,4-650::5-311,The Semi-Automatic Starter Set - Drywall Banjo,https://www.zoro.com/static/cms/product/large/Grainger_5xx311xx3.jpg,d:\AMD\projects\drywall-toolbox\products\Production\launch\launch_images\level5_4_650_5_311_03.webp,failed,http_404
LEVEL5,4-661P::4-707,The Full Taping Set w/ Ext. Handles & MiniShot - Corner Roller,https://www.zoro.com/static/cms/product/large/Grainger_4xx707xx1.jpg,d:\AMD\projects\drywall-toolbox\products\Production\launch\launch_images\level5_4_661p_4_707_01.webp,ok,
LEVEL5,4-661P::4-707,The Full Taping Set w/ Ext. Handles & MiniShot - Corner Roller,https://www.zoro.com/static/cms/product/large/Grainger_4xx707xx2.jpg,d:\AMD\projects\drywall-toolbox\products\Production\launch\launch_images\level5_4_661p_4_707_02.webp,ok,
LEVEL5,4-661P::4-707,The Full Taping Set w/ Ext. Handles & MiniShot - Corner Roller,https://www.zoro.com/static/cms/product/large/Grainger_4xx707xx3.jpg,d:\AMD\projects\drywall-toolbox\products\Production\launch\launch_images\level5_4_661p_4_707_03.webp,ok,
LEVEL5,4-661P::4-714,The Full Taping Set w/ Ext. Handles & MiniShot - Gooseneck Filler Tube,https://www.zoro.com/static/cms/product/large/Grainger_4xx714xx1.jpg,d:\AMD\projects\drywall-toolbox\products\Production\launch\launch_images\level5_4_661p_4_714_01.webp,ok,
LEVEL5,4-661P::4-714,The Full Taping Set w/ Ext. Handles & MiniShot - Gooseneck Filler Tube,https://www.zoro.com/static/cms/product/large/Grainger_4xx714xx2.jpg,d:\AMD\projects\drywall-toolbox\products\Production\launch\launch_images\level5_4_661p_4_714_02.webp,ok,
LEVEL5,4-661P::4-714,The Full Taping Set w/ Ext. Handles & MiniShot - Gooseneck Filler Tube,https://www.zoro.com/static/cms/product/large/Grainger_4xx714xx3.jpg,d:\AMD\projects\drywall-toolbox\products\Production\launch\launch_images\level5_4_661p_4_714_03.webp,failed,http_404
LEVEL5,4-661P::4-733,The Full Taping Set w/ Ext. Handles & MiniShot - 3” Corner Finisher,https://www.zoro.com/static/cms/product/large/Grainger_4xx733xx1.jpg,d:\AMD\projects\drywall-toolbox\products\Production\launch\launch_images\level5_4_661p_4_733_01.webp,ok,
LEVEL5,4-661P::4-733,The Full Taping Set w/ Ext. Handles & MiniShot - 3” Corner Finisher,https://www.zoro.com/static/cms/product/large/Grainger_4xx733xx2.jpg,d:\AMD\projects\drywall-toolbox\products\Production\launch\launch_images\level5_4_661p_4_733_02.webp,ok,
LEVEL5,4-661P::4-733,The Full Taping Set w/ Ext. Handles & MiniShot - 3” Corner Finisher,https://www.zoro.com/static/cms/product/large/Grainger_4xx733xx3.jpg,d:\AMD\projects\drywall-toolbox\products\Production\launch\launch_images\level5_4_661p_4_733_03.webp,ok,
LEVEL5,4-661P::4-760,The Full Taping Set w/ Ext. Handles & MiniShot - Automatic Taper,https://www.zoro.com/static/cms/product/large/Grainger_4xx760xx1.jpg,d:\AMD\projects\drywall-toolbox\products\Production\launch\launch_images\level5_4_661p_4_760_01.webp,ok,
LEVEL5,4-661P::4-760,The Full Taping Set w/ Ext. Handles & MiniShot - Automatic Taper,https://www.zoro.com/static/cms/product/large/Grainger_4xx760xx2.jpg,d:\AMD\projects\drywall-toolbox\products\Production\launch\launch_images\level5_4_661p_4_760_02.webp,ok,
LEVEL5,4-661P::4-760,The Full Taping Set w/ Ext. Handles & MiniShot - Automatic Taper,https://www.zoro.com/static/cms/product/large/Grainger_4xx760xx3.jpg,d:\AMD\projects\drywall-toolbox\products\Production\launch\launch_images\level5_4_661p_4_760_03.webp,ok,
LEVEL5,4-661P::4-765,The Full Taping Set w/ Ext. Handles & MiniShot - 10” Flat Box,https://www.zoro.com/static/cms/product/large/Grainger_4xx765xx1.jpg,d:\AMD\projects\drywall-toolbox\products\Production\launch\launch_images\level5_4_661p_4_765_01.webp,ok,
LEVEL5,4-661P::4-765,The Full Taping Set w/ Ext. Handles & MiniShot - 10” Flat Box,https://www.zoro.com/static/cms/product/large/Grainger_4xx765xx2.jpg,d:\AMD\projects\drywall-toolbox\products\Production\launch\launch_images\level5_4_661p_4_765_02.webp,failed,http_404
LEVEL5,4-661P::4-765,The Full Taping Set w/ Ext. Handles & MiniShot - 10” Flat Box,https://www.zoro.com/static/cms/product/large/Grainger_4xx765xx3.jpg,d:\AMD\projects\drywall-toolbox\products\Production\launch\launch_images\level5_4_661p_4_765_03.webp,failed,http_404
LEVEL5,4-661P::4-766,The Full Taping Set w/ Ext. Handles & MiniShot - 12” Flat Box,https://www.zoro.com/static/cms/product/large/Grainger_4xx766xx1.jpg,d:\AMD\projects\drywall-toolbox\products\Production\launch\launch_images\level5_4_661p_4_766_01.webp,ok,
LEVEL5,4-661P::4-766,The Full Taping Set w/ Ext. Handles & MiniShot - 12” Flat Box,https://www.zoro.com/static/cms/product/large/Grainger_4xx766xx2.jpg,d:\AMD\projects\drywall-toolbox\products\Production\launch\launch_images\level5_4_661p_4_766_02.webp,failed,http_404
LEVEL5,4-661P::4-766,The Full Taping Set w/ Ext. Handles & MiniShot - 12” Flat Box,https://www.zoro.com/static/cms/product/large/Grainger_4xx766xx3.jpg,d:\AMD\projects\drywall-toolbox\products\Production\launch\launch_images\level5_4_661p_4_766_03.webp,failed,http_404
LEVEL5,4-661P::4-771,The Full Taping Set w/ Ext. Handles & MiniShot - Compound Pump,https://www.zoro.com/static/cms/product/large/Grainger_4xx771xx1.jpg,d:\AMD\projects\drywall-toolbox\products\Production\launch\launch_images\level5_4_661p_4_771_01.webp,ok,
LEVEL5,4-661P::4-771,The Full Taping Set w/ Ext. Handles & MiniShot - Compound Pump,https://www.zoro.com/static/cms/product/large/Grainger_4xx771xx2.jpg,d:\AMD\projects\drywall-toolbox\products\Production\launch\launch_images\level5_4_661p_4_771_02.webp,ok,
LEVEL5,4-661P::4-771,The Full Taping Set w/ Ext. Handles & MiniShot - Compound Pump,https://www.zoro.com/static/cms/product/large/Grainger_4xx771xx3.jpg,d:\AMD\projects\drywall-toolbox\products\Production\launch\launch_images\level5_4_661p_4_771_03.webp,failed,http_404
LEVEL5,4-661P::4-772,The Full Taping Set w/ Ext. Handles & MiniShot - MiniShot,https://www.zoro.com/static/cms/product/large/Grainger_4xx772xx1.jpg,d:\AMD\projects\drywall-toolbox\products\Production\launch\launch_images\level5_4_661p_4_772_01.webp,failed,http_404
LEVEL5,4-661P::4-772,The Full Taping Set w/ Ext. Handles & MiniShot - MiniShot,https://www.zoro.com/static/cms/product/large/Grainger_4xx772xx2.jpg,d:\AMD\projects\drywall-toolbox\products\Production\launch\launch_images\level5_4_661p_4_772_02.webp,failed,http_404
LEVEL5,4-661P::4-772,The Full Taping Set w/ Ext. Handles & MiniShot - MiniShot,https://www.zoro.com/static/cms/product/large/Grainger_4xx772xx3.jpg,d:\AMD\projects\drywall-toolbox\products\Production\launch\launch_images\level5_4_661p_4_772_03.webp,failed,http_404
LEVEL5,4-661P::4-780,The Full Taping Set w/ Ext. Handles & MiniShot - 40”- 62” Flat Box Handle,https://www.zoro.com/static/cms/product/large/Grainger_4xx780xx1.jpg,d:\AMD\projects\drywall-toolbox\products\Production\launch\launch_images\level5_4_661p_4_780_01.webp,ok,
LEVEL5,4-661P::4-780,The Full Taping Set w/ Ext. Handles & MiniShot - 40”- 62” Flat Box Handle,https://www.zoro.com/static/cms/product/large/Grainger_4xx780xx2.jpg,d:\AMD\projects\drywall-toolbox\products\Production\launch\launch_images\level5_4_661p_4_780_02.webp,failed,http_404
LEVEL5,4-661P::4-780,The Full Taping Set w/ Ext. Handles & MiniShot - 40”- 62” Flat Box Handle,https://www.zoro.com/static/cms/product/large/Grainger_4xx780xx3.jpg,d:\AMD\projects\drywall-toolbox\products\Production\launch\launch_images\level5_4_661p_4_780_03.webp,failed,http_404
LEVEL5,4-661P::4-792,The Full Taping Set w/ Ext. Handles & MiniShot - 31”- 50” Corner Roller Handle,https://www.zoro.com/static/cms/product/large/Grainger_4xx792xx1.jpg,d:\AMD\projects\drywall-toolbox\products\Production\launch\launch_images\level5_4_661p_4_792_01.webp,ok,
LEVEL5,4-661P::4-792,The Full Taping Set w/ Ext. Handles & MiniShot - 31”- 50” Corner Roller Handle,https://www.zoro.com/static/cms/product/large/Grainger_4xx792xx2.jpg,d:\AMD\projects\drywall-toolbox\products\Production\launch\launch_images\level5_4_661p_4_792_02.webp,failed,http_404
LEVEL5,4-661P::4-792,The Full Taping Set w/ Ext. Handles & MiniShot - 31”- 50” Corner Roller Handle,https://www.zoro.com/static/cms/product/large/Grainger_4xx792xx3.jpg,d:\AMD\projects\drywall-toolbox\products\Production\launch\launch_images\level5_4_661p_4_792_03.webp,failed,http_404
LEVEL5,4-661P::4-795,The Full Taping Set w/ Ext. Handles & MiniShot - 31”- 50” Corner Finisher Handle,https://www.zoro.com/static/cms/product/large/Grainger_4xx795xx1.jpg,d:\AMD\projects\drywall-toolbox\products\Production\launch\launch_images\level5_4_661p_4_795_01.webp,ok,
LEVEL5,4-661P::4-795,The Full Taping Set w/ Ext. Handles & MiniShot - 31”- 50” Corner Finisher Handle,https://www.zoro.com/static/cms/product/large/Grainger_4xx795xx2.jpg,d:\AMD\projects\drywall-toolbox\products\Production\launch\launch_images\level5_4_661p_4_795_02.webp,failed,http_404
LEVEL5,4-661P::4-795,The Full Taping Set w/ Ext. Handles & MiniShot - 31”- 50” Corner Finisher Handle,https://www.zoro.com/static/cms/product/large/Grainger_4xx795xx3.jpg,d:\AMD\projects\drywall-toolbox\products\Production\launch\launch_images\level5_4_661p_4_795_03.webp,failed,http_404
LEVEL5,4-661P::5-623,The Full Taping Set w/ Ext. Handles & MiniShot - Bonus Hand Tool Set,https://www.zoro.com/static/cms/product/large/Grainger_5xx623xx1.jpg,d:\AMD\projects\drywall-toolbox\products\Production\launch\launch_images\level5_4_661p_5_623_01.webp,ok,
LEVEL5,4-661P::5-623,The Full Taping Set w/ Ext. Handles & MiniShot - Bonus Hand Tool Set,https://www.zoro.com/static/cms/product/large/Grainger_5xx623xx2.jpg,d:\AMD\projects\drywall-toolbox\products\Production\launch\launch_images\level5_4_661p_5_623_02.webp,failed,http_404
LEVEL5,4-661P::5-623,The Full Taping Set w/ Ext. Handles & MiniShot - Bonus Hand Tool Set,https://www.zoro.com/static/cms/product/large/Grainger_5xx623xx3.jpg,d:\AMD\projects\drywall-toolbox\products\Production\launch\launch_images\level5_4_661p_5_623_03.webp,failed,http_404
LEVEL5,4-677P::4-707,The Ultimate Taping & Finishing Set - Corner Roller,https://www.zoro.com/static/cms/product/large/Grainger_4xx707xx1.jpg,d:\AMD\projects\drywall-toolbox\products\Production\launch\launch_images\level5_4_677p_4_707_01.webp,ok,
LEVEL5,4-677P::4-707,The Ultimate Taping & Finishing Set - Corner Roller,https://www.zoro.com/static/cms/product/large/Grainger_4xx707xx2.jpg,d:\AMD\projects\drywall-toolbox\products\Production\launch\launch_images\level5_4_677p_4_707_02.webp,ok,
LEVEL5,4-677P::4-707,The Ultimate Taping & Finishing Set - Corner Roller,https://www.zoro.com/static/cms/product/large/Grainger_4xx707xx3.jpg,d:\AMD\projects\drywall-toolbox\products\Production\launch\launch_images\level5_4_677p_4_707_03.webp,ok,
LEVEL5,4-677P::4-712,The Ultimate Taping & Finishing Set - 42” Flat Box Handle,https://www.zoro.com/static/cms/product/large/Grainger_4xx712xx1.jpg,d:\AMD\projects\drywall-toolbox\products\Production\launch\launch_images\level5_4_677p_4_712_01.webp,ok,
LEVEL5,4-677P::4-712,The Ultimate Taping & Finishing Set - 42” Flat Box Handle,https://www.zoro.com/static/cms/product/large/Grainger_4xx712xx2.jpg,d:\AMD\projects\drywall-toolbox\products\Production\launch\launch_images\level5_4_677p_4_712_02.webp,failed,http_404
LEVEL5,4-677P::4-712,The Ultimate Taping & Finishing Set - 42” Flat Box Handle,https://www.zoro.com/static/cms/product/large/Grainger_4xx712xx3.jpg,d:\AMD\projects\drywall-toolbox\products\Production\launch\launch_images\level5_4_677p_4_712_03.webp,failed,http_404
LEVEL5,4-677P::4-714,The Ultimate Taping & Finishing Set - Gooseneck Filler Tube,https://www.zoro.com/static/cms/product/large/Grainger_4xx714xx1.jpg,d:\AMD\projects\drywall-toolbox\products\Production\launch\launch_images\level5_4_677p_4_714_01.webp,ok,
LEVEL5,4-677P::4-714,The Ultimate Taping & Finishing Set - Gooseneck Filler Tube,https://www.zoro.com/static/cms/product/large/Grainger_4xx714xx2.jpg,d:\AMD\projects\drywall-toolbox\products\Production\launch\launch_images\level5_4_677p_4_714_02.webp,ok,
LEVEL5,4-677P::4-714,The Ultimate Taping & Finishing Set - Gooseneck Filler Tube,https://www.zoro.com/static/cms/product/large/Grainger_4xx714xx3.jpg,d:\AMD\projects\drywall-toolbox\products\Production\launch\launch_images\level5_4_677p_4_714_03.webp,failed,http_404
LEVEL5,4-677P::4-733,The Ultimate Taping & Finishing Set - 3” Corner Finisher,https://www.zoro.com/static/cms/product/large/Grainger_4xx733xx1.jpg,d:\AMD\projects\drywall-toolbox\products\Production\launch\launch_images\level5_4_677p_4_733_01.webp,ok,
LEVEL5,4-677P::4-733,The Ultimate Taping & Finishing Set - 3” Corner Finisher,https://www.zoro.com/static/cms/product/large/Grainger_4xx733xx2.jpg,d:\AMD\projects\drywall-toolbox\products\Production\launch\launch_images\level5_4_677p_4_733_02.webp,ok,
LEVEL5,4-677P::4-733,The Ultimate Taping & Finishing Set - 3” Corner Finisher,https://www.zoro.com/static/cms/product/large/Grainger_4xx733xx3.jpg,d:\AMD\projects\drywall-toolbox\products\Production\launch\launch_images\level5_4_677p_4_733_03.webp,ok,
LEVEL5,4-677P::4-734,The Ultimate Taping & Finishing Set - 3.5” Corner Finisher,https://www.zoro.com/static/cms/product/large/Grainger_4xx734xx1.jpg,d:\AMD\projects\drywall-toolbox\products\Production\launch\launch_images\level5_4_677p_4_734_01.webp,ok,
LEVEL5,4-677P::4-734,The Ultimate Taping & Finishing Set - 3.5” Corner Finisher,https://www.zoro.com/static/cms/product/large/Grainger_4xx734xx2.jpg,d:\AMD\projects\drywall-toolbox\products\Production\launch\launch_images\level5_4_677p_4_734_02.webp,ok,
LEVEL5,4-677P::4-734,The Ultimate Taping & Finishing Set - 3.5” Corner Finisher,https://www.zoro.com/static/cms/product/large/Grainger_4xx734xx3.jpg,d:\AMD\projects\drywall-toolbox\products\Production\launch\launch_images\level5_4_677p_4_734_03.webp,ok,
LEVEL5,4-677P::4-755,The Ultimate Taping & Finishing Set - 3” Nail Spotter,https://www.zoro.com/static/cms/product/large/Grainger_4xx755xx1.jpg,d:\AMD\projects\drywall-toolbox\products\Production\launch\launch_images\level5_4_677p_4_755_01.webp,ok,
LEVEL5,4-677P::4-755,The Ultimate Taping & Finishing Set - 3” Nail Spotter,https://www.zoro.com/static/cms/product/large/Grainger_4xx755xx2.jpg,d:\AMD\projects\drywall-toolbox\products\Production\launch\launch_images\level5_4_677p_4_755_02.webp,failed,image file is truncated (19 bytes not processed)
LEVEL5,4-677P::4-755,The Ultimate Taping & Finishing Set - 3” Nail Spotter,https://www.zoro.com/static/cms/product/large/Grainger_4xx755xx3.jpg,d:\AMD\projects\drywall-toolbox\products\Production\launch\launch_images\level5_4_677p_4_755_03.webp,ok,
LEVEL5,4-677P::4-760,The Ultimate Taping & Finishing Set - Automatic Taper,https://www.zoro.com/static/cms/product/large/Grainger_4xx760xx1.jpg,d:\AMD\projects\drywall-toolbox\products\Production\launch\launch_images\level5_4_677p_4_760_01.webp,ok,
LEVEL5,4-677P::4-760,The Ultimate Taping & Finishing Set - Automatic Taper,https://www.zoro.com/static/cms/product/large/Grainger_4xx760xx2.jpg,d:\AMD\projects\drywall-toolbox\products\Production\launch\launch_images\level5_4_677p_4_760_02.webp,ok,
LEVEL5,4-677P::4-760,The Ultimate Taping & Finishing Set - Automatic Taper,https://www.zoro.com/static/cms/product/large/Grainger_4xx760xx3.jpg,d:\AMD\projects\drywall-toolbox\products\Production\launch\launch_images\level5_4_677p_4_760_03.webp,ok,
LEVEL5,4-677P::4-764,The Ultimate Taping & Finishing Set - 7” Flat Box,https://www.zoro.com/static/cms/product/large/Grainger_4xx764xx1.jpg,d:\AMD\projects\drywall-toolbox\products\Production\launch\launch_images\level5_4_677p_4_764_01.webp,ok,
LEVEL5,4-677P::4-764,The Ultimate Taping & Finishing Set - 7” Flat Box,https://www.zoro.com/static/cms/product/large/Grainger_4xx764xx2.jpg,d:\AMD\projects\drywall-toolbox\products\Production\launch\launch_images\level5_4_677p_4_764_02.webp,ok,
LEVEL5,4-677P::4-764,The Ultimate Taping & Finishing Set - 7” Flat Box,https://www.zoro.com/static/cms/product/large/Grainger_4xx764xx3.jpg,d:\AMD\projects\drywall-toolbox\products\Production\launch\launch_images\level5_4_677p_4_764_03.webp,ok,
LEVEL5,4-677P::4-765,The Ultimate Taping & Finishing Set - 10” Flat Box,https://www.zoro.com/static/cms/product/large/Grainger_4xx765xx1.jpg,d:\AMD\projects\drywall-toolbox\products\Production\launch\launch_images\level5_4_677p_4_765_01.webp,ok,
LEVEL5,4-677P::4-765,The Ultimate Taping & Finishing Set - 10” Flat Box,https://www.zoro.com/static/cms/product/large/Grainger_4xx765xx2.jpg,d:\AMD\projects\drywall-toolbox\products\Production\launch\launch_images\level5_4_677p_4_765_02.webp,failed,http_404
LEVEL5,4-677P::4-765,The Ultimate Taping & Finishing Set - 10” Flat Box,https://www.zoro.com/static/cms/product/large/Grainger_4xx765xx3.jpg,d:\AMD\projects\drywall-toolbox\products\Production\launch\launch_images\level5_4_677p_4_765_03.webp,failed,http_404
LEVEL5,4-677P::4-766,The Ultimate Taping & Finishing Set - 12” Flat Box,https://www.zoro.com/static/cms/product/large/Grainger_4xx766xx1.jpg,d:\AMD\projects\drywall-toolbox\products\Production\launch\launch_images\level5_4_677p_4_766_01.webp,ok,
LEVEL5,4-677P::4-766,The Ultimate Taping & Finishing Set - 12” Flat Box,https://www.zoro.com/static/cms/product/large/Grainger_4xx766xx2.jpg,d:\AMD\projects\drywall-toolbox\products\Production\launch\launch_images\level5_4_677p_4_766_02.webp,failed,http_404
LEVEL5,4-677P::4-766,The Ultimate Taping & Finishing Set - 12” Flat Box,https://www.zoro.com/static/cms/product/large/Grainger_4xx766xx3.jpg,d:\AMD\projects\drywall-toolbox\products\Production\launch\launch_images\level5_4_677p_4_766_03.webp,failed,http_404
LEVEL5,4-677P::4-771,The Ultimate Taping & Finishing Set - Compound Pump,https://www.zoro.com/static/cms/product/large/Grainger_4xx771xx1.jpg,d:\AMD\projects\drywall-toolbox\products\Production\launch\launch_images\level5_4_677p_4_771_01.webp,ok,
LEVEL5,4-677P::4-771,The Ultimate Taping & Finishing Set - Compound Pump,https://www.zoro.com/static/cms/product/large/Grainger_4xx771xx2.jpg,d:\AMD\projects\drywall-toolbox\products\Production\launch\launch_images\level5_4_677p_4_771_02.webp,ok,
LEVEL5,4-677P::4-771,The Ultimate Taping & Finishing Set - Compound Pump,https://www.zoro.com/static/cms/product/large/Grainger_4xx771xx3.jpg,d:\AMD\projects\drywall-toolbox\products\Production\launch\launch_images\level5_4_677p_4_771_03.webp,failed,http_404
LEVEL5,4-677P::4-772,The Ultimate Taping & Finishing Set - MiniShot,https://www.zoro.com/static/cms/product/large/Grainger_4xx772xx1.jpg,d:\AMD\projects\drywall-toolbox\products\Production\launch\launch_images\level5_4_677p_4_772_01.webp,failed,http_404
LEVEL5,4-677P::4-772,The Ultimate Taping & Finishing Set - MiniShot,https://www.zoro.com/static/cms/product/large/Grainger_4xx772xx2.jpg,d:\AMD\projects\drywall-toolbox\products\Production\launch\launch_images\level5_4_677p_4_772_02.webp,failed,http_404
LEVEL5,4-677P::4-772,The Ultimate Taping & Finishing Set - MiniShot,https://www.zoro.com/static/cms/product/large/Grainger_4xx772xx3.jpg,d:\AMD\projects\drywall-toolbox\products\Production\launch\launch_images\level5_4_677p_4_772_03.webp,failed,http_404
LEVEL5,4-677P::4-792,The Ultimate Taping & Finishing Set - 31”- 50” Corner Roller/Nail Spotter Handle,https://www.zoro.com/static/cms/product/large/Grainger_4xx792xx1.jpg,d:\AMD\projects\drywall-toolbox\products\Production\launch\launch_images\level5_4_677p_4_792_01.webp,ok,
LEVEL5,4-677P::4-792,The Ultimate Taping & Finishing Set - 31”- 50” Corner Roller/Nail Spotter Handle,https://www.zoro.com/static/cms/product/large/Grainger_4xx792xx2.jpg,d:\AMD\projects\drywall-toolbox\products\Production\launch\launch_images\level5_4_677p_4_792_02.webp,failed,http_404
LEVEL5,4-677P::4-792,The Ultimate Taping & Finishing Set - 31”- 50” Corner Roller/Nail Spotter Handle,https://www.zoro.com/static/cms/product/large/Grainger_4xx792xx3.jpg,d:\AMD\projects\drywall-toolbox\products\Production\launch\launch_images\level5_4_677p_4_792_03.webp,failed,http_404
LEVEL5,4-677P::4-795,The Ultimate Taping & Finishing Set - 31”- 50” Corner Finisher Handle,https://www.zoro.com/static/cms/product/large/Grainger_4xx795xx1.jpg,d:\AMD\projects\drywall-toolbox\products\Production\launch\launch_images\level5_4_677p_4_795_01.webp,ok,
LEVEL5,4-677P::4-795,The Ultimate Taping & Finishing Set - 31”- 50” Corner Finisher Handle,https://www.zoro.com/static/cms/product/large/Grainger_4xx795xx2.jpg,d:\AMD\projects\drywall-toolbox\products\Production\launch\launch_images\level5_4_677p_4_795_02.webp,failed,http_404
LEVEL5,4-677P::4-795,The Ultimate Taping & Finishing Set - 31”- 50” Corner Finisher Handle,https://www.zoro.com/static/cms/product/large/Grainger_4xx795xx3.jpg,d:\AMD\projects\drywall-toolbox\products\Production\launch\launch_images\level5_4_677p_4_795_03.webp,failed,http_404
LEVEL5,4-677P::4-862,The Ultimate Taping & Finishing Set - Outsider Wheel Kit,https://www.zoro.com/static/cms/product/large/Grainger_4xx862xx1.jpg,d:\AMD\projects\drywall-toolbox\products\Production\launch\launch_images\level5_4_677p_4_862_01.webp,ok,
LEVEL5,4-677P::4-862,The Ultimate Taping & Finishing Set - Outsider Wheel Kit,https://www.zoro.com/static/cms/product/large/Grainger_4xx862xx2.jpg,d:\AMD\projects\drywall-toolbox\products\Production\launch\launch_images\level5_4_677p_4_862_02.webp,ok,
LEVEL5,4-677P::4-862,The Ultimate Taping & Finishing Set - Outsider Wheel Kit,https://www.zoro.com/static/cms/product/large/Grainger_4xx862xx3.jpg,d:\AMD\projects\drywall-toolbox\products\Production\launch\launch_images\level5_4_677p_4_862_03.webp,ok,
LEVEL5,4-677P::5-623,The Ultimate Taping & Finishing Set - Bonus Hand Tool Set,https://www.zoro.com/static/cms/product/large/Grainger_5xx623xx1.jpg,d:\AMD\projects\drywall-toolbox\products\Production\launch\launch_images\level5_4_677p_5_623_01.webp,ok,
LEVEL5,4-677P::5-623,The Ultimate Taping & Finishing Set - Bonus Hand Tool Set,https://www.zoro.com/static/cms/product/large/Grainger_5xx623xx2.jpg,d:\AMD\projects\drywall-toolbox\products\Production\launch\launch_images\level5_4_677p_5_623_02.webp,failed,http_404
LEVEL5,4-677P::5-623,The Ultimate Taping & Finishing Set - Bonus Hand Tool Set,https://www.zoro.com/static/cms/product/large/Grainger_5xx623xx3.jpg,d:\AMD\projects\drywall-toolbox\products\Production\launch\launch_images\level5_4_677p_5_623_03.webp,failed,http_404
LEVEL5,4-687P::4-623,Finishing Set w/ Ext. Handles & MiniShot - Bonus Hand Tool Set (as printed: 4-623),https://www.zoro.com/static/cms/product/large/Grainger_4xx623xx1.jpg,d:\AMD\projects\drywall-toolbox\products\Production\launch\launch_images\level5_4_687p_4_623_01.webp,ok,
LEVEL5,4-687P::4-623,Finishing Set w/ Ext. Handles & MiniShot - Bonus Hand Tool Set (as printed: 4-623),https://www.zoro.com/static/cms/product/large/Grainger_4xx623xx2.jpg,d:\AMD\projects\drywall-toolbox\products\Production\launch\launch_images\level5_4_687p_4_623_02.webp,failed,http_404
LEVEL5,4-687P::4-623,Finishing Set w/ Ext. Handles & MiniShot - Bonus Hand Tool Set (as printed: 4-623),https://www.zoro.com/static/cms/product/large/Grainger_4xx623xx3.jpg,d:\AMD\projects\drywall-toolbox\products\Production\launch\launch_images\level5_4_687p_4_623_03.webp,failed,http_404
LEVEL5,4-687P::4-707,Finishing Set w/ Ext. Handles & MiniShot - Corner Roller,https://www.zoro.com/static/cms/product/large/Grainger_4xx707xx1.jpg,d:\AMD\projects\drywall-toolbox\products\Production\launch\launch_images\level5_4_687p_4_707_01.webp,ok,
LEVEL5,4-687P::4-707,Finishing Set w/ Ext. Handles & MiniShot - Corner Roller,https://www.zoro.com/static/cms/product/large/Grainger_4xx707xx2.jpg,d:\AMD\projects\drywall-toolbox\products\Production\launch\launch_images\level5_4_687p_4_707_02.webp,ok,
LEVEL5,4-687P::4-707,Finishing Set w/ Ext. Handles & MiniShot - Corner Roller,https://www.zoro.com/static/cms/product/large/Grainger_4xx707xx3.jpg,d:\AMD\projects\drywall-toolbox\products\Production\launch\launch_images\level5_4_687p_4_707_03.webp,ok,
LEVEL5,4-687P::4-733,Finishing Set w/ Ext. Handles & MiniShot - 3” Corner Finisher,https://www.zoro.com/static/cms/product/large/Grainger_4xx733xx1.jpg,d:\AMD\projects\drywall-toolbox\products\Production\launch\launch_images\level5_4_687p_4_733_01.webp,ok,
LEVEL5,4-687P::4-733,Finishing Set w/ Ext. Handles & MiniShot - 3” Corner Finisher,https://www.zoro.com/static/cms/product/large/Grainger_4xx733xx2.jpg,d:\AMD\projects\drywall-toolbox\products\Production\launch\launch_images\level5_4_687p_4_733_02.webp,ok,
LEVEL5,4-687P::4-733,Finishing Set w/ Ext. Handles & MiniShot - 3” Corner Finisher,https://www.zoro.com/static/cms/product/large/Grainger_4xx733xx3.jpg,d:\AMD\projects\drywall-toolbox\products\Production\launch\launch_images\level5_4_687p_4_733_03.webp,ok,
LEVEL5,4-687P::4-734,Finishing Set w/ Ext. Handles & MiniShot - 3.5” Corner Finisher,https://www.zoro.com/static/cms/product/large/Grainger_4xx734xx1.jpg,d:\AMD\projects\drywall-toolbox\products\Production\launch\launch_images\level5_4_687p_4_734_01.webp,ok,
LEVEL5,4-687P::4-734,Finishing Set w/ Ext. Handles & MiniShot - 3.5” Corner Finisher,https://www.zoro.com/static/cms/product/large/Grainger_4xx734xx2.jpg,d:\AMD\projects\drywall-toolbox\products\Production\launch\launch_images\level5_4_687p_4_734_02.webp,ok,
LEVEL5,4-687P::4-734,Finishing Set w/ Ext. Handles & MiniShot - 3.5” Corner Finisher,https://www.zoro.com/static/cms/product/large/Grainger_4xx734xx3.jpg,d:\AMD\projects\drywall-toolbox\products\Production\launch\launch_images\level5_4_687p_4_734_03.webp,ok,
LEVEL5,4-687P::4-768,Finishing Set w/ Ext. Handles & MiniShot - 10” Mega Flat Box,https://www.zoro.com/static/cms/product/large/Grainger_4xx768xx1.jpg,d:\AMD\projects\drywall-toolbox\products\Production\launch\launch_images\level5_4_687p_4_768_01.webp,failed,image file is truncated (17 bytes not processed)
LEVEL5,4-687P::4-768,Finishing Set w/ Ext. Handles & MiniShot - 10” Mega Flat Box,https://www.zoro.com/static/cms/product/large/Grainger_4xx768xx2.jpg,d:\AMD\projects\drywall-toolbox\products\Production\launch\launch_images\level5_4_687p_4_768_02.webp,ok,
LEVEL5,4-687P::4-768,Finishing Set w/ Ext. Handles & MiniShot - 10” Mega Flat Box,https://www.zoro.com/static/cms/product/large/Grainger_4xx768xx3.jpg,d:\AMD\projects\drywall-toolbox\products\Production\launch\launch_images\level5_4_687p_4_768_03.webp,ok,
LEVEL5,4-687P::4-769,Finishing Set w/ Ext. Handles & MiniShot - 12” Mega Flat Box,https://www.zoro.com/static/cms/product/large/Grainger_4xx769xx1.jpg,d:\AMD\projects\drywall-toolbox\products\Production\launch\launch_images\level5_4_687p_4_769_01.webp,ok,
LEVEL5,4-687P::4-769,Finishing Set w/ Ext. Handles & MiniShot - 12” Mega Flat Box,https://www.zoro.com/static/cms/product/large/Grainger_4xx769xx2.jpg,d:\AMD\projects\drywall-toolbox\products\Production\launch\launch_images\level5_4_687p_4_769_02.webp,ok,
LEVEL5,4-687P::4-769,Finishing Set w/ Ext. Handles & MiniShot - 12” Mega Flat Box,https://www.zoro.com/static/cms/product/large/Grainger_4xx769xx3.jpg,d:\AMD\projects\drywall-toolbox\products\Production\launch\launch_images\level5_4_687p_4_769_03.webp,ok,
LEVEL5,4-687P::4-771,Finishing Set w/ Ext. Handles & MiniShot - Compound Pump,https://www.zoro.com/static/cms/product/large/Grainger_4xx771xx1.jpg,d:\AMD\projects\drywall-toolbox\products\Production\launch\launch_images\level5_4_687p_4_771_01.webp,ok,
LEVEL5,4-687P::4-771,Finishing Set w/ Ext. Handles & MiniShot - Compound Pump,https://www.zoro.com/static/cms/product/large/Grainger_4xx771xx2.jpg,d:\AMD\projects\drywall-toolbox\products\Production\launch\launch_images\level5_4_687p_4_771_02.webp,ok,
LEVEL5,4-687P::4-771,Finishing Set w/ Ext. Handles & MiniShot - Compound Pump,https://www.zoro.com/static/cms/product/large/Grainger_4xx771xx3.jpg,d:\AMD\projects\drywall-toolbox\products\Production\launch\launch_images\level5_4_687p_4_771_03.webp,failed,http_404
LEVEL5,4-687P::4-772,Finishing Set w/ Ext. Handles & MiniShot - MiniShot,https://www.zoro.com/static/cms/product/large/Grainger_4xx772xx1.jpg,d:\AMD\projects\drywall-toolbox\products\Production\launch\launch_images\level5_4_687p_4_772_01.webp,failed,http_404
LEVEL5,4-687P::4-772,Finishing Set w/ Ext. Handles & MiniShot - MiniShot,https://www.zoro.com/static/cms/product/large/Grainger_4xx772xx2.jpg,d:\AMD\projects\drywall-toolbox\products\Production\launch\launch_images\level5_4_687p_4_772_02.webp,failed,http_404
LEVEL5,4-687P::4-772,Finishing Set w/ Ext. Handles & MiniShot - MiniShot,https://www.zoro.com/static/cms/product/large/Grainger_4xx772xx3.jpg,d:\AMD\projects\drywall-toolbox\products\Production\launch\launch_images\level5_4_687p_4_772_03.webp,failed,http_404
LEVEL5,4-687P::4-780,Finishing Set w/ Ext. Handles & MiniShot - 40”- 62” Flat Box Handle,https://www.zoro.com/static/cms/product/large/Grainger_4xx780xx1.jpg,d:\AMD\projects\drywall-toolbox\products\Production\launch\launch_images\level5_4_687p_4_780_01.webp,ok,
LEVEL5,4-687P::4-780,Finishing Set w/ Ext. Handles & MiniShot - 40”- 62” Flat Box Handle,https://www.zoro.com/static/cms/product/large/Grainger_4xx780xx2.jpg,d:\AMD\projects\drywall-toolbox\products\Production\launch\launch_images\level5_4_687p_4_780_02.webp,failed,http_404
LEVEL5,4-687P::4-780,Finishing Set w/ Ext. Handles & MiniShot - 40”- 62” Flat Box Handle,https://www.zoro.com/static/cms/product/large/Grainger_4xx780xx3.jpg,d:\AMD\projects\drywall-toolbox\products\Production\launch\launch_images\level5_4_687p_4_780_03.webp,failed,http_404
LEVEL5,4-687P::4-792,Finishing Set w/ Ext. Handles & MiniShot - 31”- 50” Corner Roller Handle,https://www.zoro.com/static/cms/product/large/Grainger_4xx792xx1.jpg,d:\AMD\projects\drywall-toolbox\products\Production\launch\launch_images\level5_4_687p_4_792_01.webp,ok,
LEVEL5,4-687P::4-792,Finishing Set w/ Ext. Handles & MiniShot - 31”- 50” Corner Roller Handle,https://www.zoro.com/static/cms/product/large/Grainger_4xx792xx2.jpg,d:\AMD\projects\drywall-toolbox\products\Production\launch\launch_images\level5_4_687p_4_792_02.webp,failed,http_404
LEVEL5,4-687P::4-792,Finishing Set w/ Ext. Handles & MiniShot - 31”- 50” Corner Roller Handle,https://www.zoro.com/static/cms/product/large/Grainger_4xx792xx3.jpg,d:\AMD\projects\drywall-toolbox\products\Production\launch\launch_images\level5_4_687p_4_792_03.webp,failed,http_404
LEVEL5,4-687P::4-795,Finishing Set w/ Ext. Handles & MiniShot - 31”- 50” Corner Finisher Handle,https://www.zoro.com/static/cms/product/large/Grainger_4xx795xx1.jpg,d:\AMD\projects\drywall-toolbox\products\Production\launch\launch_images\level5_4_687p_4_795_01.webp,ok,
LEVEL5,4-687P::4-795,Finishing Set w/ Ext. Handles & MiniShot - 31”- 50” Corner Finisher Handle,https://www.zoro.com/static/cms/product/large/Grainger_4xx795xx2.jpg,d:\AMD\projects\drywall-toolbox\products\Production\launch\launch_images\level5_4_687p_4_795_02.webp,failed,http_404
LEVEL5,4-687P::4-795,Finishing Set w/ Ext. Handles & MiniShot - 31”- 50” Corner Finisher Handle,https://www.zoro.com/static/cms/product/large/Grainger_4xx795xx3.jpg,d:\AMD\projects\drywall-toolbox\products\Production\launch\launch_images\level5_4_687p_4_795_03.webp,failed,http_404
