"file","hash"
"level5_4_600p_4_707_02.webp","F095C9CD4D14EC0DB7D7941172CF23AC8E25DE05"
"level5_4_600p_4_707_03.webp","0654DCFCDC7859C142AFB9518BC3EC66EA97E4F4"
"level5_4_602_4_707_02.webp","F095C9CD4D14EC0DB7D7941172CF23AC8E25DE05"
"level5_4_602_4_707_03.webp","0654DCFCDC7859C142AFB9518BC3EC66EA97E4F4"
"level5_4_630_4_707_02.webp","F095C9CD4D14EC0DB7D7941172CF23AC8E25DE05"
"level5_4_630_4_707_03.webp","0654DCFCDC7859C142AFB9518BC3EC66EA97E4F4"
"level5_4_661p_4_707_02.webp","F095C9CD4D14EC0DB7D7941172CF23AC8E25DE05"
"level5_4_661p_4_707_03.webp","0654DCFCDC7859C142AFB9518BC3EC66EA97E4F4"
"level5_4_677p_4_707_02.webp","F095C9CD4D14EC0DB7D7941172CF23AC8E25DE05"
"level5_4_677p_4_707_03.webp","0654DCFCDC7859C142AFB9518BC3EC66EA97E4F4"
"level5_4_677p_4_862_02.webp","1CFFB6661748ED2AD8A75CD3DFFDA7C19D424482"
"level5_4_677p_4_862_03.webp","30C200799EBA7A0044D4E2B37E58C4D52DBF9EC4"
"level5_4_687p_4_707_02.webp","F095C9CD4D14EC0DB7D7941172CF23AC8E25DE05"
"level5_4_687p_4_707_03.webp","0654DCFCDC7859C142AFB9518BC3EC66EA97E4F4"
