mpn,product_name,search_url,zoro_product_url,found_mfr,first_image_url,image_file,status,error
S1-A-1624,S1 Aluminum Stilts - 16”-24”,https://www.zoro.com/search?q=surpro,https://www.zoro.com/surpro-single-sided-aluminum-drywall-stilts-16-in-24-in-height-s1-a-1624/i/G222982631/,S1-A-1624,https://www.zoro.com/static/cms/product/full/d26005e2-925d-4551-9daa-97e4f70b6b7b.jpeg,d:\AMD\projects\drywall-toolbox\products\Production\launch\launch_images\surpro\surpro_s1_a_1624_01.jpeg,ok,
S1-A-2030,S1 Aluminum Stilts - 20”-30”,https://www.zoro.com/search?q=surpro,https://www.zoro.com/surpro-single-sided-aluminum-drywall-stilts-20-in-30-in-height-s1-a-2030/i/G122982717/,S1-A-2030,https://www.zoro.com/static/cms/product/full/c97665de-93ca-41e8-b6fa-fc1ea34e426c.jpeg,d:\AMD\projects\drywall-toolbox\products\Production\launch\launch_images\surpro\surpro_s1_a_2030_01.jpeg,ok,
S1-A-2640,S1 Aluminum Stilts - 26”-40”,https://www.zoro.com/search?q=surpro,https://www.zoro.com/surpro-stilts-aluminum-drywall-stilts-26-in-to-40-in-adjustable-height-large-footplates-s1-a-2640/i/G222982730/,S1-A-2640,https://www.zoro.com/static/cms/product/full/79a367e2-16ad-4117-9f55-ae8335a844cf.jpeg,d:\AMD\projects\drywall-toolbox\products\Production\launch\launch_images\surpro\surpro_s1_a_2640_01.jpeg,ok,
S1-M-1624,S1 Magnesium Stilts - 16”-24”,https://www.zoro.com/search?q=surpro,https://www.zoro.com/surpro-single-sided-magnesium-drywall-stilts-16-in-24-in-height-s1-m-1624/i/G622982781/,S1-M-1624,https://www.zoro.com/static/cms/product/full/32a7998c-def8-4f39-8859-62b8ebc430f7.jpeg,d:\AMD\projects\drywall-toolbox\products\Production\launch\launch_images\surpro\surpro_s1_m_1624_01.jpeg,ok,
S1-M-2030,S1 Magnesium Stilts - 20”-30”,https://www.zoro.com/search?q=surpro,https://www.zoro.com/surpro-single-sided-magnesium-drywall-stilts-20-in-30-in-height-s1-m-2030/i/G222982686/,S1-M-2030,https://www.zoro.com/static/cms/product/full/f20689e6-019e-43e7-97d2-386e4f573824.jpeg,d:\AMD\projects\drywall-toolbox\products\Production\launch\launch_images\surpro\surpro_s1_m_2030_01.jpeg,ok,
S1-M-2640,S1 Magnesium Stilts - 26”-40”,https://www.zoro.com/search?q=surpro,https://www.zoro.com/surpro-single-sided-magnesium-drywall-stilts-26-in-40-in-height-s1-m-2640/i/G922982733/,S1-M-2640,https://www.zoro.com/static/cms/product/full/6283b8cf-31b0-4576-9041-b25412856730.jpeg,d:\AMD\projects\drywall-toolbox\products\Production\launch\launch_images\surpro\surpro_s1_m_2640_01.jpeg,ok,
S1X-A-2131,S1X Aluminum Stilts - 21”-31”,https://www.zoro.com/search?q=surpro,https://www.zoro.com/surpro-single-sided-drywall-stilts-aluminum-base-21-in-31-in-height-quadlock-contractor-grade-stilts-s1x-a-2131/i/G122982434/,S1X-A-2131,https://www.zoro.com/static/cms/product/full/fc831645-f68b-4298-8f97-912bb1679325.jpeg,d:\AMD\projects\drywall-toolbox\products\Production\launch\launch_images\surpro\surpro_s1x_a_2131_01.jpeg,ok,
S1X-A-2640,S1X Aluminum Stilts - 26”-40”,https://www.zoro.com/search?q=surpro,https://www.zoro.com/surpro-single-sided-drywall-stilts-aluminum-base-26-in-40-in-height-quadlock-contractor-grade-stilts-s1x-a-2640/i/G022982459/,S1X-A-2640,https://www.zoro.com/static/cms/product/full/e454ad8a-aa4d-4ba1-801d-8b03f8e98fca.jpeg,d:\AMD\projects\drywall-toolbox\products\Production\launch\launch_images\surpro\surpro_s1x_a_2640_01.jpeg,ok,
S1X-M-2131,S1X Magnesium Stilts - 21”-31”,https://www.zoro.com/search?q=surpro,https://www.zoro.com/surpro-single-sided-drywall-stilts-magnesium-base-21-in-31-in-height-quadlock-contractor-grade-stilts-s1x-m-2131/i/G722982711/,S1X-M-2131,https://www.zoro.com/static/cms/product/full/ac1cfdb4-e3a8-43aa-88a5-f70127b37a35.jpeg,d:\AMD\projects\drywall-toolbox\products\Production\launch\launch_images\surpro\surpro_s1x_m_2131_01.jpeg,ok,
S1X-M-2640,S1X Magnesium Stilts - 26”-40”,https://www.zoro.com/search?q=surpro,https://www.zoro.com/surpro-single-sided-drywall-stilts-magnesium-base-26-in-40-in-height-quadlock-contractor-grade-stilts-s1x-m-2640/i/G122982694/,S1X-M-2640,https://www.zoro.com/static/cms/product/full/3211ff4b-ad85-415e-b5b1-ebfc6468685e.jpeg,d:\AMD\projects\drywall-toolbox\products\Production\launch\launch_images\surpro\surpro_s1x_m_2640_01.jpeg,ok,
S2-A-1624,S2 Aluminum Stilts - 16”-24”,https://www.zoro.com/search?q=surpro,https://www.zoro.com/surpro-double-sided-drywall-stilts-aluminum-base-16-in-24-in-height-quadlock-contractor-grade-stilts-s2-a-1624/i/G322982753/,S2-A-1624,https://www.zoro.com/static/cms/product/full/2c3fad51-d643-4386-ab15-0b5208da4dcf.jpeg,d:\AMD\projects\drywall-toolbox\products\Production\launch\launch_images\surpro\surpro_s2_a_1624_01.jpeg,ok,
S2-A-2030,S2 Aluminum Stilts - 20”-30”,https://www.zoro.com/search?q=surpro,https://www.zoro.com/surpro-double-sided-drywall-stilts-aluminum-base-20-in-30-in-height-quadlock-contractor-grade-stilts-s2-a-2030/i/G622982668/,S2-A-2030,https://www.zoro.com/static/cms/product/full/ed70ab3b-2492-4c7f-aba7-3692b0bd6e50.jpeg,d:\AMD\projects\drywall-toolbox\products\Production\launch\launch_images\surpro\surpro_s2_a_2030_01.jpeg,ok,
S2-A-2640,S2 Aluminum Stilts - 26”-40”,https://www.zoro.com/search?q=surpro,https://www.zoro.com/surpro-double-sided-drywall-stilts-aluminum-base-26-in-40-in-height-quadlock-contractor-grade-stilts-s2-a-2640/i/G822982840/,S2-A-2640,https://www.zoro.com/static/cms/product/full/5c9b842b-0722-478c-a8fe-28d7ea2a9ae5.jpeg,d:\AMD\projects\drywall-toolbox\products\Production\launch\launch_images\surpro\surpro_s2_a_2640_01.jpeg,ok,
S2-M-1624,S2 Magnesium Stilts - 16”-24”,https://www.zoro.com/search?q=surpro,https://www.zoro.com/surpro-double-sided-drywall-stilts-magnesium-base-16-in-24-in-height-quadlock-contractor-grade-stilts-s2-m-1624/i/G622982606/,S2-M-1624,https://www.zoro.com/static/cms/product/full/cc86381c-d0f3-4697-9456-5c687e216b14.jpeg,d:\AMD\projects\drywall-toolbox\products\Production\launch\launch_images\surpro\surpro_s2_m_1624_01.jpeg,ok,
S2-M-2030,S2 Magnesium Stilts - 20”-30”,https://www.zoro.com/search?q=surpro,https://www.zoro.com/surpro-double-sided-drywall-stilts-magnesium-base-20-in-30-in-height-quadlock-contractor-grade-stilts-s2-m-2030/i/G222982709/,S2-M-2030,https://www.zoro.com/static/cms/product/full/e44e8116-bddf-45fb-ae31-06cbd2dc722f.jpeg,d:\AMD\projects\drywall-toolbox\products\Production\launch\launch_images\surpro\surpro_s2_m_2030_01.jpeg,ok,
S2-M-2640,S2 Magnesium Stilts - 26”-40”,https://www.zoro.com/search?q=surpro,https://www.zoro.com/surpro-double-sided-drywall-stilts-magnesium-base-26-in-40-in-height-quadlock-contractor-grade-stilts-s2-m-2640/i/G022982824/,S2-M-2640,https://www.zoro.com/static/cms/product/full/df73f698-bf87-473f-96ea-617590a81d39.jpeg,d:\AMD\projects\drywall-toolbox\products\Production\launch\launch_images\surpro\surpro_s2_m_2640_01.jpeg,ok,
S2X-A-2131,S2X Aluminum Stilts - 21”-31”,https://www.zoro.com/search?q=surpro,https://www.zoro.com/surpro-double-sided-drywall-stilts-aluminum-base-21-in-31-in-height-quadlock-contractor-grade-stilts-s2x-a-2131/i/G922982429/,S2X-A-2131,https://www.zoro.com/static/cms/product/full/a465b576-cff6-4927-b6ca-f068c19d897b.jpeg,d:\AMD\projects\drywall-toolbox\products\Production\launch\launch_images\surpro\surpro_s2x_a_2131_01.jpeg,ok,
S2X-A-2640,S2X Aluminum Stilts - 26”-40”,https://www.zoro.com/search?q=surpro,https://www.zoro.com/surpro-double-sided-drywall-stilts-aluminum-base-26-in-40-in-height-quadlock-contractor-grade-stilts-s2x-a-2640/i/G422982417/,S2X-A-2640,https://www.zoro.com/static/cms/product/full/0eac6fb7-5d14-4ee0-91c0-739d4094db92.jpeg,d:\AMD\projects\drywall-toolbox\products\Production\launch\launch_images\surpro\surpro_s2x_a_2640_01.jpeg,ok,
S2X-M-2131,S2X Magnesium Stilts - 21”-31”,https://www.zoro.com/search?q=surpro,https://www.zoro.com/surpro-double-sided-drywall-stilts-magnesium-base-21-in-31-in-height-quadlock-contractor-grade-stilts-s2x-m-2131/i/G522982690/,S2X-M-2131,https://www.zoro.com/static/cms/product/full/9a3bafc7-88ea-49fe-a60c-c04075828418.jpeg,d:\AMD\projects\drywall-toolbox\products\Production\launch\launch_images\surpro\surpro_s2x_m_2131_01.jpeg,ok,
S2X-M-2640,S2X Magnesium Stilts - 26”-40”,https://www.zoro.com/search?q=surpro,https://www.zoro.com/surpro-double-sided-drywall-stilts-magnesium-base-26-in-40-in-height-quadlock-contractor-grade-stilts-s2x-m-2640/i/G322982678/,S2X-M-2640,https://www.zoro.com/static/cms/product/full/29f52814-9c93-4955-816b-92c3363e5a66.jpeg,d:\AMD\projects\drywall-toolbox\products\Production\launch\launch_images\surpro\surpro_s2x_m_2640_01.jpeg,ok,
