csv_sku,matched_mfr_number,matched_from_field,name,row_type,image_position,image_url,url_basis
4-701,4-701,sku,7” Corner Applicator,variation,1,https://www.zoro.com/static/cms/product/large/Grainger_4xx701xx1.jpg,sku_mfr_main_image_candidate_only
4-702,4-702,sku,8” Corner Applicator,variation,1,https://www.zoro.com/static/cms/product/large/Grainger_4xx702xx1.jpg,sku_mfr_main_image_candidate_only
4-732,4-732,sku,2.5” Corner Finisher,variation,1,https://www.zoro.com/static/cms/product/large/Grainger_4xx732xx1.jpg,sku_mfr_main_image_candidate_only
4-733,4-733,sku,3” Corner Finisher,variation,1,https://www.zoro.com/static/cms/product/large/Grainger_4xx733xx1.jpg,sku_mfr_main_image_candidate_only
4-734,4-734,sku,3.5” Corner Finisher,variation,1,https://www.zoro.com/static/cms/product/large/Grainger_4xx734xx1.jpg,verified_zoro_page_gallery
4-734,4-734,sku,3.5” Corner Finisher,variation,2,https://www.zoro.com/static/cms/product/large/Grainger_4xx734xx3.jpg,verified_zoro_page_gallery
4-734,4-734,sku,3.5” Corner Finisher,variation,3,https://www.zoro.com/static/cms/product/large/Grainger_4xx734xx2.jpg,verified_zoro_page_gallery
4-735,4-735,sku,4” Corner Finisher,variation,1,https://www.zoro.com/static/cms/product/large/Grainger_4xx735xx1.jpg,sku_mfr_main_image_candidate_only
4-743,4-743,sku,3” Corner Flusher,variation,1,https://www.zoro.com/static/cms/product/large/Grainger_4xx743xx1.jpg,sku_mfr_main_image_candidate_only
4-744,4-744,sku,3.5” Corner Flusher,variation,1,https://www.zoro.com/static/cms/product/large/Grainger_4xx744xx1.jpg,sku_mfr_main_image_candidate_only
4-794,4-794,sku,31”- 50” Ext Handle (Corner Applicator),variation,1,https://www.zoro.com/static/cms/product/large/Grainger_4xx794xx1.jpg,sku_mfr_main_image_candidate_only
4-798,4-798,sku,43”- 72” Ext Handle (Corner Applicator),variation,1,https://www.zoro.com/static/cms/product/large/Grainger_4xx798xx1.jpg,sku_mfr_main_image_candidate_only
4-795,4-795,sku,31”- 50” Ext Handle (Corner Finisher),variation,1,https://www.zoro.com/static/cms/product/large/Grainger_4xx795xx1.jpg,sku_mfr_main_image_candidate_only
4-799,4-799,sku,43”- 72” Ext Handle (Corner Finisher),variation,1,https://www.zoro.com/static/cms/product/large/Grainger_4xx799xx1.jpg,verified_zoro_page_gallery
4-759,4-759,sku,48” - 78” Ext. Handle,variation,1,https://www.zoro.com/static/cms/product/large/Grainger_4xx759xx1.jpg,sku_mfr_main_image_candidate_only
4-780,4-780,sku,40” - 62” Ext. Handle,variation,1,https://www.zoro.com/static/cms/product/large/Grainger_4xx780xx1.jpg,sku_mfr_main_image_candidate_only
4-781,4-781,sku,30” - 42” Ext. Handle,variation,1,https://www.zoro.com/static/cms/product/large/Grainger_4xx781xx1.jpg,sku_mfr_main_image_candidate_only
4-782,4-782,sku,23” - 32” Ext. Handle,variation,1,https://www.zoro.com/static/cms/product/large/Grainger_4xx782xx1.jpg,sku_mfr_main_image_candidate_only
4-711,4-711,sku,34” Fixed Length Handle,variation,1,https://www.zoro.com/static/cms/product/large/Grainger_4xx711xx1.jpg,sku_mfr_main_image_candidate_only
4-712,4-712,sku,42” Fixed Length Handle,variation,1,https://www.zoro.com/static/cms/product/large/Grainger_4xx712xx1.jpg,sku_mfr_main_image_candidate_only
4-740,4-740,sku,54” Fixed Length Handle,variation,1,https://www.zoro.com/static/cms/product/large/Grainger_4xx740xx1.jpg,sku_mfr_main_image_candidate_only
4-767,4-767,sku,7” Flat Box (MEGA),variation,1,https://www.zoro.com/static/cms/product/large/Grainger_4xx767xx1.jpg,sku_mfr_main_image_candidate_only
4-768,4-768,sku,10” Flat Box (MEGA),variation,1,https://www.zoro.com/static/cms/product/large/Z-x_K4mcpEx_.JPG,verified_zoro_page_gallery
4-769,4-769,sku,12” Flat Box (MEGA),variation,1,https://www.zoro.com/static/cms/product/large/Grainger_4xx769xx1.jpg,sku_mfr_main_image_candidate_only
4-722,4-722,sku,10” Flat Box,variation,1,https://www.zoro.com/static/cms/product/large/Grainger_4xx722xx1.jpg,sku_mfr_main_image_candidate_only
4-723,4-723,sku,12” Flat Box,variation,1,https://www.zoro.com/static/cms/product/large/Grainger_4xx723xx1.jpg,sku_mfr_main_image_candidate_only
4-764,4-764,sku,7” Flat Box (Standard),variation,1,https://www.zoro.com/static/cms/product/large/Grainger_4xx764xx1.jpg,sku_mfr_main_image_candidate_only
4-765,4-765,sku,10” Flat Box (Standard),variation,1,https://www.zoro.com/static/cms/product/large/Grainger_4xx765xx1.jpg,sku_mfr_main_image_candidate_only
4-766,4-766,sku,12” Flat Box (Standard),variation,1,https://www.zoro.com/static/cms/product/large/Grainger_4xx766xx1.jpg,sku_mfr_main_image_candidate_only
4-770,4-770,sku,14” Flat Box (Standard),variation,1,https://www.zoro.com/static/cms/product/large/Grainger_4xx770xx1.jpg,sku_mfr_main_image_candidate_only
4-754,4-754,sku,2” Nail Spotter,variation,1,https://www.zoro.com/static/cms/product/large/Grainger_4xx754xx1.jpg,sku_mfr_main_image_candidate_only
4-755,4-755,sku,3” Nail Spotter,variation,1,https://www.zoro.com/static/cms/product/large/Grainger_4xx755xx1.jpg,sku_mfr_main_image_candidate_only
4-714,4-714,sku,Gooseneck,simple,1,https://www.zoro.com/static/cms/product/large/Grainger_4xx714xx1.jpg,sku_mfr_main_image_candidate_only
4-715,4-715,sku,Box Filler,simple,1,https://www.zoro.com/static/cms/product/large/Grainger_4xx715xx1.jpg,sku_mfr_main_image_candidate_only
4-741,4-741,sku,Compound Tube,simple,1,https://www.zoro.com/static/cms/product/large/Grainger_4xx741xx1.jpg,sku_mfr_main_image_candidate_only
4-746,4-746,sku,Outside Corner Tool,simple,1,https://www.zoro.com/static/cms/product/large/Grainger_4xx746xx1.jpg,sku_mfr_main_image_candidate_only
4-760,4-760,sku,Automatic Taper,simple,1,https://www.zoro.com/static/cms/product/large/Grainger_4xx760xx1.jpg,verified_zoro_page_gallery
4-760,4-760,sku,Automatic Taper,simple,2,https://www.zoro.com/static/cms/product/large/Grainger_4xx760xx3.jpg,verified_zoro_page_gallery
4-760,4-760,sku,Automatic Taper,simple,3,https://www.zoro.com/static/cms/product/large/Grainger_4xx760xx9.jpg,verified_zoro_page_gallery
4-760,4-760,sku,Automatic Taper,simple,4,https://www.zoro.com/static/cms/product/large/Grainger_4xx760xx5.jpg,verified_zoro_page_gallery
4-760,4-760,sku,Automatic Taper,simple,5,https://www.zoro.com/static/cms/product/large/Grainger_4xx760xx7.jpg,verified_zoro_page_gallery
4-760,4-760,sku,Automatic Taper,simple,6,https://www.zoro.com/static/cms/product/large/Grainger_4xx760xx4.jpg,verified_zoro_page_gallery
4-760,4-760,sku,Automatic Taper,simple,7,https://www.zoro.com/static/cms/product/large/Grainger_4xx760xx6.jpg,verified_zoro_page_gallery
4-760,4-760,sku,Automatic Taper,simple,8,https://www.zoro.com/static/cms/product/large/Grainger_4xx760xx8.jpg,verified_zoro_page_gallery
4-760,4-760,sku,Automatic Taper,simple,9,https://www.zoro.com/static/cms/product/large/Grainger_4xx760xx2.jpg,verified_zoro_page_gallery
4-771,4-771,sku,Compound Pump,simple,1,https://www.zoro.com/static/cms/product/large/Z-x_K6icpEx_.JPG,verified_zoro_page_gallery
4-771,4-771,sku,Compound Pump,simple,2,https://www.zoro.com/static/cms/product/large/Grainger_4xx771xx12.jpg,verified_zoro_page_gallery
4-771,4-771,sku,Compound Pump,simple,3,https://www.zoro.com/static/cms/product/large/Grainger_4xx771xx2.jpg,verified_zoro_page_gallery
4-771,4-771,sku,Compound Pump,simple,4,https://www.zoro.com/static/cms/product/large/Grainger_4xx771xx13.jpg,verified_zoro_page_gallery
4-772,4-772,sku,MiniShot,simple,1,https://www.zoro.com/static/cms/product/large/Grainger_4xx772xx1.jpg,sku_mfr_main_image_candidate_only
4-773,4-773,sku,MiniShot Ext. Handle,simple,1,https://www.zoro.com/static/cms/product/large/Grainger_4xx773xx1.jpg,sku_mfr_main_image_candidate_only
4-778,4-778,sku,50” Fixed Handle (Corner Applicator),simple,1,https://www.zoro.com/static/cms/product/large/Grainger_4xx778xx1.jpg,sku_mfr_main_image_candidate_only
4-779,4-779,sku,50” Fixed Handle (Corner Finisher),simple,1,https://www.zoro.com/static/cms/product/large/Grainger_4xx779xx1.jpg,verified_zoro_page_gallery
5-311,5-311,sku,Drywall Banjo,simple,1,https://www.zoro.com/static/cms/product/large/Grainger_5xx311xx1.jpg,sku_mfr_main_image_candidate_only
5-623,5-623,sku,Bonus Hand Tool Set,simple,1,https://www.zoro.com/static/cms/product/large/Grainger_5xx623xx1.jpg,sku_mfr_main_image_candidate_only
4-600P,4-600P,sku,The Entry to Automatic Finishing Set,toolset,1,https://www.zoro.com/static/cms/product/large/Grainger_4xx600Pxx1.jpg,sku_mfr_main_image_candidate_only
4-602,4-602,sku,The Entry to Automatic Finishing Set,toolset,1,https://www.zoro.com/static/cms/product/large/Grainger_4xx602xx1.jpg,sku_mfr_main_image_candidate_only
4-605,4-605,sku,10”/12” Standard Boxes w/ Ext. Handle Set,toolset,1,https://www.zoro.com/static/cms/product/large/Grainger_4xx605xx1.jpg,sku_mfr_main_image_candidate_only
4-629,4-629,sku,10”/12” Mega Boxes w/ Ext. Handle Set,toolset,1,https://www.zoro.com/static/cms/product/large/Grainger_4xx629xx1.jpg,sku_mfr_main_image_candidate_only
4-630,4-630,sku,The Starter Taping Set,toolset,1,https://www.zoro.com/static/cms/product/large/Grainger_4xx630xx1.jpg,sku_mfr_main_image_candidate_only
4-650,4-650,sku,Semi-Automatic Starter Set,toolset,1,https://www.zoro.com/static/cms/product/large/Grainger_4xx650xx1.jpg,sku_mfr_main_image_candidate_only
4-661P,4-661P,sku,The Full Taping Set w/ Ext. Handles & MiniShot,toolset,1,https://www.zoro.com/static/cms/product/large/Grainger_4xx661Pxx1.jpg,sku_mfr_main_image_candidate_only
4-677P,4-677P,sku,The Ultimate Taping & Finishing Set,toolset,1,https://www.zoro.com/static/cms/product/large/Grainger_4xx677Pxx1.jpg,sku_mfr_main_image_candidate_only
4-687P,4-687P,sku,Finishing Set w/ Ext. Handles & MiniShot,toolset,1,https://www.zoro.com/static/cms/product/large/Grainger_4xx687Pxx1.jpg,sku_mfr_main_image_candidate_only
4-600P::4-701,4-701,component_sku,The Entry to Automatic Finishing - 7” Corner Applicator,toolset_component,1,https://www.zoro.com/static/cms/product/large/Grainger_4xx701xx1.jpg,sku_mfr_main_image_candidate_only
4-600P::4-707,4-707,component_sku,The Entry to Automatic Finishing - Corner Roller,toolset_component,1,https://www.zoro.com/static/cms/product/large/Grainger_4xx707xx1.jpg,sku_mfr_main_image_candidate_only
4-600P::4-712,4-712,component_sku,The Entry to Automatic Finishing - 42” Flat Box Handle,toolset_component,1,https://www.zoro.com/static/cms/product/large/Grainger_4xx712xx1.jpg,sku_mfr_main_image_candidate_only
4-600P::4-714,4-714,component_sku,The Entry to Automatic Finishing - Gooseneck Filler Tube,toolset_component,1,https://www.zoro.com/static/cms/product/large/Grainger_4xx714xx1.jpg,sku_mfr_main_image_candidate_only
4-600P::4-733,4-733,component_sku,The Entry to Automatic Finishing - 3” Corner Finisher,toolset_component,1,https://www.zoro.com/static/cms/product/large/Grainger_4xx733xx1.jpg,sku_mfr_main_image_candidate_only
4-600P::4-760,4-760,component_sku,The Entry to Automatic Finishing - Automatic Taper,toolset_component,1,https://www.zoro.com/static/cms/product/large/Grainger_4xx760xx1.jpg,verified_zoro_page_gallery
4-600P::4-760,4-760,component_sku,The Entry to Automatic Finishing - Automatic Taper,toolset_component,2,https://www.zoro.com/static/cms/product/large/Grainger_4xx760xx3.jpg,verified_zoro_page_gallery
4-600P::4-760,4-760,component_sku,The Entry to Automatic Finishing - Automatic Taper,toolset_component,3,https://www.zoro.com/static/cms/product/large/Grainger_4xx760xx9.jpg,verified_zoro_page_gallery
4-600P::4-760,4-760,component_sku,The Entry to Automatic Finishing - Automatic Taper,toolset_component,4,https://www.zoro.com/static/cms/product/large/Grainger_4xx760xx5.jpg,verified_zoro_page_gallery
4-600P::4-760,4-760,component_sku,The Entry to Automatic Finishing - Automatic Taper,toolset_component,5,https://www.zoro.com/static/cms/product/large/Grainger_4xx760xx7.jpg,verified_zoro_page_gallery
4-600P::4-760,4-760,component_sku,The Entry to Automatic Finishing - Automatic Taper,toolset_component,6,https://www.zoro.com/static/cms/product/large/Grainger_4xx760xx4.jpg,verified_zoro_page_gallery
4-600P::4-760,4-760,component_sku,The Entry to Automatic Finishing - Automatic Taper,toolset_component,7,https://www.zoro.com/static/cms/product/large/Grainger_4xx760xx6.jpg,verified_zoro_page_gallery
4-600P::4-760,4-760,component_sku,The Entry to Automatic Finishing - Automatic Taper,toolset_component,8,https://www.zoro.com/static/cms/product/large/Grainger_4xx760xx8.jpg,verified_zoro_page_gallery
4-600P::4-760,4-760,component_sku,The Entry to Automatic Finishing - Automatic Taper,toolset_component,9,https://www.zoro.com/static/cms/product/large/Grainger_4xx760xx2.jpg,verified_zoro_page_gallery
4-600P::4-765,4-765,component_sku,The Entry to Automatic Finishing - 10” Flat Box,toolset_component,1,https://www.zoro.com/static/cms/product/large/Grainger_4xx765xx1.jpg,sku_mfr_main_image_candidate_only
4-600P::4-766,4-766,component_sku,The Entry to Automatic Finishing - 12” Flat Box,toolset_component,1,https://www.zoro.com/static/cms/product/large/Grainger_4xx766xx1.jpg,sku_mfr_main_image_candidate_only
4-600P::4-771,4-771,component_sku,The Entry to Automatic Finishing - Compound Pump,toolset_component,1,https://www.zoro.com/static/cms/product/large/Z-x_K6icpEx_.JPG,verified_zoro_page_gallery
4-600P::4-771,4-771,component_sku,The Entry to Automatic Finishing - Compound Pump,toolset_component,2,https://www.zoro.com/static/cms/product/large/Grainger_4xx771xx12.jpg,verified_zoro_page_gallery
4-600P::4-771,4-771,component_sku,The Entry to Automatic Finishing - Compound Pump,toolset_component,3,https://www.zoro.com/static/cms/product/large/Grainger_4xx771xx2.jpg,verified_zoro_page_gallery
4-600P::4-771,4-771,component_sku,The Entry to Automatic Finishing - Compound Pump,toolset_component,4,https://www.zoro.com/static/cms/product/large/Grainger_4xx771xx13.jpg,verified_zoro_page_gallery
4-600P::4-778,4-778,component_sku,The Entry to Automatic Finishing - 54” Corner Applicator Handle,toolset_component,1,https://www.zoro.com/static/cms/product/large/Grainger_4xx778xx1.jpg,sku_mfr_main_image_candidate_only
4-600P::4-779,4-779,component_sku,The Entry to Automatic Finishing - 54” Corner Finisher Handle,toolset_component,1,https://www.zoro.com/static/cms/product/large/Grainger_4xx779xx1.jpg,verified_zoro_page_gallery
4-600P::5-623,5-623,component_sku,The Entry to Automatic Finishing - Bonus Hand Tool Set,toolset_component,1,https://www.zoro.com/static/cms/product/large/Grainger_5xx623xx1.jpg,sku_mfr_main_image_candidate_only
4-600P::5-777,5-777,component_sku,The Entry to Automatic Finishing - 50” Corner Roller Handle (as printed: 5-777),toolset_component,1,https://www.zoro.com/static/cms/product/large/Grainger_5xx777xx1.jpg,sku_mfr_main_image_candidate_only
4-602::4-701,4-701,component_sku,The Entry to Automatic Finishing - 7” Corner Applicator Box,toolset_component,1,https://www.zoro.com/static/cms/product/large/Grainger_4xx701xx1.jpg,sku_mfr_main_image_candidate_only
4-602::4-707,4-707,component_sku,The Entry to Automatic Finishing - Corner Roller,toolset_component,1,https://www.zoro.com/static/cms/product/large/Grainger_4xx707xx1.jpg,sku_mfr_main_image_candidate_only
4-602::4-712,4-712,component_sku,The Entry to Automatic Finishing - 42” Flat Box Handle,toolset_component,1,https://www.zoro.com/static/cms/product/large/Grainger_4xx712xx1.jpg,sku_mfr_main_image_candidate_only
4-602::4-733,4-733,component_sku,The Entry to Automatic Finishing - 3” Corner Finisher,toolset_component,1,https://www.zoro.com/static/cms/product/large/Grainger_4xx733xx1.jpg,sku_mfr_main_image_candidate_only
4-602::4-765,4-765,component_sku,The Entry to Automatic Finishing - 10” Flat Box,toolset_component,1,https://www.zoro.com/static/cms/product/large/Grainger_4xx765xx1.jpg,sku_mfr_main_image_candidate_only
4-602::4-766,4-766,component_sku,The Entry to Automatic Finishing - 12” Flat Box,toolset_component,1,https://www.zoro.com/static/cms/product/large/Grainger_4xx766xx1.jpg,sku_mfr_main_image_candidate_only
4-602::4-771,4-771,component_sku,The Entry to Automatic Finishing - Compound Pump,toolset_component,1,https://www.zoro.com/static/cms/product/large/Z-x_K6icpEx_.JPG,verified_zoro_page_gallery
4-602::4-771,4-771,component_sku,The Entry to Automatic Finishing - Compound Pump,toolset_component,2,https://www.zoro.com/static/cms/product/large/Grainger_4xx771xx12.jpg,verified_zoro_page_gallery
4-602::4-771,4-771,component_sku,The Entry to Automatic Finishing - Compound Pump,toolset_component,3,https://www.zoro.com/static/cms/product/large/Grainger_4xx771xx2.jpg,verified_zoro_page_gallery
4-602::4-771,4-771,component_sku,The Entry to Automatic Finishing - Compound Pump,toolset_component,4,https://www.zoro.com/static/cms/product/large/Grainger_4xx771xx13.jpg,verified_zoro_page_gallery
4-602::4-777,4-777,component_sku,The Entry to Automatic Finishing - 54” Corner Roller Handle,toolset_component,1,https://www.zoro.com/static/cms/product/large/Grainger_4xx777xx1.jpg,verified_zoro_page_gallery
4-602::4-778,4-778,component_sku,The Entry to Automatic Finishing - 50” Corner Applicator Handle,toolset_component,1,https://www.zoro.com/static/cms/product/large/Grainger_4xx778xx1.jpg,sku_mfr_main_image_candidate_only
4-602::4-779,4-779,component_sku,The Entry to Automatic Finishing - 54” Corner Finisher Handle,toolset_component,1,https://www.zoro.com/static/cms/product/large/Grainger_4xx779xx1.jpg,verified_zoro_page_gallery
4-605::4-765,4-765,component_sku,10”/12” Standard Boxes w/ Ext. Handle - 10” Flat Box,toolset_component,1,https://www.zoro.com/static/cms/product/large/Grainger_4xx765xx1.jpg,sku_mfr_main_image_candidate_only
4-605::4-766,4-766,component_sku,10”/12” Standard Boxes w/ Ext. Handle - 12” Flat Box,toolset_component,1,https://www.zoro.com/static/cms/product/large/Grainger_4xx766xx1.jpg,sku_mfr_main_image_candidate_only
4-605::4-771,4-771,component_sku,10”/12” Standard Boxes w/ Ext. Handle - Compound Pump,toolset_component,1,https://www.zoro.com/static/cms/product/large/Z-x_K6icpEx_.JPG,verified_zoro_page_gallery
4-605::4-771,4-771,component_sku,10”/12” Standard Boxes w/ Ext. Handle - Compound Pump,toolset_component,2,https://www.zoro.com/static/cms/product/large/Grainger_4xx771xx12.jpg,verified_zoro_page_gallery
4-605::4-771,4-771,component_sku,10”/12” Standard Boxes w/ Ext. Handle - Compound Pump,toolset_component,3,https://www.zoro.com/static/cms/product/large/Grainger_4xx771xx2.jpg,verified_zoro_page_gallery
4-605::4-771,4-771,component_sku,10”/12” Standard Boxes w/ Ext. Handle - Compound Pump,toolset_component,4,https://www.zoro.com/static/cms/product/large/Grainger_4xx771xx13.jpg,verified_zoro_page_gallery
4-605::4-780,4-780,component_sku,10”/12” Standard Boxes w/ Ext. Handle - 40”- 62” Flat Box Handle,toolset_component,1,https://www.zoro.com/static/cms/product/large/Grainger_4xx780xx1.jpg,sku_mfr_main_image_candidate_only
4-629::4-768,4-768,component_sku,10”/12” MEGA BOXES W/ EXT. HANDLE - 10” Mega Flat Box,toolset_component,1,https://www.zoro.com/static/cms/product/large/Z-x_K4mcpEx_.JPG,verified_zoro_page_gallery
4-629::4-769,4-769,component_sku,10”/12” MEGA BOXES W/ EXT. HANDLE - 12” Mega Flat Box,toolset_component,1,https://www.zoro.com/static/cms/product/large/Grainger_4xx769xx1.jpg,sku_mfr_main_image_candidate_only
4-629::4-771,4-771,component_sku,10”/12” MEGA BOXES W/ EXT. HANDLE - Compound Pump,toolset_component,1,https://www.zoro.com/static/cms/product/large/Z-x_K6icpEx_.JPG,verified_zoro_page_gallery
4-629::4-771,4-771,component_sku,10”/12” MEGA BOXES W/ EXT. HANDLE - Compound Pump,toolset_component,2,https://www.zoro.com/static/cms/product/large/Grainger_4xx771xx12.jpg,verified_zoro_page_gallery
4-629::4-771,4-771,component_sku,10”/12” MEGA BOXES W/ EXT. HANDLE - Compound Pump,toolset_component,3,https://www.zoro.com/static/cms/product/large/Grainger_4xx771xx2.jpg,verified_zoro_page_gallery
4-629::4-771,4-771,component_sku,10”/12” MEGA BOXES W/ EXT. HANDLE - Compound Pump,toolset_component,4,https://www.zoro.com/static/cms/product/large/Grainger_4xx771xx13.jpg,verified_zoro_page_gallery
4-629::4-780,4-780,component_sku,10”/12” MEGA BOXES W/ EXT. HANDLE - 40”- 62” Flat Box Handle,toolset_component,1,https://www.zoro.com/static/cms/product/large/Grainger_4xx780xx1.jpg,sku_mfr_main_image_candidate_only
4-630::4-707,4-707,component_sku,The Starter Taping Set - Corner Roller,toolset_component,1,https://www.zoro.com/static/cms/product/large/Grainger_4xx707xx1.jpg,sku_mfr_main_image_candidate_only
4-630::4-714,4-714,component_sku,The Starter Taping Set - Gooseneck Filler Tube,toolset_component,1,https://www.zoro.com/static/cms/product/large/Grainger_4xx714xx1.jpg,sku_mfr_main_image_candidate_only
4-630::4-760,4-760,component_sku,The Starter Taping Set - Automatic Taper,toolset_component,1,https://www.zoro.com/static/cms/product/large/Grainger_4xx760xx1.jpg,verified_zoro_page_gallery
4-630::4-760,4-760,component_sku,The Starter Taping Set - Automatic Taper,toolset_component,2,https://www.zoro.com/static/cms/product/large/Grainger_4xx760xx3.jpg,verified_zoro_page_gallery
4-630::4-760,4-760,component_sku,The Starter Taping Set - Automatic Taper,toolset_component,3,https://www.zoro.com/static/cms/product/large/Grainger_4xx760xx9.jpg,verified_zoro_page_gallery
4-630::4-760,4-760,component_sku,The Starter Taping Set - Automatic Taper,toolset_component,4,https://www.zoro.com/static/cms/product/large/Grainger_4xx760xx5.jpg,verified_zoro_page_gallery
4-630::4-760,4-760,component_sku,The Starter Taping Set - Automatic Taper,toolset_component,5,https://www.zoro.com/static/cms/product/large/Grainger_4xx760xx7.jpg,verified_zoro_page_gallery
4-630::4-760,4-760,component_sku,The Starter Taping Set - Automatic Taper,toolset_component,6,https://www.zoro.com/static/cms/product/large/Grainger_4xx760xx4.jpg,verified_zoro_page_gallery
4-630::4-760,4-760,component_sku,The Starter Taping Set - Automatic Taper,toolset_component,7,https://www.zoro.com/static/cms/product/large/Grainger_4xx760xx6.jpg,verified_zoro_page_gallery
4-630::4-760,4-760,component_sku,The Starter Taping Set - Automatic Taper,toolset_component,8,https://www.zoro.com/static/cms/product/large/Grainger_4xx760xx8.jpg,verified_zoro_page_gallery
4-630::4-760,4-760,component_sku,The Starter Taping Set - Automatic Taper,toolset_component,9,https://www.zoro.com/static/cms/product/large/Grainger_4xx760xx2.jpg,verified_zoro_page_gallery
4-630::4-771,4-771,component_sku,The Starter Taping Set - Compound Pump,toolset_component,1,https://www.zoro.com/static/cms/product/large/Z-x_K6icpEx_.JPG,verified_zoro_page_gallery
4-630::4-771,4-771,component_sku,The Starter Taping Set - Compound Pump,toolset_component,2,https://www.zoro.com/static/cms/product/large/Grainger_4xx771xx12.jpg,verified_zoro_page_gallery
4-630::4-771,4-771,component_sku,The Starter Taping Set - Compound Pump,toolset_component,3,https://www.zoro.com/static/cms/product/large/Grainger_4xx771xx2.jpg,verified_zoro_page_gallery
4-630::4-771,4-771,component_sku,The Starter Taping Set - Compound Pump,toolset_component,4,https://www.zoro.com/static/cms/product/large/Grainger_4xx771xx13.jpg,verified_zoro_page_gallery
4-630::4-777,4-777,component_sku,The Starter Taping Set - 50” Corner Roller Handle,toolset_component,1,https://www.zoro.com/static/cms/product/large/Grainger_4xx777xx1.jpg,verified_zoro_page_gallery
4-650::4-708,4-708,component_sku,The Semi-Automatic Starter Set - Corner Roller,toolset_component,1,https://www.zoro.com/static/cms/product/large/Grainger_4xx708xx1.jpg,sku_mfr_main_image_candidate_only
4-650::4-712,4-712,component_sku,The Semi-Automatic Starter Set - 42” Flat Box Handle,toolset_component,1,https://www.zoro.com/static/cms/product/large/Grainger_4xx712xx1.jpg,sku_mfr_main_image_candidate_only
4-650::4-722,4-722,component_sku,The Semi-Automatic Starter Set - 10” Flat Box,toolset_component,1,https://www.zoro.com/static/cms/product/large/Grainger_4xx722xx1.jpg,sku_mfr_main_image_candidate_only
4-650::4-723,4-723,component_sku,The Semi-Automatic Starter Set - 12” Flat Box,toolset_component,1,https://www.zoro.com/static/cms/product/large/Grainger_4xx723xx1.jpg,sku_mfr_main_image_candidate_only
4-650::4-741,4-741,component_sku,The Semi-Automatic Starter Set - Compound Tube,toolset_component,1,https://www.zoro.com/static/cms/product/large/Grainger_4xx741xx1.jpg,sku_mfr_main_image_candidate_only
4-650::4-744,4-744,component_sku,The Semi-Automatic Starter Set - 3.5” Corner Flusher,toolset_component,1,https://www.zoro.com/static/cms/product/large/Grainger_4xx744xx1.jpg,sku_mfr_main_image_candidate_only
4-650::4-775,4-775,component_sku,The Semi-Automatic Starter Set - Corner Roller/Nail Spotter Handle,toolset_component,1,https://www.zoro.com/static/cms/product/large/Grainger_4xx775xx1.jpg,sku_mfr_main_image_candidate_only
4-650::5-311,5-311,component_sku,The Semi-Automatic Starter Set - Drywall Banjo,toolset_component,1,https://www.zoro.com/static/cms/product/large/Grainger_5xx311xx1.jpg,sku_mfr_main_image_candidate_only
4-661P::4-707,4-707,component_sku,The Full Taping Set w/ Ext. Handles & MiniShot - Corner Roller,toolset_component,1,https://www.zoro.com/static/cms/product/large/Grainger_4xx707xx1.jpg,sku_mfr_main_image_candidate_only
4-661P::4-714,4-714,component_sku,The Full Taping Set w/ Ext. Handles & MiniShot - Gooseneck Filler Tube,toolset_component,1,https://www.zoro.com/static/cms/product/large/Grainger_4xx714xx1.jpg,sku_mfr_main_image_candidate_only
4-661P::4-733,4-733,component_sku,The Full Taping Set w/ Ext. Handles & MiniShot - 3” Corner Finisher,toolset_component,1,https://www.zoro.com/static/cms/product/large/Grainger_4xx733xx1.jpg,sku_mfr_main_image_candidate_only
4-661P::4-760,4-760,component_sku,The Full Taping Set w/ Ext. Handles & MiniShot - Automatic Taper,toolset_component,1,https://www.zoro.com/static/cms/product/large/Grainger_4xx760xx1.jpg,verified_zoro_page_gallery
4-661P::4-760,4-760,component_sku,The Full Taping Set w/ Ext. Handles & MiniShot - Automatic Taper,toolset_component,2,https://www.zoro.com/static/cms/product/large/Grainger_4xx760xx3.jpg,verified_zoro_page_gallery
4-661P::4-760,4-760,component_sku,The Full Taping Set w/ Ext. Handles & MiniShot - Automatic Taper,toolset_component,3,https://www.zoro.com/static/cms/product/large/Grainger_4xx760xx9.jpg,verified_zoro_page_gallery
4-661P::4-760,4-760,component_sku,The Full Taping Set w/ Ext. Handles & MiniShot - Automatic Taper,toolset_component,4,https://www.zoro.com/static/cms/product/large/Grainger_4xx760xx5.jpg,verified_zoro_page_gallery
4-661P::4-760,4-760,component_sku,The Full Taping Set w/ Ext. Handles & MiniShot - Automatic Taper,toolset_component,5,https://www.zoro.com/static/cms/product/large/Grainger_4xx760xx7.jpg,verified_zoro_page_gallery
4-661P::4-760,4-760,component_sku,The Full Taping Set w/ Ext. Handles & MiniShot - Automatic Taper,toolset_component,6,https://www.zoro.com/static/cms/product/large/Grainger_4xx760xx4.jpg,verified_zoro_page_gallery
4-661P::4-760,4-760,component_sku,The Full Taping Set w/ Ext. Handles & MiniShot - Automatic Taper,toolset_component,7,https://www.zoro.com/static/cms/product/large/Grainger_4xx760xx6.jpg,verified_zoro_page_gallery
4-661P::4-760,4-760,component_sku,The Full Taping Set w/ Ext. Handles & MiniShot - Automatic Taper,toolset_component,8,https://www.zoro.com/static/cms/product/large/Grainger_4xx760xx8.jpg,verified_zoro_page_gallery
4-661P::4-760,4-760,component_sku,The Full Taping Set w/ Ext. Handles & MiniShot - Automatic Taper,toolset_component,9,https://www.zoro.com/static/cms/product/large/Grainger_4xx760xx2.jpg,verified_zoro_page_gallery
4-661P::4-765,4-765,component_sku,The Full Taping Set w/ Ext. Handles & MiniShot - 10” Flat Box,toolset_component,1,https://www.zoro.com/static/cms/product/large/Grainger_4xx765xx1.jpg,sku_mfr_main_image_candidate_only
4-661P::4-766,4-766,component_sku,The Full Taping Set w/ Ext. Handles & MiniShot - 12” Flat Box,toolset_component,1,https://www.zoro.com/static/cms/product/large/Grainger_4xx766xx1.jpg,sku_mfr_main_image_candidate_only
4-661P::4-771,4-771,component_sku,The Full Taping Set w/ Ext. Handles & MiniShot - Compound Pump,toolset_component,1,https://www.zoro.com/static/cms/product/large/Z-x_K6icpEx_.JPG,verified_zoro_page_gallery
4-661P::4-771,4-771,component_sku,The Full Taping Set w/ Ext. Handles & MiniShot - Compound Pump,toolset_component,2,https://www.zoro.com/static/cms/product/large/Grainger_4xx771xx12.jpg,verified_zoro_page_gallery
4-661P::4-771,4-771,component_sku,The Full Taping Set w/ Ext. Handles & MiniShot - Compound Pump,toolset_component,3,https://www.zoro.com/static/cms/product/large/Grainger_4xx771xx2.jpg,verified_zoro_page_gallery
4-661P::4-771,4-771,component_sku,The Full Taping Set w/ Ext. Handles & MiniShot - Compound Pump,toolset_component,4,https://www.zoro.com/static/cms/product/large/Grainger_4xx771xx13.jpg,verified_zoro_page_gallery
4-661P::4-772,4-772,component_sku,The Full Taping Set w/ Ext. Handles & MiniShot - MiniShot,toolset_component,1,https://www.zoro.com/static/cms/product/large/Grainger_4xx772xx1.jpg,sku_mfr_main_image_candidate_only
4-661P::4-780,4-780,component_sku,The Full Taping Set w/ Ext. Handles & MiniShot - 40”- 62” Flat Box Handle,toolset_component,1,https://www.zoro.com/static/cms/product/large/Grainger_4xx780xx1.jpg,sku_mfr_main_image_candidate_only
4-661P::4-792,4-792,component_sku,The Full Taping Set w/ Ext. Handles & MiniShot - 31”- 50” Corner Roller Handle,toolset_component,1,https://www.zoro.com/static/cms/product/large/Grainger_4xx792xx1.jpg,sku_mfr_main_image_candidate_only
4-661P::4-795,4-795,component_sku,The Full Taping Set w/ Ext. Handles & MiniShot - 31”- 50” Corner Finisher Handle,toolset_component,1,https://www.zoro.com/static/cms/product/large/Grainger_4xx795xx1.jpg,sku_mfr_main_image_candidate_only
4-661P::5-623,5-623,component_sku,The Full Taping Set w/ Ext. Handles & MiniShot - Bonus Hand Tool Set,toolset_component,1,https://www.zoro.com/static/cms/product/large/Grainger_5xx623xx1.jpg,sku_mfr_main_image_candidate_only
4-677P::4-707,4-707,component_sku,The Ultimate Taping & Finishing Set - Corner Roller,toolset_component,1,https://www.zoro.com/static/cms/product/large/Grainger_4xx707xx1.jpg,sku_mfr_main_image_candidate_only
4-677P::4-712,4-712,component_sku,The Ultimate Taping & Finishing Set - 42” Flat Box Handle,toolset_component,1,https://www.zoro.com/static/cms/product/large/Grainger_4xx712xx1.jpg,sku_mfr_main_image_candidate_only
4-677P::4-714,4-714,component_sku,The Ultimate Taping & Finishing Set - Gooseneck Filler Tube,toolset_component,1,https://www.zoro.com/static/cms/product/large/Grainger_4xx714xx1.jpg,sku_mfr_main_image_candidate_only
4-677P::4-733,4-733,component_sku,The Ultimate Taping & Finishing Set - 3” Corner Finisher,toolset_component,1,https://www.zoro.com/static/cms/product/large/Grainger_4xx733xx1.jpg,sku_mfr_main_image_candidate_only
4-677P::4-734,4-734,component_sku,The Ultimate Taping & Finishing Set - 3.5” Corner Finisher,toolset_component,1,https://www.zoro.com/static/cms/product/large/Grainger_4xx734xx1.jpg,verified_zoro_page_gallery
4-677P::4-734,4-734,component_sku,The Ultimate Taping & Finishing Set - 3.5” Corner Finisher,toolset_component,2,https://www.zoro.com/static/cms/product/large/Grainger_4xx734xx3.jpg,verified_zoro_page_gallery
4-677P::4-734,4-734,component_sku,The Ultimate Taping & Finishing Set - 3.5” Corner Finisher,toolset_component,3,https://www.zoro.com/static/cms/product/large/Grainger_4xx734xx2.jpg,verified_zoro_page_gallery
4-677P::4-755,4-755,component_sku,The Ultimate Taping & Finishing Set - 3” Nail Spotter,toolset_component,1,https://www.zoro.com/static/cms/product/large/Grainger_4xx755xx1.jpg,sku_mfr_main_image_candidate_only
4-677P::4-760,4-760,component_sku,The Ultimate Taping & Finishing Set - Automatic Taper,toolset_component,1,https://www.zoro.com/static/cms/product/large/Grainger_4xx760xx1.jpg,verified_zoro_page_gallery
4-677P::4-760,4-760,component_sku,The Ultimate Taping & Finishing Set - Automatic Taper,toolset_component,2,https://www.zoro.com/static/cms/product/large/Grainger_4xx760xx3.jpg,verified_zoro_page_gallery
4-677P::4-760,4-760,component_sku,The Ultimate Taping & Finishing Set - Automatic Taper,toolset_component,3,https://www.zoro.com/static/cms/product/large/Grainger_4xx760xx9.jpg,verified_zoro_page_gallery
4-677P::4-760,4-760,component_sku,The Ultimate Taping & Finishing Set - Automatic Taper,toolset_component,4,https://www.zoro.com/static/cms/product/large/Grainger_4xx760xx5.jpg,verified_zoro_page_gallery
4-677P::4-760,4-760,component_sku,The Ultimate Taping & Finishing Set - Automatic Taper,toolset_component,5,https://www.zoro.com/static/cms/product/large/Grainger_4xx760xx7.jpg,verified_zoro_page_gallery
4-677P::4-760,4-760,component_sku,The Ultimate Taping & Finishing Set - Automatic Taper,toolset_component,6,https://www.zoro.com/static/cms/product/large/Grainger_4xx760xx4.jpg,verified_zoro_page_gallery
4-677P::4-760,4-760,component_sku,The Ultimate Taping & Finishing Set - Automatic Taper,toolset_component,7,https://www.zoro.com/static/cms/product/large/Grainger_4xx760xx6.jpg,verified_zoro_page_gallery
4-677P::4-760,4-760,component_sku,The Ultimate Taping & Finishing Set - Automatic Taper,toolset_component,8,https://www.zoro.com/static/cms/product/large/Grainger_4xx760xx8.jpg,verified_zoro_page_gallery
4-677P::4-760,4-760,component_sku,The Ultimate Taping & Finishing Set - Automatic Taper,toolset_component,9,https://www.zoro.com/static/cms/product/large/Grainger_4xx760xx2.jpg,verified_zoro_page_gallery
4-677P::4-764,4-764,component_sku,The Ultimate Taping & Finishing Set - 7” Flat Box,toolset_component,1,https://www.zoro.com/static/cms/product/large/Grainger_4xx764xx1.jpg,sku_mfr_main_image_candidate_only
4-677P::4-765,4-765,component_sku,The Ultimate Taping & Finishing Set - 10” Flat Box,toolset_component,1,https://www.zoro.com/static/cms/product/large/Grainger_4xx765xx1.jpg,sku_mfr_main_image_candidate_only
4-677P::4-766,4-766,component_sku,The Ultimate Taping & Finishing Set - 12” Flat Box,toolset_component,1,https://www.zoro.com/static/cms/product/large/Grainger_4xx766xx1.jpg,sku_mfr_main_image_candidate_only
4-677P::4-771,4-771,component_sku,The Ultimate Taping & Finishing Set - Compound Pump,toolset_component,1,https://www.zoro.com/static/cms/product/large/Z-x_K6icpEx_.JPG,verified_zoro_page_gallery
4-677P::4-771,4-771,component_sku,The Ultimate Taping & Finishing Set - Compound Pump,toolset_component,2,https://www.zoro.com/static/cms/product/large/Grainger_4xx771xx12.jpg,verified_zoro_page_gallery
4-677P::4-771,4-771,component_sku,The Ultimate Taping & Finishing Set - Compound Pump,toolset_component,3,https://www.zoro.com/static/cms/product/large/Grainger_4xx771xx2.jpg,verified_zoro_page_gallery
4-677P::4-771,4-771,component_sku,The Ultimate Taping & Finishing Set - Compound Pump,toolset_component,4,https://www.zoro.com/static/cms/product/large/Grainger_4xx771xx13.jpg,verified_zoro_page_gallery
4-677P::4-772,4-772,component_sku,The Ultimate Taping & Finishing Set - MiniShot,toolset_component,1,https://www.zoro.com/static/cms/product/large/Grainger_4xx772xx1.jpg,sku_mfr_main_image_candidate_only
4-677P::4-792,4-792,component_sku,The Ultimate Taping & Finishing Set - 31”- 50” Corner Roller/Nail Spotter Handle,toolset_component,1,https://www.zoro.com/static/cms/product/large/Grainger_4xx792xx1.jpg,sku_mfr_main_image_candidate_only
4-677P::4-795,4-795,component_sku,The Ultimate Taping & Finishing Set - 31”- 50” Corner Finisher Handle,toolset_component,1,https://www.zoro.com/static/cms/product/large/Grainger_4xx795xx1.jpg,sku_mfr_main_image_candidate_only
4-677P::4-862,4-862,component_sku,The Ultimate Taping & Finishing Set - Outsider Wheel Kit,toolset_component,1,https://www.zoro.com/static/cms/product/large/Grainger_4xx862xx1.jpg,sku_mfr_main_image_candidate_only
4-677P::5-623,5-623,component_sku,The Ultimate Taping & Finishing Set - Bonus Hand Tool Set,toolset_component,1,https://www.zoro.com/static/cms/product/large/Grainger_5xx623xx1.jpg,sku_mfr_main_image_candidate_only
4-687P::4-623,4-623,component_sku,Finishing Set w/ Ext. Handles & MiniShot - Bonus Hand Tool Set (as printed: 4-623),toolset_component,1,https://www.zoro.com/static/cms/product/large/Grainger_4xx623xx1.jpg,sku_mfr_main_image_candidate_only
4-687P::4-707,4-707,component_sku,Finishing Set w/ Ext. Handles & MiniShot - Corner Roller,toolset_component,1,https://www.zoro.com/static/cms/product/large/Grainger_4xx707xx1.jpg,sku_mfr_main_image_candidate_only
4-687P::4-733,4-733,component_sku,Finishing Set w/ Ext. Handles & MiniShot - 3” Corner Finisher,toolset_component,1,https://www.zoro.com/static/cms/product/large/Grainger_4xx733xx1.jpg,sku_mfr_main_image_candidate_only
4-687P::4-734,4-734,component_sku,Finishing Set w/ Ext. Handles & MiniShot - 3.5” Corner Finisher,toolset_component,1,https://www.zoro.com/static/cms/product/large/Grainger_4xx734xx1.jpg,verified_zoro_page_gallery
4-687P::4-734,4-734,component_sku,Finishing Set w/ Ext. Handles & MiniShot - 3.5” Corner Finisher,toolset_component,2,https://www.zoro.com/static/cms/product/large/Grainger_4xx734xx3.jpg,verified_zoro_page_gallery
4-687P::4-734,4-734,component_sku,Finishing Set w/ Ext. Handles & MiniShot - 3.5” Corner Finisher,toolset_component,3,https://www.zoro.com/static/cms/product/large/Grainger_4xx734xx2.jpg,verified_zoro_page_gallery
4-687P::4-768,4-768,component_sku,Finishing Set w/ Ext. Handles & MiniShot - 10” Mega Flat Box,toolset_component,1,https://www.zoro.com/static/cms/product/large/Z-x_K4mcpEx_.JPG,verified_zoro_page_gallery
4-687P::4-769,4-769,component_sku,Finishing Set w/ Ext. Handles & MiniShot - 12” Mega Flat Box,toolset_component,1,https://www.zoro.com/static/cms/product/large/Grainger_4xx769xx1.jpg,sku_mfr_main_image_candidate_only
4-687P::4-771,4-771,component_sku,Finishing Set w/ Ext. Handles & MiniShot - Compound Pump,toolset_component,1,https://www.zoro.com/static/cms/product/large/Z-x_K6icpEx_.JPG,verified_zoro_page_gallery
4-687P::4-771,4-771,component_sku,Finishing Set w/ Ext. Handles & MiniShot - Compound Pump,toolset_component,2,https://www.zoro.com/static/cms/product/large/Grainger_4xx771xx12.jpg,verified_zoro_page_gallery
4-687P::4-771,4-771,component_sku,Finishing Set w/ Ext. Handles & MiniShot - Compound Pump,toolset_component,3,https://www.zoro.com/static/cms/product/large/Grainger_4xx771xx2.jpg,verified_zoro_page_gallery
4-687P::4-771,4-771,component_sku,Finishing Set w/ Ext. Handles & MiniShot - Compound Pump,toolset_component,4,https://www.zoro.com/static/cms/product/large/Grainger_4xx771xx13.jpg,verified_zoro_page_gallery
4-687P::4-772,4-772,component_sku,Finishing Set w/ Ext. Handles & MiniShot - MiniShot,toolset_component,1,https://www.zoro.com/static/cms/product/large/Grainger_4xx772xx1.jpg,sku_mfr_main_image_candidate_only
4-687P::4-780,4-780,component_sku,Finishing Set w/ Ext. Handles & MiniShot - 40”- 62” Flat Box Handle,toolset_component,1,https://www.zoro.com/static/cms/product/large/Grainger_4xx780xx1.jpg,sku_mfr_main_image_candidate_only
4-687P::4-792,4-792,component_sku,Finishing Set w/ Ext. Handles & MiniShot - 31”- 50” Corner Roller Handle,toolset_component,1,https://www.zoro.com/static/cms/product/large/Grainger_4xx792xx1.jpg,sku_mfr_main_image_candidate_only
4-687P::4-795,4-795,component_sku,Finishing Set w/ Ext. Handles & MiniShot - 31”- 50” Corner Finisher Handle,toolset_component,1,https://www.zoro.com/static/cms/product/large/Grainger_4xx795xx1.jpg,sku_mfr_main_image_candidate_only
