Brands,SKU,MPN,Name,Type,Description,Short description,Regular price,Sale price,Images,Categories,Tags,Position,Published,Is featured?,Visibility in catalog,Date sale price starts,Date sale price ends,Tax status,Tax class,In stock?,Stock,Low stock amount,Backorders allowed?,Sold individually?,Weight (lbs),Length (in),Width (in),Height (in),Allow customer reviews?,Purchase note,Shipping class,Download limit,Download expiry days,Parent,Grouped products,Upsells,Cross-sells,External URL,Button text,Attribute 1 name,Attribute 1 value(s),Attribute 1 visible,Attribute 1 global
Asgard,EZ10-AD,,"Asgard 10"" Flat Box",simple,"<h2>Precision Performance for Professional Drywall Finishing</h2> <p>Elevate your finishing workflow with the Asgard 10"" Flat Box, a high-performance tool engineered for contractors who demand reliability and precision. Designed to integrate seamlessly into your existing toolkit, this flat box offers the robust build quality associated with TapeTech engineering while maintaining a streamlined, value-focused design. Whether you are tackling large-scale commercial projects or residential renovations, this tool provides the consistent mud application required for a flawless, professional-grade finish.</p> <h2>Engineered for the Job Site</h2> <p>Constructed from premium-grade alloys, the Asgard 10"" Flat Box is built to endure the rigors of daily professional use. The unit features a sleek, durable black finish that resists wear, ensuring longevity even in demanding environments. With its universal compatibility, it pairs effortlessly with most major brand flat box handles, making it a versatile addition to any drywall professional's arsenal. The intuitive design allows for rapid adjustments and simplified maintenance, keeping you productive throughout the workday.</p> <h2>Key Features</h2> <ul> <li><strong>Precision Mud Control:</strong> Features an easy-to-use dial adjustment system that allows for precise, consistent compound output on every pass.</li> <li><strong>Universal Compatibility:</strong> Designed to fit seamlessly with standard flat box handles from most major industry manufacturers.</li> <li><strong>Rugged Construction:</strong> Manufactured from high-strength, professional-grade alloys to withstand heavy-duty job site conditions.</li> <li><strong>Rapid Maintenance:</strong> Equipped with quick-release thumb latches that allow for fast, hassle-free cleaning and blade changes.</li> <li><strong>Optimized Application:</strong> Perfectly sized for applying base coats to flat seams and butt joints with professional accuracy.</li> </ul> <h2>Technical Specifications</h2> <p>| Specification | Detail |<br /> | :--- | :--- |<br /> | Brand | Asgard |<br /> | Product Name | Asgard 10"" Flat Box |<br /> | SKU | EZ10-AD |<br /> | UPC | 0873876004515 |<br /> | Box Width | 10 inches |<br /> | Material | High-strength alloy |<br /> | Compatibility | Standard flat box handles |</p>","Experience a new level of drywall efficiency with Asgard Taping Tools by TapeTech, offering unmatched durability and functionality without the added markup. The Asgard 10"" Flat Box, featuring a sleek black exterior, is designed for compatibility with other major brand Flat Box handles. Built from superior quality alloys, this Flat Box is engineered to withstand the toughest job sites. It includes quick-release thumb latches for effortless clean-up and an easy dial adjustment for consistent, fine",344.00,,https://drywalltoolbox.com/wp/wp-content/uploads/2026/04/Asgard/Products/ez10-ad.webp,Drywall Finishing Tools > Asgard > Finishing Boxes,"10"", Asgard, flat box",1,1,0,visible,,,taxable,,1,,,0,0,,,,,1,,,,,,,,,,,Brand,Asgard,1,1
Asgard,EHC10-AD,,"Asgard 10"" MaxxBox Finishing Box",simple,"<h2>Master Your Drywall Finish with the Asgard 10"" MAXXBOX</h2> <p>Achieve professional-grade results with the Asgard 10"" MAXXBOX Finishing Box, an essential tool engineered for contractors who demand efficiency and reliability. Built to withstand the rigors of demanding job sites, this high-capacity finishing box combines robust alloy construction with an intuitive design that streamlines your workflow, allowing you to tackle flat seams and butt joints with unparalleled speed and precision.</p> <h2>Unmatched Capacity and Control</h2> <p>The MAXXBOX design is a game-changer for productivity, boasting a capacity that holds up to 68% more joint compound than standard high-capacity alternatives. By significantly reducing the frequency of refills, this tool allows you to maintain momentum throughout the day, minimizing fatigue and maximizing your output. The integrated easy-dial adjustment system provides granular control over mud flow, ensuring a consistent, uniform application that requires minimal sanding and touch-up work.</p> <h2>Key Features</h2> <ul> <li><strong>High-Capacity Efficiency:</strong> The advanced reservoir design holds 68% more compound, drastically cutting down downtime spent on refills.</li> <li><strong>Universal Compatibility:</strong> Engineered to integrate seamlessly with most major flat box handle brands, providing versatile utility for your existing tool kit.</li> <li><strong>Precision Mud Control:</strong> Features an easy-to-use dial adjustment mechanism for consistent, reliable output on every pass.</li> <li><strong>Rugged Construction:</strong> Crafted from premium-grade alloys to ensure long-term durability and resistance to job-site wear and tear.</li> <li><strong>Professional Finish:</strong> Specifically optimized for high-quality, smooth finishes on both flat seams and butt joints.</li> </ul> <h2>Technical Specifications</h2> <p>| Specification | Detail |<br /> | :--- | :--- |<br /> | Brand | Asgard |<br /> | Product Name | 10"" MaxxBox Finishing Box |<br /> | SKU | EHC10-AD |<br /> | Box Size | 10 inches |<br /> | Construction Material | Premium-grade alloys |<br /> | Compatibility | Universal (fits most major handle brands) |</p>","Asgard 10"" MAXXBOX Flat Box",374.00,,https://drywalltoolbox.com/wp/wp-content/uploads/2026/04/Asgard/Products/ehc10-ad.webp,Drywall Finishing Tools > Asgard > Finishing Boxes,"10"", Asgard, finishing box, maxxbox",2,1,0,visible,,,taxable,,1,,,0,0,,,,,1,,,,,,,,,,,Brand,Asgard,1,1
Asgard,PA10-AD,,"Asgard 10"" Power Assist Finishing Box",simple,"<h2>Elevate Your Drywall Finishing Efficiency</h2> <p>Master the art of the perfect seam with the Asgard 10"" Power Assist Finishing Box. Designed for the high-demand professional, this tool integrates advanced spring-loaded technology to minimize physical strain while maximizing the consistency of your compound application. By automating the pressure required for a smooth finish, it allows you to maintain peak productivity throughout long shifts without sacrificing the quality of your work.</p> <h2>Precision Engineering for Professional Results</h2> <p>Constructed from high-grade, lightweight aluminum, this finishing box is built to withstand the rigors of daily job-site use while remaining easy to maneuver. The precision-ground stainless steel blade ensures a clean, feathered edge every time, significantly reducing the need for extensive sanding. The 10-inch width is specifically calibrated for wider seams, providing the versatility needed to handle both residential and commercial projects with ease.</p> <h2>Key Features</h2> <ul> <li><strong>Power-Assist Technology:</strong> Integrated spring mechanism reduces manual effort and ensures uniform compound distribution.</li> <li><strong>Durable Construction:</strong> Rugged aluminum body offers an optimal balance of strength and weight for all-day comfort.</li> <li><strong>Professional Blade:</strong> High-quality stainless steel blade provides consistent, sharp edges for a superior finish.</li> <li><strong>Optimized Width:</strong> The 10-inch profile is ideal for efficient coverage on wider drywall joints and transitions.</li> <li><strong>Ergonomic Design:</strong> Engineered to decrease operator fatigue, allowing for faster completion times on large-scale installations.</li> </ul> <h2>Technical Specifications</h2> <p>| Specification | Detail |<br /> | :--- | :--- |<br /> | Brand | Asgard |<br /> | Product Name | 10"" Power Assist Finishing Box |<br /> | SKU | PA10-AD |<br /> | Material | Aluminum and Stainless Steel |<br /> | Width | 10 inches |</p>","Asgard 10"" Power Assist Finishing Box",442.00,,https://drywalltoolbox.com/wp/wp-content/uploads/2026/04/Asgard/Products/pa10-ad.webp,Drywall Finishing Tools > Asgard > Finishing Boxes,"10"", Asgard, finishing box",3,1,0,visible,,,taxable,,1,,,0,0,,,,,1,,,,,,,,,,,Brand,Asgard,1,1
Asgard,AGFLATEXT,,"Asgard 10"" and 12"" Flat Box Combo Set",simple,"<h2>Professional-Grade Drywall Finishing Efficiency</h2> <p>Elevate your drywall finishing workflow with the Asgard 10"" and 12"" Flat Box Combo Set. Engineered for contractors who demand consistent, high-quality results without the premium overhead, this comprehensive kit provides the essential tools required to achieve seamless, professional-grade joints. Whether you are tackling residential renovations or large-scale commercial projects, this set offers the perfect balance of durability, precision, and ergonomic control.</p> <h2>Precision Performance for Every Joint</h2> <p>This set is meticulously curated to streamline your taping and finishing process. The inclusion of both 10-inch and 12-inch flat boxes allows for versatile application, ensuring you have the right tool for initial fills and final coats on both flat seams and butt joints. The high-capacity loading pump and filler adapter work in tandem to minimize downtime, allowing for rapid, mess-free refills so you can maintain your momentum throughout the workday. With the extendable handle, you gain the reach necessary to finish high walls and ceilings with improved posture and reduced fatigue.</p> <h2>Key Features</h2> <ul> <li><strong>Dual-Size Versatility:</strong> Includes both 10"" and 12"" flat boxes to accommodate various stages of the finishing process and different joint widths.</li> <li><strong>Rapid Refill System:</strong> The high-performance loading pump and dedicated filler adapter ensure quick transitions and maximum uptime on the job site.</li> <li><strong>Ergonomic Reach:</strong> The extendable flat box handle provides adjustable length, allowing for precise control and access to hard-to-reach areas without the need for constant ladder repositioning.</li> <li><strong>Field-Proven Durability:</strong> Built to withstand the rigors of daily professional use, these tools offer reliable performance and consistent mud distribution.</li> <li><strong>Streamlined Workflow:</strong> Designed to work as a cohesive system, reducing the time spent on manual finishing and sanding.</li> </ul> <h2>Technical Specifications</h2> <p>| Specification | Detail |<br /> | :--- | :--- |<br /> | Brand | Asgard |<br /> | SKU | AGFLATEXT |<br /> | Included Components | 10"" Flat Box, 12"" Flat Box, Loading Pump, Filler Adapter, Extendable Handle |<br /> | Model Numbers | EZ10-AD, EZ12-AD, LP01-AD, FA01-AD, FBE-AD |<br /> | Application | Drywall Seam and Butt Joint Finishing |</p>",This kit includes the following,1357.00,,https://drywalltoolbox.com/wp/wp-content/uploads/2026/04/Asgard/Products/agflatext.webp,Drywall Finishing Tools > Asgard > Tool Sets & Bundles,"10"", 12"", Asgard, combo set, flat box",4,1,0,visible,,,taxable,,1,,,0,0,,,,,1,,,,,,,,,,,Brand,Asgard,1,1
Asgard,EZ12-AD,,"Asgard 12"" Flat Box",simple,"<h2>Professional-Grade Finishing Performance</h2> <p>Elevate your drywall finishing efficiency with the Asgard 12"" Flat Box. Engineered for contractors who demand reliability and precision, this tool provides a cost-effective solution without compromising on build quality. Whether you are tackling flat seams or butt joints, this robust applicator ensures a smooth, professional finish that stands up to the rigors of demanding job sites.</p> <h2>Built for the Modern Contractor</h2> <p>Constructed from premium-grade alloys, the Asgard 12"" Flat Box is designed for longevity and consistent performance. Its universal compatibility allows it to integrate seamlessly with existing handles from all major industry brands, making it a versatile addition to your current tool kit. The intuitive design features quick-release thumb latches, significantly reducing downtime during cleanup, while the precision dial adjustment allows for granular control over mud output, ensuring perfect consistency on every pass.</p> <h2>Key Features</h2> <ul> <li><strong>Universal Compatibility:</strong> Designed to fit handles from all major drywall tool manufacturers for maximum versatility.</li> <li><strong>Precision Mud Control:</strong> Integrated dial adjustment system provides exact, consistent mud flow for flawless seam finishing.</li> <li><strong>Rugged Construction:</strong> Manufactured from high-strength alloys to withstand heavy-duty daily use.</li> <li><strong>Rapid Maintenance:</strong> Quick-release thumb latches enable fast disassembly for thorough cleaning and maintenance.</li> <li><strong>Professional Versatility:</strong> Optimized for both flat seams and butt joints, delivering high-quality results across various applications.</li> </ul> <h2>Technical Specifications</h2> <p>| Specification | Detail |<br /> | :--- | :--- |<br /> | Brand | Asgard |<br /> | Product Name | 12"" Flat Box |<br /> | SKU | EZ12-AD |<br /> | UPC | 0873876004522 |<br /> | Tool Width | 12 inches |<br /> | Compatibility | Universal (Major Brands) |<br /> | Material | High-Quality Alloy |</p>","Step up your drywall game with Asgard Taping Tools by TapeTech, delivering exceptional durability and functionality without the extra cost. The Asgard 12"" Flat Box, featuring a sleek black exterior, is designed to be compatible with handles from all major brands. Made from high-quality alloys, this Flat Box is built to endure the toughest job sites. It boasts quick-release thumb latches for easy clean-up and an easy dial adjustment for consistent, finely controlled mud output. Perfect for finish",327.00,,https://drywalltoolbox.com/wp/wp-content/uploads/2026/04/Asgard/Products/ez12-ad.webp,Drywall Finishing Tools > Asgard > Finishing Boxes,"12"", Asgard, flat box",5,1,0,visible,,,taxable,,1,,,0,0,,,,,1,,,,,,,,,,,Brand,Asgard,1,1
Asgard,PA12-AD,,"Asgard 12"" Power Assist Finishing Box",simple,"<h2>Elevate Your Drywall Finishing Precision</h2> <p>Achieve professional-grade results with the Asgard 12"" Power Assist Finishing Box, a high-performance tool designed to streamline your workflow and reduce physical fatigue. By integrating advanced power-assist spring technology, this finishing box allows for a smoother, more consistent application of joint compound, ensuring that even the most demanding drywall projects are completed with superior efficiency and minimal strain.</p> <h2>Engineered for Professional Performance</h2> <p>Built to meet the rigorous demands of the job site, this 12-inch finishing box is constructed from high-grade, lightweight aluminum to provide a perfect balance of durability and maneuverability. The precision-engineered stainless steel blade ensures a clean, uniform finish across wide seams, eliminating the need for extensive sanding and rework. Whether you are tackling large-scale commercial installations or high-end residential projects, this tool provides the reliability and control required for a flawless, seamless transition every time.</p> <h2>Key Features</h2> <ul> <li><strong>Power-Assist Technology:</strong> Integrated spring mechanism significantly reduces the force required to dispense compound, increasing productivity throughout the workday.</li> <li><strong>High-Capacity 12"" Design:</strong> Optimized for wide-seam finishing, providing excellent coverage and a smooth, professional-grade surface.</li> <li><strong>Durable Construction:</strong> Features a rugged aluminum housing that resists wear and tear while maintaining a lightweight profile for all-day comfort.</li> <li><strong>Precision Stainless Steel Blade:</strong> Delivers consistent compound thickness and superior edge control for a perfect finish on every pass.</li> <li><strong>Professional Reliability:</strong> Designed specifically for drywall contractors who demand precision, longevity, and consistent performance in the field.</li> </ul> <h2>Technical Specifications</h2> <p>| Specification | Detail |<br /> | :--- | :--- |<br /> | Brand | Asgard |<br /> | Product Name | 12"" Power Assist Finishing Box |<br /> | SKU | PA12-AD |<br /> | Blade Width | 12 inches |<br /> | Material | Aluminum Housing / Stainless Steel Blade |<br /> | Application | Drywall Joint Finishing |</p>","Asgard 12"" Power Assist Finishing Box",456.00,,https://drywalltoolbox.com/wp/wp-content/uploads/2026/04/Asgard/Products/pa12-ad.webp,Drywall Finishing Tools > Asgard > Finishing Boxes,"12"", Asgard, finishing box",6,1,0,visible,,,taxable,,1,,,0,0,,,,,1,,,,,,,,,,,Brand,Asgard,1,1
Asgard,AH25-AD,,"Asgard 2.5"" Angle Head",simple,"<h2>Achieve Flawless Internal Corners with Precision</h2> <p>Elevate your drywall finishing standards with the Asgard 2.5"" Angle Head. Engineered for professionals who demand speed without sacrificing quality, this tool is designed to feather joint compound across both sides of an internal corner simultaneously. Whether you are tackling vertical wall-to-wall joints or horizontal wall-to-ceiling transitions, this angle head delivers a consistent, professional-grade finish in one efficient motion.</p> <h2>Streamline Your Taping Workflow</h2> <p>Integrating seamlessly into your existing taping setup, the Asgard Angle Head is the perfect follow-up to your corner roller. Once your tape is firmly embedded, this tool glides effortlessly to wipe down excess compound, leaving behind a smooth, feathered edge that requires minimal sanding. By reducing manual touch-ups, it significantly cuts down on labor time while ensuring your corners are ready for the final coat.</p> <h2>Key Features</h2> <ul> <li><strong>Dual-Sided Efficiency:</strong> Simultaneously feathers both sides of an internal corner for a perfectly symmetrical finish in a single pass.</li> <li><strong>Versatile Application:</strong> Optimized for use on both wall-to-wall and wall-to-ceiling intersections.</li> <li><strong>Professional Consistency:</strong> Eliminates the guesswork of manual feathering, providing uniform results across every room.</li> <li><strong>Optimized Workflow:</strong> Designed to work in tandem with corner rollers to accelerate the taping process.</li> <li><strong>Durable Construction:</strong> Built to withstand the rigors of daily job site use while maintaining precision performance.</li> </ul> <h2>Technical Specifications</h2> <p>| Specification | Detail |<br /> | :--- | :--- |<br /> | Brand | Asgard |<br /> | Product Name | 2.5"" Angle Head |<br /> | SKU | AH25-AD |<br /> | UPC | 0873876004539 |<br /> | Tool Size | 2.5 inches |<br /> | Application | Internal corner finishing |</p>","The Asgard® 2.5"" Angle Head streamlines the process of feathering joint compound on both sides of internal corners with precision in a single pass. Ideal for wall-to-wall or wall-to-ceiling corners, this tool is an essential component of the taping process. After the joint tape is set into the corner using acorner roller, the 2.5"" Angle Head efficiently wipes down the corner, ensuring seamless results.",316.00,,https://drywalltoolbox.com/wp/wp-content/uploads/2026/04/Asgard/Products/ah25-ad.webp,Drywall Finishing Tools > Asgard > Corner & Angle Tools,"2.5"", angle head, Asgard",7,1,0,visible,,,taxable,,1,,,0,0,,,,,1,,,,,,,,,,,Brand,Asgard,1,1
Asgard,AH30-AD,,"Asgard 3"" Angle Head",simple,"<h2>Achieve Flawless Internal Corners with Precision</h2> <p>Elevate your drywall finishing standards with the Asgard 3"" Adjustable Angle Head. Engineered for professionals who demand efficiency and consistency, this tool streamlines the process of feathering joint compound on internal corners. Whether you are tackling wall-to-wall joints or ceiling transitions, this finisher delivers a smooth, professional-grade result in a single, fluid pass.</p> <h2>Advanced Control and Versatility</h2> <p>What sets the Asgard Angle Head apart is its intuitive tension management system. By engaging or disengaging the integrated rear tension springs, you gain precise control over the spring pressure, allowing you to adapt to varying corner conditions and compound consistencies. The inclusion of high-performance wheels ensures the tool glides effortlessly across surfaces, while the spring-loaded design intelligently compensates for minor imperfections in framing or drywall installation, ensuring a clean finish every time.</p> <h2>Key Features</h2> <ul> <li><strong>Precision Feathering:</strong> Simultaneously finishes both sides of an internal corner for maximum productivity.</li> <li><strong>Adjustable Tension:</strong> Customizable spring pressure settings allow for tailored performance based on your specific project needs.</li> <li><strong>Smooth Operation:</strong> Equipped with precision wheels to minimize drag and ensure a consistent, streak-free application.</li> <li><strong>Versatile Compatibility:</strong> Seamlessly integrates with the CA08-AD corner applicator for standard finishing, or attaches to FH-AD/XH-AD support handles via the CFA-AD adapter for specialized taping tasks.</li> <li><strong>Durable Construction:</strong> Built to withstand the rigors of daily job site use while maintaining high-tolerance accuracy.</li> </ul> <h2>Technical Specifications</h2> <p>| Specification | Detail |<br /> | :--- | :--- |<br /> | Brand | Asgard |<br /> | Product Name | Asgard 3"" Angle Head |<br /> | SKU | AH30-AD |<br /> | UPC | 873876004553 |<br /> | Tool Type | Corner Finisher / Angle Head |<br /> | Size | 3 inches |<br /> | Compatibility | CA08-AD, FH-AD, XH-AD (with CFA-AD adapter) |</p>","The Asgard® Adjustable Angle Head perfectly feathers the joint compound applied to both sides of internal corners in one pass. The Angle Head can be used for wall-to-wall internal corners or wall-to-ceiling corners. This tool's “adjustable” feature refers to the ability to control the amount of spring pressure by engaging or disengaging one set of tension springs on the back of the angle head. Angle Heads, or Angle Finishers or Corner Finishers, are attached to the CA08-AD corner applicator to q",338.00,,https://drywalltoolbox.com/wp/wp-content/uploads/2026/04/Asgard/Products/ah30-ad.webp,Drywall Finishing Tools > Asgard > Corner & Angle Tools,"3"", angle head, Asgard",8,1,0,visible,,,taxable,,1,,,0,0,,,,,1,,,,,,,,,,,Brand,Asgard,1,1
Asgard,NS03-AD,,"Asgard 3"" Nail Spotter",simple,"<h2>Precision Finishing for Professional Drywallers</h2> <p>Elevate your finishing workflow with the Asgard 3"" Nail Spotter, a high-performance tool engineered to streamline the process of covering fastener heads. Designed for professionals who demand reliability without the premium price tag, this spotter delivers consistent, clean results on every pass. By integrating advanced design elements from industry-leading TapeTech technology, Asgard provides a robust, efficient solution that stands up to the rigors of daily job site use.</p> <h2>Engineered for Efficiency and Longevity</h2> <p>Built to withstand the corrosive nature of joint compound, this nail spotter is crafted from premium-grade stainless steel, ensuring long-term durability and resistance to rust. The inclusion of the EasyClean® lid system simplifies maintenance, allowing for rapid access and thorough cleaning at the end of a shift. The traditional skid plate design serves a dual purpose: it acts as a stable pivot point for smooth application while functioning as a reliable screw detector to protect the blade from accidental damage.</p> <h2>Key Features</h2> <ul> <li><strong>EasyClean® Technology:</strong> Features a quick-release latch and gasket system modeled after professional flat boxes for effortless maintenance.</li> <li><strong>Durable Construction:</strong> Fabricated from high-quality stainless steel to prevent deterioration and ensure a long service life.</li> <li><strong>Integrated Protection:</strong> The traditional skid plate design guards the blade against damage while ensuring precise, level coverage over fasteners.</li> <li><strong>Versatile Compatibility:</strong> Includes the NSA-TT adapter, allowing seamless integration with Asgard FHTT fiberglass and XHTT extendable handles.</li> <li><strong>Professional Performance:</strong> Optimized for both small-scale repairs and large-scale finishing projects, providing a reliable single-spotter solution.</li> </ul> <h2>Technical Specifications</h2> <p>| Specification | Detail |<br /> | :--- | :--- |<br /> | Brand | Asgard |<br /> | Product Name | 3"" Nail Spotter |<br /> | SKU | NS03-AD |<br /> | UPC | 873876004614 |<br /> | Material | Stainless Steel |<br /> | Included Adapter | NSA-TT |<br /> | Compatible Handles | FHTT, XHTT |</p>","Discover the unparalleled durability and functionality of Asgard Taping Tools by TapeTech without the added markup. The Asgard 3"" Nail Spotter is a versatile tool for any job size, perfect as a single spotter system. It features an EasyClean® Lid, a quick-release latch, and a gasket system similar to a flat box, allowing easy access and hassle-free clean-up. The traditional style skid plate serves as both a pivot point and screw detector, preventing blade damage. This nail spotter includes an NS",270.00,,https://drywalltoolbox.com/wp/wp-content/uploads/2026/04/Asgard/Products/ns03-ad.webp,Drywall Finishing Tools > Asgard > Corner & Angle Tools,"3"", Asgard, nail spotter",9,1,0,visible,,,taxable,,1,,,0,0,,,,,1,,,,,,,,,,,Brand,Asgard,1,1
Asgard,AH35-AD,,"Asgard 3.5"" Angle Head",simple,"<h2>Achieve Flawless Internal Corners with Precision</h2> <p>Elevate your drywall finishing standards with the Asgard 3.5"" Adjustable Angle Head. Engineered for professionals who demand efficiency and consistency, this tool streamlines the process of feathering joint compound on internal corners. Whether you are tackling wall-to-wall joints or wall-to-ceiling transitions, this finisher ensures a smooth, professional-grade result in a single pass.</p> <h2>Advanced Control and Versatility</h2> <p>What sets this finisher apart is its integrated tension control system. By engaging or disengaging the rear spring sets, you can customize the spring pressure to suit specific wall conditions and compound consistencies. Designed to pair seamlessly with the CA08-AD corner applicator, this tool features precision-engineered wheels that glide across surfaces, providing a stable, uniform finish even when dealing with minor imperfections in corner framing.</p> <h2>Key Features</h2> <ul> <li><strong>Dual-Side Feathering:</strong> Simultaneously finishes both sides of an internal corner for maximum productivity.</li> <li><strong>Adjustable Tension:</strong> Features customizable spring pressure settings to adapt to varying job site requirements.</li> <li><strong>Smooth Glide Technology:</strong> Equipped with high-quality wheels to ensure consistent contact and effortless movement along the corner.</li> <li><strong>Versatile Application:</strong> Ideal for both vertical wall-to-wall corners and horizontal wall-to-ceiling joints.</li> <li><strong>System Compatibility:</strong> Easily attaches to standard corner applicators or can be used with support handles and adapters for extended reach applications.</li> </ul> <h2>Technical Specifications</h2> <p>| Specification | Detail |<br /> | :--- | :--- |<br /> | Brand | Asgard |<br /> | Product Name | 3.5"" Angle Head |<br /> | SKU | AH35-AD |<br /> | UPC | 0873876004553 |<br /> | Tool Type | Corner Finisher / Angle Head |<br /> | Compatibility | CA08-AD, FH-AD, XH-AD (with CFA-AD adapter) |</p>","The Asgard® Adjustable Angle Head perfectly feathers the joint compound applied to both sides of internal corners in one pass. The Angle Head can be used for wall-to-wall internal corners or wall-to-ceiling corners. This tool's “adjustable” feature refers to the ability to control the amount of spring pressure by engaging or disengaging one set of tension springs on the back of the angle head. Angle Heads, or Angle Finishers or Corner Finishers, are attached to the CA08-AD corner applicator to q",356.00,,https://drywalltoolbox.com/wp/wp-content/uploads/2026/04/Asgard/Products/ah35-ad.webp,Drywall Finishing Tools > Asgard > Corner & Angle Tools,"3.5"", angle head, Asgard",10,1,0,visible,,,taxable,,1,,,0,0,,,,,1,,,,,,,,,,,Brand,Asgard,1,1
Asgard,EZ07-AD,,"Asgard 7"" Flat Box",simple,"<h2>Precision Performance for Professional Drywall Finishing</h2> <p>Achieve flawless, professional-grade seams with the Asgard 7"" Flat Box. Engineered for contractors who demand reliability and efficiency, this tool delivers consistent mud application for base coats on flat seams and corner beads. By leveraging the engineering expertise of TapeTech, Asgard provides a high-performance solution that streamlines your workflow without compromising on build quality.</p> <h2>Built for the Rigors of the Job Site</h2> <p>Constructed from high-grade, durable alloys, this flat box is designed to endure the daily demands of professional construction environments. Its robust architecture ensures long-term service life, while the sleek, professional black finish reflects the precision of the tool itself. Designed for versatility, it integrates seamlessly with most major-brand flat box handles, making it an effortless addition to your existing tool kit.</p> <h2>Key Features</h2> <ul> <li><strong>Precision Mud Control:</strong> The intuitive dial adjustment mechanism allows for micro-adjustments, ensuring the exact amount of compound is applied for a uniform finish every time.</li> <li><strong>Rapid Maintenance:</strong> Equipped with quick-release thumb latches, the box opens easily for thorough cleaning, reducing downtime between jobs.</li> <li><strong>Universal Compatibility:</strong> Engineered to work with standard flat box handles, providing flexibility for contractors who utilize mixed-brand equipment.</li> <li><strong>Professional Durability:</strong> Crafted from premium-grade alloys to resist wear and tear in demanding field conditions.</li> <li><strong>Optimized Application:</strong> The 7-inch width is perfectly sized for efficient base coating on flat joints and corner beads.</li> </ul> <h2>Technical Specifications</h2> <p>| Specification | Detail |<br /> | :--- | :--- |<br /> | Brand | Asgard |<br /> | Product Name | 7"" Flat Box |<br /> | SKU | EZ07-AD |<br /> | UPC | 0873876004508 |<br /> | Tool Width | 7 inches |<br /> | Construction Material | High-grade Alloy |<br /> | Compatibility | Standard Flat Box Handles |</p>","Elevate your drywall projects with Asgard Taping Tools by TapeTech, which is known for its durability and functionality without the added markup. The Asgard 7"" Flat Box boasts a sleek black exterior and is compatible with other major brand Flat Box handles. It is constructed from superior-quality alloys and can withstand any job site. The quick-release thumb latches allow for effortless cleaning, and the easy dial adjustment ensures finely controlled, consistent mud output every time. Ideal for",299.00,,https://drywalltoolbox.com/wp/wp-content/uploads/2026/04/Asgard/Products/ez07-ad.webp,Drywall Finishing Tools > Asgard > Finishing Boxes,"7"", Asgard, flat box",11,1,0,visible,,,taxable,,1,,,0,0,,,,,1,,,,,,,,,,,Brand,Asgard,1,1
Asgard,PA07-AD,,"Asgard 7"" Power Assist Finishing Box",simple,"<h2>Elevate Your Drywall Finishing Precision</h2> <p>Achieve flawless, professional-grade results with the Asgard 7"" Power Assist Finishing Box. Engineered for contractors who demand efficiency without sacrificing quality, this tool streamlines the application of joint compound, ensuring a smooth, uniform finish on every seam. By integrating advanced power-assist spring technology, this box significantly reduces operator fatigue, allowing for extended periods of high-performance work with greater control.</p> <h2>Built for the Demanding Job Site</h2> <p>Designed specifically for precision in tight spaces and detailed finishing tasks, the 7-inch width offers the perfect balance of maneuverability and coverage. The construction reflects Asgard’s commitment to longevity, featuring a robust, lightweight aluminum housing that withstands the rigors of daily professional use. Paired with a high-grade stainless steel blade, this finishing box delivers consistent, streak-free results that minimize the need for extensive sanding or rework.</p> <h2>Key Features</h2> <ul> <li><strong>Power-Assist Technology:</strong> Integrated spring system minimizes physical exertion and enhances application consistency.</li> <li><strong>Precision Engineering:</strong> 7-inch width is optimized for narrow areas, corner work, and detailed seam blending.</li> <li><strong>Durable Construction:</strong> High-strength aluminum body provides a lightweight yet rugged frame for long-term reliability.</li> <li><strong>Professional Blade:</strong> Premium stainless steel blade ensures a clean, smooth finish on every pass.</li> <li><strong>Enhanced Efficiency:</strong> Designed to accelerate the finishing process while maintaining the highest standards of craftsmanship.</li> </ul> <h2>Technical Specifications</h2> <p>| Specification | Detail |<br /> | :--- | :--- |<br /> | Brand | Asgard |<br /> | Product Name | 7"" Power Assist Finishing Box |<br /> | SKU | PA07-AD |<br /> | Box Width | 7 inches |<br /> | Housing Material | Aluminum |<br /> | Blade Material | Stainless Steel |<br /> | Application | Drywall Finishing |</p>","Asgard 7"" Power Assist Finishing Box",428.00,,https://drywalltoolbox.com/wp/wp-content/uploads/2026/04/Asgard/Products/pa07-ad.webp,Drywall Finishing Tools > Asgard > Finishing Boxes,"7"", Asgard, finishing box",12,1,0,visible,,,taxable,,1,,,0,0,,,,,1,,,,,,,,,,,Brand,Asgard,1,1
Asgard,CA08-AD,,"Asgard 8"" Drywall Angle Box",simple,"<h2>Precision Finishing for Professional Drywallers</h2> <p>Achieve flawless corner finishes with the Asgard 8"" Angle Box, a high-performance tool engineered to streamline your taping workflow. Designed for professionals who demand reliability and efficiency, this angle box allows for the rapid, consistent application of joint compound to internal corners. By integrating robust construction with an ergonomic design, Asgard delivers a professional-grade solution that maximizes productivity on every project.</p> <h2>Built for the Job Site</h2> <p>Constructed with a lightweight yet rugged aluminum body, this tool minimizes operator fatigue during extended use while maintaining the structural integrity required for daily site demands. The inclusion of a precision-engineered stainless steel nose cone ensures smooth compound flow and exceptional resistance to wear. Whether you are tackling residential renovations or large-scale commercial builds, the Asgard 8"" Angle Box provides the consistent output necessary for a high-quality finish.</p> <h2>Key Features</h2> <ul> <li><strong>High-Capacity Design:</strong> Optimized to hold a greater volume of joint compound, reducing the frequency of refills and accelerating your workflow.</li> <li><strong>Durable Construction:</strong> Features a resilient aluminum housing paired with a hardened stainless steel nose cone for long-term reliability.</li> <li><strong>Professional Ergonomics:</strong> Engineered for balance and ease of handling, allowing for precise control during corner finishing applications.</li> <li><strong>Seamless Integration:</strong> Compatible with standard taping tool systems, making it an essential addition to any professional drywall kit.</li> <li><strong>Value-Driven Performance:</strong> Delivers premium-tier functionality and build quality without the premium price point.</li> </ul> <h2>Technical Specifications</h2> <p>| Specification | Detail |<br /> | :--- | :--- |<br /> | Brand | Asgard |<br /> | Product Name | 8"" Drywall Angle Box |<br /> | SKU | CA08-AD |<br /> | UPC | 0873876004607 |<br /> | Body Material | Lightweight Aluminum |<br /> | Nose Cone Material | Stainless Steel |<br /> | Tool Size | 8 Inches |</p>","Elevate your drywall work with Asgard Taping Tools by TapeTech, offering exceptional durability and functionality without the added markup. The Asgard 8"" Angle Box, featuring a sleek silver and black exterior, is designed to hold more compound, enhancing efficiency. Its lightweight aluminum body and durable stainless steel nose cone ensure long-lasting performance on any job site.",270.00,,,Drywall Finishing Tools > Asgard > Corner & Angle Tools,"8"", Asgard, drywall",13,1,0,visible,,,taxable,,1,,,0,0,,,,,1,,,,,,,,,,,Brand,Asgard,1,1
Asgard,4I-SJ80-1WRW,,"Asgard Angle Box w/ Handle (8"" w/ Extendable Handle)",simple,"<h2>Precision Finishing for Professional Results</h2> <p>Elevate your drywall finishing workflow with the Asgard 8-inch Angle Box. Engineered for professionals who demand consistency and speed, this tool streamlines the application of joint compound to internal corners. By delivering a uniform finish in a single pass, it significantly reduces the need for manual sanding and touch-ups, allowing you to maintain high productivity on large-scale residential or commercial projects.</p> <h2>Ergonomic Control and Reach</h2> <p>Designed with the operator in mind, this unit features an integrated extendable handle that provides the necessary reach for high ceilings and corners without the constant need for ladders or stilts. The lightweight yet durable construction ensures reduced fatigue during extended use, while the intuitive design allows for quick adjustments and seamless operation, ensuring a professional-grade corner every time.</p> <h2>Key Features</h2> <ul> <li><strong>Consistent Compound Application:</strong> Precision-engineered to dispense the perfect amount of joint compound for smooth, professional corner finishes.</li> <li><strong>Extendable Reach:</strong> Includes an adjustable handle that offers versatile length options for tackling hard-to-reach areas with ease.</li> <li><strong>Durable Construction:</strong> Built to withstand the rigors of daily job site use, ensuring long-term reliability and performance.</li> <li><strong>Efficiency Focused:</strong> Drastically cuts down on finishing time compared to manual taping and coating methods.</li> <li><strong>User-Friendly Design:</strong> Simple to operate and maintain, making it an essential addition to any drywall contractor's toolkit.</li> </ul> <h2>Technical Specifications</h2> <p>| Specification | Detail |<br /> | :--- | :--- |<br /> | Brand | Asgard |<br /> | Product Name | Angle Box w/ Handle (8"" w/ Extendable Handle) |<br /> | SKU | 4I-SJ80-1WRW |<br /> | UPC | 0873876005260 |<br /> | Box Size | 8 inches |</p>","Asgard Angle Box w/ Handle (8"" w/ Extendable Handle)",430.00,,https://drywalltoolbox.com/wp/wp-content/uploads/2026/04/Asgard/Products/4i-sj80-1wrw.webp,Drywall Finishing Tools > Asgard > Corner & Angle Tools,"8"", Asgard, extendable",14,1,0,visible,,,taxable,,1,,,0,0,,,,,1,,,,,,,,,,,Brand,Asgard,1,1
Asgard,4K-S6F6-8HQ6,,"Asgard Angle Box w/ Handle (8"" w/ Fixed Handle)",simple,"<h2>Precision Finishing for Professional Results</h2> <p>Elevate your drywall finishing workflow with the Asgard 8-inch Angle Box. Engineered for the demanding professional, this tool streamlines the application of joint compound to internal corners, ensuring a consistent, high-quality finish every time. By automating the glazing process, this box significantly reduces manual labor and minimizes the need for extensive sanding, allowing you to achieve seamless transitions with unmatched efficiency.</p> <h2>Built for Durability and Control</h2> <p>Constructed with robust materials to withstand the rigors of daily job site use, the Asgard Angle Box features a fixed handle design that provides superior leverage and stability. The 8-inch width is perfectly calibrated for standard corner applications, offering the ideal balance between compound capacity and maneuverability. Whether you are tackling residential renovations or large-scale commercial projects, this tool delivers the reliability and precision required to maintain a professional standard of work.</p> <h2>Key Features</h2> <ul> <li><strong>Optimized Efficiency:</strong> Dramatically accelerates the corner finishing process compared to traditional hand-tooling methods.</li> <li><strong>Consistent Application:</strong> Delivers a uniform layer of compound for a smooth, professional-grade finish in internal corners.</li> <li><strong>Fixed Handle Design:</strong> Engineered for maximum control and stability, reducing operator fatigue during extended use.</li> <li><strong>Professional Construction:</strong> Built with high-grade components to ensure long-term performance and resistance to job site wear.</li> <li><strong>Versatile Utility:</strong> An essential addition to any drywall finisher's kit, compatible with standard corner finishing requirements.</li> </ul> <h2>Technical Specifications</h2> <p>| Specification | Detail |<br /> | :--- | :--- |<br /> | Brand | Asgard |<br /> | Product Name | Angle Box w/ Handle (8"" w/ Fixed Handle) |<br /> | SKU | 4K-S6F6-8HQ6 |<br /> | UPC | 0873876005253 |<br /> | Size | 8 inches |<br /> | Handle Type | Fixed |</p>","Asgard Angle Box w/ Handle (8"" w/ Fixed Handle)",373.99,,https://drywalltoolbox.com/wp/wp-content/uploads/2026/04/Asgard/Products/4k-s6f6-8hq6.webp,Drywall Finishing Tools > Asgard > Corner & Angle Tools,"8"", Asgard",15,1,0,visible,,,taxable,,1,,,0,0,,,,,1,,,,,,,,,,,Brand,Asgard,1,1
Asgard,CFA-AD,,Asgard Angle Head Ball Adapter,simple,"<h2>Precision Finishing for Professional Results</h2> <p>Elevate your drywall finishing workflow with the Asgard Angle Head Ball Adapter. Engineered for professionals who demand consistency and ease of use, this adapter serves as the critical link between your angle head and finishing handle. By facilitating fluid, multi-directional movement, it allows you to navigate complex corners and tight architectural angles with unparalleled control, ensuring a seamless finish every time.</p> <h2>Optimized Maneuverability</h2> <p>Designed to reduce wrist fatigue and improve efficiency on the job site, this adapter provides the necessary articulation to keep your tools perfectly positioned against the wall surface. Whether you are tackling inside corners or intricate drywall details, the robust construction ensures reliable performance throughout the most demanding projects.</p> <h2>Key Features</h2> <ul> <li><strong>Seamless Integration:</strong> Effortlessly connects standard angle heads to compatible finishing handles for a unified tool setup.</li> <li><strong>Enhanced Articulation:</strong> The ball-joint design offers superior range of motion, allowing for precise tool placement in restricted spaces.</li> <li><strong>Professional Durability:</strong> Built to withstand the rigors of daily construction use, maintaining structural integrity under pressure.</li> <li><strong>Improved Workflow:</strong> Minimizes the need for manual adjustments, allowing for faster, more consistent corner finishing.</li> <li><strong>Ergonomic Advantage:</strong> Promotes a more natural hand position during operation, reducing strain during extended use.</li> </ul> <h2>Technical Specifications</h2> <p>| Specification | Detail |<br /> | :--- | :--- |<br /> | Brand | Asgard |<br /> | Product Name | Angle Head Ball Adapter |<br /> | SKU | CFA-AD |<br /> | UPC | 0873876004829 |<br /> | Compatibility | Standard Angle Heads and Finishing Handles |</p>",Asgard Angle Head Ball Adapter,40.00,,https://drywalltoolbox.com/wp/wp-content/uploads/2026/04/Asgard/Products/cfa-ad.webp,Drywall Finishing Tools > Asgard > Corner & Angle Tools,"angle head, Asgard",16,1,0,visible,,,taxable,,1,,,0,0,,,,,1,,,,,,,,,,,Brand,Asgard,1,1
Asgard,FA01-AD,,Asgard Box Filler Adapter,simple,"<h2>Streamline Your Drywall Finishing Workflow</h2> <p>Maximize the efficiency of your taping setup with the Asgard Box Filler Adapter. Engineered for professionals who demand reliable performance without the premium price tag, this essential component bridges the gap between your loading pump and finishing tools. Whether you are prepping for a large-scale commercial project or a residential renovation, this adapter ensures a consistent, mess-free flow of joint compound every time.</p> <h2>Universal Compatibility and Precision Engineering</h2> <p>Designed to integrate flawlessly into your existing toolkit, the Asgard Box Filler Adapter offers broad compatibility with all major industry-standard loading pumps. Its robust construction ensures it can withstand the rigors of daily job-site use, providing a secure connection that prevents leaks and minimizes downtime. By facilitating the rapid filling of flat boxes, angle boxes, and nail spotters, this adapter helps you maintain a steady pace and achieve a professional finish with ease.</p> <h2>Key Features</h2> <ul> <li><strong>Universal Integration:</strong> Engineered to connect seamlessly with virtually all major brands of drywall loading pumps.</li> <li><strong>Versatile Application:</strong> Perfectly suited for filling a wide range of tools, including flat boxes, angle boxes, and nail spotters.</li> <li><strong>Durable Construction:</strong> Built to endure the demanding environment of professional drywall finishing.</li> <li><strong>Cost-Effective Performance:</strong> Delivers high-end functionality and reliability without the unnecessary overhead costs.</li> <li><strong>Optimized Workflow:</strong> Reduces manual handling of compound, allowing for faster, cleaner, and more efficient tool loading.</li> </ul> <h2>Technical Specifications</h2> <p>| Specification | Detail |<br /> | :--- | :--- |<br /> | Brand | Asgard |<br /> | Product Name | Box Filler Adapter |<br /> | SKU | FA01-AD |<br /> | UPC | 0873876004577 |<br /> | Compatibility | Major brand loading pumps |<br /> | Primary Use | Filling flat boxes, angle boxes, and nail spotters |</p>","Asgard Taping Tools by TapeTech deliver exceptional durability and functionality without the added markup. The Asgard filler adapter is designed to work seamlessly with all major brand Loading Pumps, making it ideal for filling Flat Boxes, Angle Boxes, and Nail Spotters.",45.00,,https://drywalltoolbox.com/wp/wp-content/uploads/2026/04/Asgard/Products/fa01-ad.webp,Drywall Finishing Tools > Asgard > Parts & Accessories,Asgard,17,1,0,visible,,,taxable,,1,,,0,0,,,,,1,,,,,,,,,,,Brand,Asgard,1,1
Asgard,BBH-AD,,Asgard Brakeless Box Handle,simple,"<h2>Master Your Drywall Finish with Effortless Control</h2> <p>Elevate your finishing efficiency with the Asgard Brakeless Box Handle, a precision-engineered tool designed for professionals who demand seamless performance. By eliminating the traditional braking mechanism, this handle provides a fluid, uninterrupted range of motion, allowing you to glide across walls and ceilings with unparalleled consistency. Whether you are tackling high-reach areas or standard wall joints, this handle ensures your finishing boxes deliver a flawless, professional-grade coat every time.</p> <h2>Built for the Demanding Professional</h2> <p>Constructed from high-grade, lightweight materials, the Asgard handle minimizes physical strain, allowing for extended periods of operation without the onset of fatigue. Its ergonomic profile is optimized for balance and control, ensuring that your movements remain steady and precise throughout the workday. This is a robust, streamlined solution designed to withstand the rigors of the job site while maintaining the reliability required for high-volume drywall projects.</p> <h2>Key Features</h2> <ul> <li><strong>Brakeless Fluidity:</strong> The innovative design removes mechanical resistance, enabling smooth, continuous strokes for a superior finish.</li> <li><strong>Ergonomic Construction:</strong> Engineered to reduce wrist and arm strain, promoting comfort during long-duration finishing tasks.</li> <li><strong>Professional-Grade Durability:</strong> Crafted from premium, lightweight materials that offer a perfect balance of strength and maneuverability.</li> <li><strong>Versatile Application:</strong> Ideal for both wall and ceiling finishing, providing consistent pressure and control in any orientation.</li> <li><strong>Industry-Backed Reliability:</strong> Supported by a comprehensive 5-year warranty from TapeTech, ensuring long-term peace of mind for your investment.</li> </ul> <h2>Technical Specifications</h2> <p>| Specification | Detail |<br /> | :--- | :--- |<br /> | Brand | Asgard |<br /> | Product Name | Brakeless Box Handle |<br /> | SKU | BBH-AD |<br /> | Warranty | 5-Year (TapeTech) |<br /> | Design | Brakeless / Fixed-Angle |<br /> | Application | Drywall Finishing Boxes |</p>",Asgard Brakeless Box Handle,128.00,,https://drywalltoolbox.com/wp/wp-content/uploads/2026/04/Asgard/Products/bbh-ad.webp,Drywall Finishing Tools > Asgard > Handles & Extensions,"Asgard, brakeless",18,1,0,visible,,,taxable,,1,,,0,0,,,,,1,,,,,,,,,,,Brand,Asgard,1,1
Asgard,FBHE-AD,,Asgard Extendable Flat Box Handle,simple,"<h2>Precision Control for Professional Drywall Finishing</h2> <p>Elevate your finishing workflow with the Asgard Extendable Flat Box Handle, an essential tool engineered for contractors who demand reliability and performance. Designed by the experts at TapeTech, this handle delivers the robust build quality required for high-volume jobsites while maintaining an accessible price point. By integrating advanced mechanics with an ergonomic design, it ensures that every pass is smooth, consistent, and effortless.</p> <h2>Superior Reach and Versatility</h2> <p>Stop relying on stilts for every high-wall application. This versatile handle features a telescopic adjustment range of 41 to 63 inches, granting you the reach necessary to tackle ceilings and upper wall sections with ease. Its universal compatibility ensures it integrates seamlessly with all major flat box brands, making it a versatile addition to any professional drywall toolkit.</p> <h2>Key Features</h2> <ul> <li><strong>Brake Anywhere Technology:</strong> Experience precise control with a proprietary braking system that allows you to lock the box at any angle, eliminating the mechanical wear typically associated with traditional pinch-brake designs.</li> <li><strong>Telescopic Adjustment:</strong> Easily transition between heights with a smooth-sliding extension mechanism that locks securely from 41"" to 63"".</li> <li><strong>Universal Compatibility:</strong> Engineered to fit perfectly with all major industry-standard flat boxes, ensuring maximum utility across your existing equipment inventory.</li> <li><strong>Durable Construction:</strong> Built to withstand the rigors of daily professional use, providing long-term value and consistent operation on demanding job sites.</li> <li><strong>Ergonomic Handling:</strong> Designed to reduce operator fatigue, allowing for extended periods of use without sacrificing the quality of the finish.</li> </ul> <h2>Technical Specifications</h2> <p>| Specification | Detail |<br /> | :--- | :--- |<br /> | Brand | Asgard |<br /> | Product Name | Extendable Flat Box Handle |<br /> | SKU | FBHE-AD |<br /> | UPC | 873876004645 |<br /> | Minimum Length | 41 inches |<br /> | Maximum Length | 63 inches |<br /> | Brake System | Brake Anywhere Technology |</p>","Experience the next level of drywall efficiency with Asgard Taping Tools by TapeTech, known for its durability and functionality without the added markup. The Asgard Extendable, Flat Box Handle, is compatible with all major brand Flat Boxes and provides exceptional control for a flawless finish. Featuring the innovative Brake Anywhere design, it eliminates wear issues common with the pinch brake system. This handle extends from 41"" to 63"", allowing you to reach more areas without needing stilts.",292.00,,https://drywalltoolbox.com/wp/wp-content/uploads/2026/04/Asgard/Products/fbhe-ad.webp,Drywall Finishing Tools > Asgard > Handles & Extensions,"Asgard, extendable, flat box, flat box handle",19,1,0,visible,,,taxable,,1,,,0,0,,,,,1,,,,,,,,,,,Brand,Asgard,1,1
Asgard,XH-AD,,Asgard Extendable Support Handle,simple,"<h2>Elevate Your Drywall Finishing Precision</h2> <p>Master complex angles and high-reach surfaces with the Asgard Extendable Support Handle. Engineered specifically for the rigorous demands of professional drywall finishing, this versatile tool provides the rock-solid stability required to achieve seamless, high-quality results. Whether you are maneuvering corner applicators, angle heads, or rollers, this handle serves as the essential link between your technique and a flawless finish.</p> <h2>Designed for Professional Endurance</h2> <p>Efficiency is built into every inch of this handle. The telescopic design allows for rapid, effortless length adjustments, ensuring you can transition from floor-level work to high-ceiling corners without breaking your rhythm. By combining a lightweight construction with a fatigue-reducing ergonomic grip, Asgard has created a tool that maintains peak performance during long, demanding shifts on the job site.</p> <h2>Key Features</h2> <ul> <li><strong>Versatile Compatibility:</strong> Seamlessly integrates with a wide range of finishing tools, including angle heads, corner applicators, nail spotters, and rollers.</li> <li><strong>Telescopic Reach:</strong> Easily adjustable length allows for precise control in hard-to-reach areas and varying ceiling heights.</li> <li><strong>Ergonomic Design:</strong> Engineered to minimize hand and wrist strain, promoting comfort during extended professional use.</li> <li><strong>Lightweight Durability:</strong> Constructed from premium, high-strength materials that offer a perfect balance of portability and long-term resilience.</li> <li><strong>Professional Reliability:</strong> Backed by a comprehensive 5-year warranty, ensuring peace of mind and long-term investment value.</li> </ul> <h2>Technical Specifications</h2> <p>| Specification | Detail |<br /> | :--- | :--- |<br /> | Brand | Asgard |<br /> | Product Name | Extendable Support Handle |<br /> | SKU | XH-AD |<br /> | UPC | 873876004744 |<br /> | Warranty | 5-Year (TapeTech) |</p>",Asgard Extendable Support Handle,163.00,,https://drywalltoolbox.com/wp/wp-content/uploads/2026/04/Asgard/Products/xh-ad.webp,Drywall Finishing Tools > Asgard > Handles & Extensions,"Asgard, extendable",20,1,0,visible,,,taxable,,1,,,0,0,,,,,1,,,,,,,,,,,Brand,Asgard,1,1
Asgard,FH-AD,,Asgard Fiberglass Handle,simple,"<h2>Elevate Your Drywall Finishing Precision</h2> <p>Achieve professional-grade results with the Asgard Fiberglass Support Handle, a robust and versatile solution engineered for the demands of modern drywall finishing. Designed to integrate seamlessly into your existing workflow, this handle provides the stability and control required for high-efficiency taping and finishing tasks. Whether you are operating corner rollers or angle boxes, this tool is built to withstand the rigors of the job site while maintaining a lightweight, manageable profile.</p> <h2>Engineered for Professional Performance</h2> <p>This support handle is crafted with a focus on operator comfort and mechanical reliability. The 1.25-inch diameter shaft offers an ergonomic grip that reduces hand fatigue during extended use, while the specialized D-shaped fitting ensures a rock-solid connection. By eliminating unwanted rotation, this design allows for precise, fluid movements, ensuring your tools perform exactly as intended every time you engage them.</p> <h2>Key Features</h2> <ul> <li><strong>Universal Compatibility:</strong> Fully compatible with a wide range of finishing tools, including Angle Boxes, Angle Heads, Corner Rollers, and Nail Spotters.</li> <li><strong>Anti-Rotation D-Fitting:</strong> Features a precision-engineered D-shaped connector that locks securely into Asgard Angle Boxes for maximum stability.</li> <li><strong>Ergonomic Design:</strong> The 1.25-inch diameter handle is optimized for a comfortable, secure grip, minimizing strain during repetitive motions.</li> <li><strong>Durable Construction:</strong> Built from high-strength fiberglass to provide a perfect balance between lightweight portability and long-term structural integrity.</li> <li><strong>Professional Reliability:</strong> Designed to meet the high standards of drywall contractors who demand consistent performance and efficiency.</li> </ul> <h2>Technical Specifications</h2> <p>| Specification | Detail |<br /> | :--- | :--- |<br /> | Brand | Asgard |<br /> | Product Name | Fiberglass Support Handle |<br /> | SKU | FH-AD |<br /> | Handle Diameter | 1.25 inches |<br /> | Material | Fiberglass |<br /> | Compatibility | Corner Rollers, Angle Boxes, Angle Heads, Nail Spotters |</p>",Asgard Fiberglass Support Handle,43.00,,https://drywalltoolbox.com/wp/wp-content/uploads/2026/04/Asgard/Products/fh-ad.webp,Drywall Finishing Tools > Asgard > Handles & Extensions,"Asgard, fiberglass",21,1,0,visible,,,taxable,,1,,,0,0,,,,,1,,,,,,,,,,,Brand,Asgard,1,1
Asgard,9R-PIR7-OTNL,,Asgard Full Taping Tool Set - PRO GRADE (10/12 Standard Full Set),simple,"<h2>Elevate Your Drywall Finishing Efficiency</h2> <p>Achieve professional-grade results with the Asgard Full Taping Tool Set. Engineered for contractors who demand precision and reliability, this comprehensive 10/12-inch standard set provides everything necessary to streamline your workflow, reduce fatigue, and deliver a flawless Level 5 finish on every project. By combining rugged durability with intuitive design, Asgard empowers you to maximize productivity without compromising on quality.</p> <h2>Built for the Demanding Professional</h2> <p>Asgard tools are meticulously crafted to withstand the rigors of daily job site use. Backed by the extensive TapeTech service network and a robust 5-year limited warranty, this set represents a smart investment for your business. Whether you are tackling large-scale commercial installations or residential renovations, these tools offer the consistent performance required to maintain high standards of craftsmanship while optimizing your labor time.</p> <h2>Key Features</h2> <ul> <li><strong>Comprehensive System:</strong> Includes a full suite of essential tools, from the Automatic Taper and Loading Pump to 10"" and 12"" Finish Boxes, ensuring you have the right equipment for every stage of the taping process.</li> <li><strong>Precision Finishing:</strong> Features a 3"" Angle Head and Inside Corner Roller to ensure crisp, clean corners and seamless transitions.</li> <li><strong>Ergonomic Control:</strong> Equipped with an extendable finishing box handle and a lightweight fiberglass support handle for improved reach and reduced physical strain.</li> <li><strong>Reliable Performance:</strong> Engineered for smooth operation and consistent mud application, minimizing the need for rework and sanding.</li> <li><strong>Professional Support:</strong> Fully supported by the TapeTech service network, ensuring your equipment remains in peak condition for years to come.</li> </ul> <h2>Technical Specifications</h2> <p>| Specification | Detail |<br /> | :--- | :--- |<br /> | Brand | Asgard |<br /> | SKU | 9R-PIR7-OTNL |<br /> | UPC | 0873876005376 |<br /> | Included Taper | Hammer Automatic Taper (AT01-AD) |<br /> | Included Boxes | 10"" (EZ10-AD) and 12"" (EZ12-AD) Finish Boxes |<br /> | Included Pump | Loading Pump (LP01-AD) |<br /> | Included Accessories | Corner Roller, 3"" Angle Head, Angle Head Adapter, Fiberglass Handle, Gooseneck, Filler Adapter |<br /> | Warranty | 5-Year Limited Warranty |</p>",Includes the following;,3670.00,,https://drywalltoolbox.com/wp/wp-content/uploads/2026/04/Asgard/Products/9r-pir7-otnl.webp,Drywall Finishing Tools > Asgard > Tool Sets & Bundles,"Asgard, taping tool, tool set",22,1,0,visible,,,taxable,,1,,,0,0,,,,,1,,,,,,,,,,,Brand,Asgard,1,1
Asgard,GN01-AD,,Asgard Gooseneck,simple,"<h2>Streamline Your Drywall Finishing Workflow</h2> <p>Maximize your productivity on the job site with the Asgard Gooseneck, a professional-grade component engineered to bridge the gap between your loading pump and automatic taper. Designed for contractors who demand reliability and efficiency, this tool simplifies the compound loading process, allowing you to maintain a consistent workflow without unnecessary downtime or equipment friction.</p> <h2>Precision Engineering for Heavy-Duty Use</h2> <p>Constructed from premium-grade stainless steel, the Asgard Gooseneck is built to withstand the rigorous demands of daily professional drywall finishing. Its robust architecture ensures a leak-free, secure connection to your loading pump, providing the structural integrity needed to handle high-viscosity joint compounds with ease. By choosing Asgard, you gain access to high-performance taping technology that delivers professional results while optimizing your overhead costs.</p> <h2>Key Features</h2> <ul> <li><strong>Universal Compatibility:</strong> Engineered to integrate seamlessly with all traditional-style automatic tapers and standard industry loading pumps.</li> <li><strong>Durable Construction:</strong> Fabricated from high-quality stainless steel to resist corrosion and endure the wear and tear of active construction environments.</li> <li><strong>Efficient Loading:</strong> Facilitates rapid, mess-free transfer of joint compound, significantly reducing prep time between taping runs.</li> <li><strong>Secure Attachment:</strong> Precision-machined threads and fittings ensure a tight, reliable seal to prevent compound leakage during high-pressure loading.</li> <li><strong>Professional Value:</strong> Delivers the performance and durability of premium taping tools at a competitive price point for the value-conscious contractor.</li> </ul> <h2>Technical Specifications</h2> <p>| Specification | Detail |<br /> | :--- | :--- |<br /> | Brand | Asgard |<br /> | Product Name | Asgard Gooseneck |<br /> | SKU | GN01-AD |<br /> | UPC | 873876004584 |<br /> | Material | Stainless Steel |<br /> | Compatibility | Traditional-style automatic tapers and major brand loading pumps |</p>","Elevate your drywall work with Asgard Taping Tools by TapeTech, offering unparalleled durability and functionality without the added markup. The Asgard Gooseneck is expertly designed to quickly and efficiently load your Automatic Taper with joint compound. Crafted from high-quality stainless steel, this gooseneck guarantees a secure and robust attachment to your loading pump. It is compatible with all traditional-style automatic tapers and major brand loading pumps.",100.00,,https://drywalltoolbox.com/wp/wp-content/uploads/2026/04/Asgard/Products/gn01-ad.webp,Drywall Finishing Tools > Asgard > Parts & Accessories,"Asgard, gooseneck",23,1,0,visible,,,taxable,,1,,,0,0,,,,,1,,,,,,,,,,,Brand,Asgard,1,1
Asgard,CR01-AD,,Asgard Inside Corner Roller,simple,"<h2>Precision Drywall Finishing for Flawless Corners</h2> <p>Elevate your drywall finishing standards with the Asgard Inside Corner Roller. Engineered for the demanding professional, this tool streamlines the process of embedding tape and compound, ensuring a crisp, uniform finish in every 90-degree angle. By eliminating air pockets and excess compound, it provides a superior foundation for subsequent coats, significantly reducing the need for time-consuming manual touch-ups.</p> <h2>Built for Performance and Longevity</h2> <p>Constructed from high-grade stainless steel, the roller assembly is designed to withstand the rigors of daily job-site use while maintaining smooth, consistent rotation. The robust frame architecture offers the perfect balance of rigidity and maneuverability, allowing you to achieve professional-grade results with minimal physical strain. Whether you are tackling a large-scale commercial project or a detailed residential renovation, this tool is an essential addition to your finishing kit.</p> <h2>Key Features</h2> <ul> <li><strong>Professional-Grade Embedding:</strong> Ensures deep, uniform contact between tape and compound for a seamless, bubble-free finish.</li> <li><strong>Durable Construction:</strong> Features premium stainless steel rollers that resist corrosion and wear over extended use.</li> <li><strong>Ergonomic Handling:</strong> Designed to reduce wrist fatigue during repetitive finishing tasks, promoting efficiency throughout the workday.</li> <li><strong>Precision Engineering:</strong> Optimized for smooth, fluid movement to deliver consistent pressure across the entire length of the corner.</li> <li><strong>Versatile Application:</strong> Compatible with standard drywall finishing workflows, making it a reliable choice for both contractors and dedicated DIY enthusiasts.</li> </ul> <h2>Technical Specifications</h2> <p>| Specification | Detail |<br /> | :--- | :--- |<br /> | Brand | Asgard |<br /> | Product Name | Inside Corner Roller |<br /> | SKU | CR01-AD |<br /> | UPC | 873876004591 |<br /> | Material | Stainless Steel |<br /> | Application | Drywall Corner Finishing |</p>",Asgard Inside Corner Roller,161.00,,https://drywalltoolbox.com/wp/wp-content/uploads/2026/04/Asgard/Products/cr01-ad.webp,Drywall Finishing Tools > Asgard > Corner & Angle Tools,"Asgard, corner roller, inside corner",24,1,0,visible,,,taxable,,1,,,0,0,,,,,1,,,,,,,,,,,Brand,Asgard,1,1
Asgard,LP01-AD,,Asgard Loading Pump,simple,"<h2>Streamline Your Drywall Finishing Workflow</h2> <p>Maximize your productivity on the job site with the Asgard Loading Pump. Engineered for professionals who demand reliability and efficiency, this robust pump simplifies the process of filling your automatic taping tools. By streamlining compound transfer, it minimizes downtime and allows you to maintain a consistent pace throughout your workday, ensuring a professional finish on every project.</p> <h2>Precision Engineering for Daily Use</h2> <p>Built to withstand the rigors of demanding construction environments, the Asgard Loading Pump features a durable construction that balances performance with ease of maintenance. The intuitive design includes a secure clamping system for the pump tube, allowing for rapid disassembly when it is time to clean up. With a wide, stable footplate, you can operate the pump with confidence, even on uneven surfaces, making it an essential asset for any drywall contractor.</p> <h2>Key Features</h2> <ul> <li><strong>Universal Compatibility:</strong> Designed to integrate seamlessly with all major brands of automatic taping tools and standard attachments.</li> <li><strong>Efficient Compound Transfer:</strong> Optimized for rapid filling of flat boxes and other finishing tools via the included Box Filler Fitting.</li> <li><strong>Simplified Maintenance:</strong> The clamped pump tube design facilitates quick removal, ensuring thorough cleaning and long-term tool longevity.</li> <li><strong>Enhanced Stability:</strong> Features a reinforced footplate to prevent tipping and provide a solid base during high-pressure operation.</li> <li><strong>Versatile Configuration:</strong> Compatible with optional Gooseneck attachments (sold separately) to suit specific application needs.</li> </ul> <h2>Technical Specifications</h2> <p>| Specification | Detail |<br /> | :--- | :--- |<br /> | Brand | Asgard |<br /> | Product Name | Asgard Loading Pump |<br /> | SKU | LP01-AD |<br /> | UPC | 0873876004560 |<br /> | Compatibility | Major brand automatic taping tools |<br /> | Primary Material | Industrial-grade metal and composite |<br /> | Color Scheme | Black and Blue |</p>","Discover the durability and functionality of Asgard Taping Tools by TapeTech, all without the hefty markup. The Asgard Loading Pump, with its sleek black and vibrant blue exterior, is designed to efficiently fill drywall tools with joint compound using the Box Filler Fitting or an optional Gooseneck (sold separately). Its clamped pump tube ensures easy removal and clean-up, while the footplate provides extra stability during use. Compatible with all major brand attachments and automatic taping t",378.00,,https://drywalltoolbox.com/wp/wp-content/uploads/2026/04/Asgard/Products/lp01-ad.webp,Drywall Finishing Tools > Asgard > Pumps & Accessories,"Asgard, loading pump",25,1,0,visible,,,taxable,,1,,,0,0,,,,,1,,,,,,,,,,,Brand,Asgard,1,1
Asgard,HU-OI6G-88Y4,,Asgard Starter Set,simple,"<h2>Elevate Your Craft with the Asgard Starter Set</h2> <p>Unlock your creative potential with the Asgard Starter Set, a meticulously curated collection designed to provide the essential foundation for your projects. Whether you are a newcomer to the craft or looking to streamline your existing workflow, this comprehensive kit offers the reliability and precision that the Asgard brand is known for. Experience seamless integration and professional-grade results from the moment you open the box.</p> <h2>Built for Performance and Reliability</h2> <p>Every component within the Asgard Starter Set has been engineered to meet rigorous standards of durability and ease of use. By combining high-quality materials with an intuitive design, this set ensures that your focus remains on the task at hand rather than the tools themselves. It is the perfect entry point for those who refuse to compromise on quality while seeking a straightforward, all-in-one solution for their daily requirements.</p> <h2>Key Features</h2> <ul> <li><strong>Comprehensive Collection:</strong> Includes all fundamental components necessary to begin your projects immediately.</li> <li><strong>Premium Build Quality:</strong> Constructed from durable materials to ensure long-lasting performance and consistent results.</li> <li><strong>User-Centric Design:</strong> Ergonomically considered elements that prioritize comfort and efficiency during extended use.</li> <li><strong>Professional Standard:</strong> Engineered to meet the high expectations of both hobbyists and experienced professionals alike.</li> <li><strong>Streamlined Workflow:</strong> Designed to minimize setup time, allowing you to transition quickly from preparation to execution.</li> </ul> <h2>Technical Specifications</h2> <p>| Specification | Detail |<br /> | :--- | :--- |<br /> | Brand | Asgard |<br /> | Product Name | Asgard Starter Set |<br /> | SKU | HU-OI6G-88Y4 |<br /> | UPC | 0873876005345 |</p>",Asgard Starter Set,2265.00,,https://drywalltoolbox.com/wp/wp-content/uploads/2026/04/Asgard/Products/hu-oi6g-88y4.webp,Drywall Finishing Tools > Asgard > Tool Sets & Bundles,"Asgard, starter set",26,1,0,visible,,,taxable,,1,,,0,0,,,,,1,,,,,,,,,,,Brand,Asgard,1,1
Asgard,TF-DVKN-31Q3,,Asgard Taping Set,simple,"<h2>Master Your Drywall Finish with the Asgard Taping Set</h2> <p>Achieve professional-grade results with the Asgard Taping Set, a comprehensive solution engineered for contractors who demand efficiency and precision. This all-in-one kit streamlines your workflow, allowing you to tackle complex corner finishing and joint taping with speed and consistency. Built to withstand the rigors of daily job site use, each component is designed to reduce fatigue while delivering a flawless, paint-ready finish.</p> <h2>Precision Engineering for Every Step</h2> <p>Whether you are a seasoned professional or looking to upgrade your current equipment, this set provides the essential tools required for high-volume drywall projects. The inclusion of the ""Hammer"" Automatic Taper ensures rapid application of tape and compound, while the specialized corner finishing tools guarantee sharp, clean angles every time. With the added versatility of extendable handles, you can reach high ceilings and tight spaces with ease and control.</p> <h2>Key Features</h2> <ul> <li><strong>Asgard ""Hammer"" Automatic Taper:</strong> Delivers consistent tape application and compound flow for maximum productivity.</li> <li><strong>High-Efficiency Loading Pump:</strong> Simplifies the process of filling your tools, minimizing downtime and mess.</li> <li><strong>Precision Corner Finishing:</strong> Includes a 3"" Angle Head and Corner Roller to ensure perfectly embedded tape and smooth, feathered edges.</li> <li><strong>Ergonomic Reach:</strong> Two extendable support handles provide the necessary leverage and reach for diverse wall and ceiling configurations.</li> <li><strong>Complete System Integration:</strong> All components are designed to work seamlessly together, ensuring a reliable and professional workflow from start to finish.</li> </ul> <h2>Technical Specifications</h2> <p>| Specification | Detail |<br /> | :--- | :--- |<br /> | Brand | Asgard |<br /> | SKU | TF-DVKN-31Q3 |<br /> | UPC | 0873876005338 |<br /> | Included Tools | Automatic Taper, Loading Pump, Gooseneck, 3"" Angle Head, Corner Roller, Angle Head Adapter, 2x Extendable Handles |</p>",Asgard Taping set includes the following:,2400.00,,https://drywalltoolbox.com/wp/wp-content/uploads/2026/04/Asgard/Products/tf-dvkn-31q3.webp,Drywall Finishing Tools > Asgard > Tool Sets & Bundles,Asgard,27,1,0,visible,,,taxable,,1,,,0,0,,,,,1,,,,,,,,,,,Brand,Asgard,1,1
Asgard,AT01-AD,,Asgard “Hammer” Automatic Taper,simple,"<h2>Elevate Your Drywall Workflow with the Asgard Hammer</h2> <p>Experience a new benchmark in professional drywall finishing with the Asgard Hammer Automatic Taper. Engineered for contractors who demand reliability and precision, this tool streamlines the taping process by simultaneously applying joint tape and the exact amount of compound required. By integrating high-grade materials with an ergonomic design, the Hammer reduces physical strain while significantly accelerating your daily output on the job site.</p> <h2>Built for the Demanding Professional</h2> <p>Durability is at the core of the AT01-AD design. Constructed with robust stainless steel side plates and a hard-anodized push rod, this taper is built to withstand the harsh, high-moisture environments typical of drywall installation. The inclusion of a specialized cable drum ensures smooth, consistent operation, while the tool-free maintenance design allows you to spend more time working and less time servicing your equipment.</p> <h2>Key Features</h2> <ul> <li><strong>Precision Application:</strong> Simultaneously dispenses tape and compound for a seamless, professional finish every time.</li> <li><strong>Enhanced Durability:</strong> Features corrosion-resistant stainless steel side plates and a hard-anodized push rod for extended service life.</li> <li><strong>Ergonomic Control:</strong> Enclosed rollers on the control tube provide a comfortable, secure grip while protecting your hands during repetitive motions.</li> <li><strong>High-Reach Efficiency:</strong> Equipped with a dedicated control tube flange, allowing for effortless tape cutting even when working on high ceilings or elevated surfaces.</li> <li><strong>Tool-Free Maintenance:</strong> The streamlined tube protector design simplifies cleaning and upkeep, requiring no additional tools for disassembly.</li> </ul> <h2>Technical Specifications</h2> <p>| Specification | Detail |<br /> | :--- | :--- |<br /> | Brand | Asgard |<br /> | Product Name | Hammer Automatic Taper |<br /> | Model Number | AT01-AD |<br /> | UPC | 0873876004492 |<br /> | Material Construction | Stainless Steel, Hard Anodized Aluminum |<br /> | Primary Function | Joint tape and compound application |</p>","Introducing the Asgard® ""HAMMER™"" Automatic Taper, setting a new standard for value in drywall tools. This innovative taper seamlessly applies joint tape and precisely measures joint compound, revolutionizing taping efficiency. The AT01-AD model boasts stainless steel side plates, a hard anodized push rod, and a cable drum, ensuring durability and corrosion resistance for long-lasting performance. Enhanced with enclosed rollers on the control tube for a comfortable grip and hand protection, the",1271.00,,https://drywalltoolbox.com/wp/wp-content/uploads/2026/04/Asgard/Products/at01-ad.webp,Drywall Finishing Tools > Asgard > Automatic Tapers,"Asgard, automatic taper",28,1,0,visible,,,taxable,,1,,,0,0,,,,,1,,,,,,,,,,,Brand,Asgard,1,1
