Brand,WC_Category,Current_SKU,Current_Name,Current_Price,Proposed_Parent_SKU,Proposed_Parent_Name,Attribute_Name,Attribute_Value,Action,Notes
Columbia Taping Tools,Repair Kits & Parts,SSB10,"Columbia Sabre Smoothing Blade 10"" (SSB10)",29.99,VAR-SSB10-GROUP,Columbia Sabre Smoothing Blade (SSB10),Width,"Columbia Sabre Smoothing Blade 10"" (SSB10)""",MERGE → variable product,
Columbia Taping Tools,Repair Kits & Parts,SSB12,"Columbia Sabre Smoothing Blade 12"" (SSB12)",31.99,VAR-SSB10-GROUP,Columbia Sabre Smoothing Blade (SSB10),Width,"Columbia Sabre Smoothing Blade 12"" (SSB12)""",MERGE → variable product,
Columbia Taping Tools,Repair Kits & Parts,SSB14,"Columbia Sabre Smoothing Blade 14"" (SSB14)",32.99,VAR-SSB10-GROUP,Columbia Sabre Smoothing Blade (SSB10),Width,"Columbia Sabre Smoothing Blade 14"" (SSB14)""",MERGE → variable product,
Columbia Taping Tools,Repair Kits & Parts,SSB16,"Columbia Sabre Smoothing Blade 16"" (SSB16)",38.99,VAR-SSB10-GROUP,Columbia Sabre Smoothing Blade (SSB10),Width,"Columbia Sabre Smoothing Blade 16"" (SSB16)""",MERGE → variable product,
Columbia Taping Tools,Repair Kits & Parts,SSB18,"Columbia Sabre Smoothing Blade 18"" (SSB18)",44.99,VAR-SSB10-GROUP,Columbia Sabre Smoothing Blade (SSB10),Width,"Columbia Sabre Smoothing Blade 18"" (SSB18)""",MERGE → variable product,
Columbia Taping Tools,Repair Kits & Parts,SSB24,"Columbia Sabre Smoothing Blade 24"" (SSB24)",59.99,VAR-SSB10-GROUP,Columbia Sabre Smoothing Blade (SSB10),Width,"Columbia Sabre Smoothing Blade 24"" (SSB24)""",MERGE → variable product,
Columbia Taping Tools,Repair Kits & Parts,SSB32,"Columbia Sabre Smoothing Blade 32"" (SSB32)",74.99,VAR-SSB10-GROUP,Columbia Sabre Smoothing Blade (SSB10),Width,"Columbia Sabre Smoothing Blade 32"" (SSB32)""",MERGE → variable product,
Columbia Taping Tools,Repair Kits & Parts,SSB40,"Columbia Sabre Smoothing Blade 40"" (SSB40)",99.99,VAR-SSB10-GROUP,Columbia Sabre Smoothing Blade (SSB10),Width,"Columbia Sabre Smoothing Blade 40"" (SSB40)""",MERGE → variable product,
Columbia Taping Tools,Repair Kits & Parts,SSB48,"Columbia Sabre Smoothing Blade 48"" (SSB48)",129.99,VAR-SSB10-GROUP,Columbia Sabre Smoothing Blade (SSB10),Width,"Columbia Sabre Smoothing Blade 48"" (SSB48)""",MERGE → variable product,
Columbia Taping Tools,Repair Kits & Parts,SSB7,"Columbia Sabre Smoothing Blade 7"" (SSB7)",19.99,VAR-SSB10-GROUP,Columbia Sabre Smoothing Blade (SSB10),Width,"Columbia Sabre Smoothing Blade 7"" (SSB7)""",MERGE → variable product,
Columbia Taping Tools,Repair Kits & Parts,TSB-10,"Columbia 10"" Tomahawk Smoothing Blade (TSB-10)",56.24,VAR-TSB-10-GROUP,Columbia Tomahawk Smoothing Blade (TSB-10),Width,"Columbia 10"" Tomahawk Smoothing Blade (TSB-10)""",MERGE → variable product,
Columbia Taping Tools,Repair Kits & Parts,TSB-12,"Columbia 12"" Tomahawk Smoothing Blade (TSB-12)",63.81,VAR-TSB-10-GROUP,Columbia Tomahawk Smoothing Blade (TSB-10),Width,"Columbia 12"" Tomahawk Smoothing Blade (TSB-12)""",MERGE → variable product,
Columbia Taping Tools,Repair Kits & Parts,TSB-14,"Columbia 14"" Tomahawk Smoothing Blade (TSB-14)",75.71,VAR-TSB-10-GROUP,Columbia Tomahawk Smoothing Blade (TSB-10),Width,"Columbia 14"" Tomahawk Smoothing Blade (TSB-14)""",MERGE → variable product,
Columbia Taping Tools,Repair Kits & Parts,TSB-18,"Columbia 18"" Tomahawk Smoothing Blade (TSB-18)",86.52,VAR-TSB-10-GROUP,Columbia Tomahawk Smoothing Blade (TSB-10),Width,"Columbia 18"" Tomahawk Smoothing Blade (TSB-18)""",MERGE → variable product,
Columbia Taping Tools,Repair Kits & Parts,TSB-24,"Columbia 24"" Tomahawk Smoothing Blade (TSB-24)",103.82,VAR-TSB-10-GROUP,Columbia Tomahawk Smoothing Blade (TSB-10),Width,"Columbia 24"" Tomahawk Smoothing Blade (TSB-24)""",MERGE → variable product,
Columbia Taping Tools,Repair Kits & Parts,TSB-32,"Columbia 32"" Tomahawk Smoothing Blade (TSB-32)",122.21,VAR-TSB-10-GROUP,Columbia Tomahawk Smoothing Blade (TSB-10),Width,"Columbia 32"" Tomahawk Smoothing Blade (TSB-32)""",MERGE → variable product,
Columbia Taping Tools,Repair Kits & Parts,TSB-40,"Columbia 40"" Tomahawk Smoothing Blade (TSB-40)",151.41,VAR-TSB-10-GROUP,Columbia Tomahawk Smoothing Blade (TSB-10),Width,"Columbia 40"" Tomahawk Smoothing Blade (TSB-40)""",MERGE → variable product,
Columbia Taping Tools,Repair Kits & Parts,TSB-48,"Columbia 48"" Tomahawk Smoothing Blade (TSB-48)",200.08,VAR-TSB-10-GROUP,Columbia Tomahawk Smoothing Blade (TSB-10),Width,"Columbia 48"" Tomahawk Smoothing Blade (TSB-48)""",MERGE → variable product,
Columbia Taping Tools,Repair Kits & Parts,TSB-7,"Columbia 7"" Tomahawk Smoothing Blade (TSB-7)",44.34,VAR-TSB-10-GROUP,Columbia Tomahawk Smoothing Blade (TSB-10),Width,"Columbia 7"" Tomahawk Smoothing Blade (TSB-7)""",MERGE → variable product,
Columbia Taping Tools,Repair Kits & Parts,SB2-10,"Columbia Replacement 10"" Blade for Tomahawk (SB2-10)",,VAR-SB2-10-GROUP,Columbia Replacement Blade for Tomahawk (SB2-10),Width,"Columbia Replacement 10"" Blade for Tomahawk (SB2-10)""",MERGE → variable product,
Columbia Taping Tools,Repair Kits & Parts,SB2-12,"Columbia Replacement 12"" Blade for Tomahawk (SB2-12)",,VAR-SB2-10-GROUP,Columbia Replacement Blade for Tomahawk (SB2-10),Width,"Columbia Replacement 12"" Blade for Tomahawk (SB2-12)""",MERGE → variable product,
Columbia Taping Tools,Repair Kits & Parts,SB2-14,"Columbia Replacement 14"" Blade for Tomahawk (SB2-14)",,VAR-SB2-10-GROUP,Columbia Replacement Blade for Tomahawk (SB2-10),Width,"Columbia Replacement 14"" Blade for Tomahawk (SB2-14)""",MERGE → variable product,
Columbia Taping Tools,Repair Kits & Parts,SB2-18,"Columbia Replacement 18"" Blade for Tomahawk (SB2-18)",,VAR-SB2-10-GROUP,Columbia Replacement Blade for Tomahawk (SB2-10),Width,"Columbia Replacement 18"" Blade for Tomahawk (SB2-18)""",MERGE → variable product,
Columbia Taping Tools,Repair Kits & Parts,SB2-24,"Columbia Replacement 24"" Blade for Tomahawk (SB2-24)",,VAR-SB2-10-GROUP,Columbia Replacement Blade for Tomahawk (SB2-10),Width,"Columbia Replacement 24"" Blade for Tomahawk (SB2-24)""",MERGE → variable product,
Columbia Taping Tools,Repair Kits & Parts,SB2-32,"Columbia Replacement 32"" Blade for Tomahawk (SB2-32)",,VAR-SB2-10-GROUP,Columbia Replacement Blade for Tomahawk (SB2-10),Width,"Columbia Replacement 32"" Blade for Tomahawk (SB2-32)""",MERGE → variable product,
Columbia Taping Tools,Repair Kits & Parts,SB2-40,"Columbia Replacement 40"" Blade for Tomahawk (SB2-40)",,VAR-SB2-10-GROUP,Columbia Replacement Blade for Tomahawk (SB2-10),Width,"Columbia Replacement 40"" Blade for Tomahawk (SB2-40)""",MERGE → variable product,
Columbia Taping Tools,Repair Kits & Parts,SB2-48,"Columbia Replacement 48"" Blade for Tomahawk (SB2-48)",,VAR-SB2-10-GROUP,Columbia Replacement Blade for Tomahawk (SB2-10),Width,"Columbia Replacement 48"" Blade for Tomahawk (SB2-48)""",MERGE → variable product,
Columbia Taping Tools,Repair Kits & Parts,SB2-7,"Columbia Replacement 7"" Blade for Tomahawk (SB2-7)",,VAR-SB2-10-GROUP,Columbia Replacement Blade for Tomahawk (SB2-10),Width,"Columbia Replacement 7"" Blade for Tomahawk (SB2-7)""",MERGE → variable product,
Columbia Taping Tools,Repair Kits & Parts,FA296,"Columbia 1/4-20 x 1/2"" Hex Bolt (FA296)",,VAR-FA296-GROUP,"Columbia /4-20 x 1/2"" Hex Bolt (FA296)",Size,"4-20""",MERGE → variable product,
Columbia Taping Tools,Repair Kits & Parts,FA305,"Columbia 5/16-18 x 3/4"" Hex Bolt (FA305)",,VAR-FA296-GROUP,"Columbia /4-20 x 1/2"" Hex Bolt (FA296)",Size,"16-18""",MERGE → variable product,
Columbia Taping Tools,Repair Kits & Parts,FA342,Columbia 1/4-20 x 3/4 Hex Bolt (FA342),1.45,VAR-FA296-GROUP,"Columbia /4-20 x 1/2"" Hex Bolt (FA296)",Size,"4-20""",MERGE → variable product,
Columbia Taping Tools,Repair Kits & Parts,FA299,Columbia 1/4-20 x 1-1/2 Hex Bolt (FA299),1.45,VAR-FA296-GROUP,"Columbia /4-20 x 1/2"" Hex Bolt (FA296)",Size,"4-20""",MERGE → variable product,
Columbia Taping Tools,Repair Kits & Parts,FA301,Columbia 1/4-20 x 2-1/2 Hex Bolt (FA301),1.65,VAR-FA296-GROUP,"Columbia /4-20 x 1/2"" Hex Bolt (FA296)",Size,"4-20""",MERGE → variable product,
Columbia Taping Tools,Repair Kits & Parts,FA307,Columbia 5/16-18 x 1-1/2 Hex Bolt (FA307),1.55,VAR-FA296-GROUP,"Columbia /4-20 x 1/2"" Hex Bolt (FA296)",Size,"16-18""",MERGE → variable product,
Columbia Taping Tools,Repair Kits & Parts,FA318,Columbia 3/8-16 x 1-1/4 Hex Bolt (FA318),1.65,VAR-FA296-GROUP,"Columbia /4-20 x 1/2"" Hex Bolt (FA296)",Size,"8-16""",MERGE → variable product,
Columbia Taping Tools,Repair Kits & Parts,FA341,Columbia 1/4-20 x 1-3/4 Hex Bolt (FA341),1.55,VAR-FA296-GROUP,"Columbia /4-20 x 1/2"" Hex Bolt (FA296)",Size,"4-20""",MERGE → variable product,
TapeTech,Blades & Knives,PFB24,"TapeTech 24"" Replace Blade for Finishing Knife (PFB24)",,VAR-PFB24-GROUP,TapeTech Replace Blade for Finishing Knife (PFB24),Width,"TapeTech 24"" Replace Blade for Finishing Knife (PFB24)""",MERGE → variable product,
TapeTech,Blades & Knives,PFB12,"TapeTech 12"" Replace Blade for Finishing Knife (PFB12)",,VAR-PFB24-GROUP,TapeTech Replace Blade for Finishing Knife (PFB24),Width,"TapeTech 12"" Replace Blade for Finishing Knife (PFB12)""",MERGE → variable product,
TapeTech,Blades & Knives,PFB14,"TapeTech 14"" Replace Blade for Finishing Knife (PFB14)",,VAR-PFB24-GROUP,TapeTech Replace Blade for Finishing Knife (PFB24),Width,"TapeTech 14"" Replace Blade for Finishing Knife (PFB14)""",MERGE → variable product,
TapeTech,Blades & Knives,PFB18,"TapeTech 18"" Replace Blade for Finishing Knife (PFB18)",,VAR-PFB24-GROUP,TapeTech Replace Blade for Finishing Knife (PFB24),Width,"TapeTech 18"" Replace Blade for Finishing Knife (PFB18)""",MERGE → variable product,
TapeTech,Blades & Knives,PFB32,"TapeTech 32"" Replace Blade for Finishing Knife (PFB32)",,VAR-PFB24-GROUP,TapeTech Replace Blade for Finishing Knife (PFB24),Width,"TapeTech 32"" Replace Blade for Finishing Knife (PFB32)""",MERGE → variable product,
TapeTech,Blades & Knives,PFB40,"TapeTech 40"" Replace Blade for Finishing Knife (PFB40)",,VAR-PFB24-GROUP,TapeTech Replace Blade for Finishing Knife (PFB24),Width,"TapeTech 40"" Replace Blade for Finishing Knife (PFB40)""",MERGE → variable product,
TapeTech,Blades & Knives,PFB48,"TapeTech 48"" Replace Blade for Finishing Knife (PFB48)",,VAR-PFB24-GROUP,TapeTech Replace Blade for Finishing Knife (PFB24),Width,"TapeTech 48"" Replace Blade for Finishing Knife (PFB48)""",MERGE → variable product,
TapeTech,Blades & Knives,PFB07,"TapeTech 7"" Replace Blade for Finishing Knife (PFB07)",,VAR-PFB24-GROUP,TapeTech Replace Blade for Finishing Knife (PFB24),Width,"TapeTech 7"" Replace Blade for Finishing Knife (PFB07)""",MERGE → variable product,
Columbia Taping Tools,Repair Kits & Parts,NPK1.5,"Columbia 1.5"" PUTTY KNIFE (NPK1.5)",10.83,VAR-NPK1.5-GROUP,Columbia PUTTY KNIFE (NPK1.5),Width,"Columbia 1.5"" PUTTY KNIFE (NPK1.5)""",MERGE → variable product,
Columbia Taping Tools,Repair Kits & Parts,NPK2,"Columbia 2"" PUTTY KNIFE (NPK2)",11.25,VAR-NPK1.5-GROUP,Columbia PUTTY KNIFE (NPK1.5),Width,"Columbia 2"" PUTTY KNIFE (NPK2)""",MERGE → variable product,
Columbia Taping Tools,Repair Kits & Parts,NPK3,"Columbia 3"" PUTTY KNIFE (NPK3)",11.67,VAR-NPK1.5-GROUP,Columbia PUTTY KNIFE (NPK1.5),Width,"Columbia 3"" PUTTY KNIFE (NPK3)""",MERGE → variable product,
Columbia Taping Tools,Repair Kits & Parts,NPK4,"Columbia 4"" PUTTY KNIFE (NPK4)",12.92,VAR-NPK1.5-GROUP,Columbia PUTTY KNIFE (NPK1.5),Width,"Columbia 4"" PUTTY KNIFE (NPK4)""",MERGE → variable product,
Columbia Taping Tools,Repair Kits & Parts,NPK5,"Columbia 5"" PUTTY KNIFE (NPK5)",15.00,VAR-NPK1.5-GROUP,Columbia PUTTY KNIFE (NPK1.5),Width,"Columbia 5"" PUTTY KNIFE (NPK5)""",MERGE → variable product,
Columbia Taping Tools,Repair Kits & Parts,NPK6,"Columbia 6"" PUTTY KNIFE (NPK6)",16.67,VAR-NPK1.5-GROUP,Columbia PUTTY KNIFE (NPK1.5),Width,"Columbia 6"" PUTTY KNIFE (NPK6)""",MERGE → variable product,
Columbia Taping Tools,Repair Kits & Parts,NPK8,"Columbia 8"" PUTTY KNIFE (NPK8)",17.50,VAR-NPK1.5-GROUP,Columbia PUTTY KNIFE (NPK1.5),Width,"Columbia 8"" PUTTY KNIFE (NPK8)""",MERGE → variable product,
Columbia Taping Tools,Repair Kits & Parts,FA276,Columbia 10-24 x 7/8 Pan Head Screw (FA276),,VAR-FA276-GROUP,Columbia -24 x 7/8 Pan Head Screw (FA276),Size,"10-24""",MERGE → variable product,
Columbia Taping Tools,Repair Kits & Parts,FA267,"Columbia 8-32 x 1/2"" Pan Head Screw (FA267)",,VAR-FA276-GROUP,Columbia -24 x 7/8 Pan Head Screw (FA276),Size,"8-32""",MERGE → variable product,
Columbia Taping Tools,Repair Kits & Parts,FA242,Columbia 6-32 x 3/8 Pan Head Screw (FA242),1.05,VAR-FA276-GROUP,Columbia -24 x 7/8 Pan Head Screw (FA276),Size,"6-32""",MERGE → variable product,
Columbia Taping Tools,Repair Kits & Parts,FA390,Columbia 6-32 x 7/8 Pan Head Screw (FA390),1.05,VAR-FA276-GROUP,Columbia -24 x 7/8 Pan Head Screw (FA276),Size,"6-32""",MERGE → variable product,
Columbia Taping Tools,Repair Kits & Parts,FA392,Columbia 6-32 x 1-1/4 Pan Head Screw (FA392),1.10,VAR-FA276-GROUP,Columbia -24 x 7/8 Pan Head Screw (FA276),Size,"6-32""",MERGE → variable product,
Columbia Taping Tools,Repair Kits & Parts,FA393,Columbia 6-32 x 1-1/2 Pan Head Screw (FA393),1.10,VAR-FA276-GROUP,Columbia -24 x 7/8 Pan Head Screw (FA276),Size,"6-32""",MERGE → variable product,
Columbia Taping Tools,Repair Kits & Parts,FFB9-10,"Columbia Flat Box Blade 10"" (FFB9-10)",,VAR-FFB9-10-GROUP,Columbia Flat Box Blade (FFB9-10),Size,"Columbia Flat Box Blade 10"" (FFB9-10)""",MERGE → variable product,
Columbia Taping Tools,Repair Kits & Parts,FFB9-12,"Columbia Flat Box Blade 12"" (FFB9-12)",,VAR-FFB9-10-GROUP,Columbia Flat Box Blade (FFB9-10),Size,"Columbia Flat Box Blade 12"" (FFB9-12)""",MERGE → variable product,
Columbia Taping Tools,Repair Kits & Parts,FFB9-14,"Columbia Flat Box Blade 14"" (FFB9-14)",,VAR-FFB9-10-GROUP,Columbia Flat Box Blade (FFB9-10),Size,"Columbia Flat Box Blade 14"" (FFB9-14)""",MERGE → variable product,
Columbia Taping Tools,Repair Kits & Parts,FFB9-5.5,"Columbia Flat Box Blade 5.5"" (FFB9-5.5)",,VAR-FFB9-10-GROUP,Columbia Flat Box Blade (FFB9-10),Size,"Columbia Flat Box Blade 5.5"" (FFB9-5.5)""",MERGE → variable product,
Columbia Taping Tools,Repair Kits & Parts,FFB9-7,"Columbia Flat Box Blade 7"" (FFB9-7)",,VAR-FFB9-10-GROUP,Columbia Flat Box Blade (FFB9-10),Size,"Columbia Flat Box Blade 7"" (FFB9-7)""",MERGE → variable product,
Columbia Taping Tools,Repair Kits & Parts,FFB9-8,"Columbia Flat Box Blade 8"" (FFB9-8)",,VAR-FFB9-10-GROUP,Columbia Flat Box Blade (FFB9-10),Size,"Columbia Flat Box Blade 8"" (FFB9-8)""",MERGE → variable product,
TapeTech,Blades & Knives,JK06SSTT,"TapeTech 6"" Premium Stainless Steel Joint Knife (JK06SSTT)",,VAR-JK06SSTT-GROUP,TapeTech Premium Stainless Steel Joint Knife (JK06SSTT),Width,"TapeTech 6"" Premium Stainless Steel Joint Knife (JK06SSTT)""",MERGE → variable product,
TapeTech,Blades & Knives,JK05SSTT,"TapeTech 5"" Premium Stainless Steel Joint Knife (JK05SSTT)",,VAR-JK06SSTT-GROUP,TapeTech Premium Stainless Steel Joint Knife (JK06SSTT),Width,"TapeTech 5"" Premium Stainless Steel Joint Knife (JK05SSTT)""",MERGE → variable product,
TapeTech,Blades & Knives,JK01SSTT,"TapeTech 1"" Premium Stainless Steel Joint Knife (JK01SSTT)",,VAR-JK06SSTT-GROUP,TapeTech Premium Stainless Steel Joint Knife (JK06SSTT),Width,"TapeTech 1"" Premium Stainless Steel Joint Knife (JK01SSTT)""",MERGE → variable product,
TapeTech,Blades & Knives,JK03SSTT,"TapeTech 3"" Premium Stainless Steel Joint Knife (JK03SSTT)",,VAR-JK06SSTT-GROUP,TapeTech Premium Stainless Steel Joint Knife (JK06SSTT),Width,"TapeTech 3"" Premium Stainless Steel Joint Knife (JK03SSTT)""",MERGE → variable product,
TapeTech,Blades & Knives,JK02SSTT,"TapeTech 2"" Premium Stainless Steel Joint Knife (JK02SSTT)",,VAR-JK06SSTT-GROUP,TapeTech Premium Stainless Steel Joint Knife (JK06SSTT),Width,"TapeTech 2"" Premium Stainless Steel Joint Knife (JK02SSTT)""",MERGE → variable product,
TapeTech,Blades & Knives,JK04SSTT,"TapeTech 4"" Premium Stainless Steel Joint Knife (JK04SSTT)",,VAR-JK06SSTT-GROUP,TapeTech Premium Stainless Steel Joint Knife (JK06SSTT),Width,"TapeTech 4"" Premium Stainless Steel Joint Knife (JK04SSTT)""",MERGE → variable product,
TapeTech,Blades & Knives,PFK40TT,"TapeTech 40"" Premium Finishing Knife (PFK40TT)",,VAR-PFK40TT-GROUP,TapeTech Premium Finishing Knife (PFK40TT),Width,"TapeTech 40"" Premium Finishing Knife (PFK40TT)""",MERGE → variable product,
TapeTech,Blades & Knives,PFK18TT,"TapeTech 18"" Premium Finishing Knife (PFK18TT)",,VAR-PFK40TT-GROUP,TapeTech Premium Finishing Knife (PFK40TT),Width,"TapeTech 18"" Premium Finishing Knife (PFK18TT)""",MERGE → variable product,
TapeTech,Blades & Knives,PFK12TT,"TapeTech 12"" Premium Finishing Knife (PFK12TT)",,VAR-PFK40TT-GROUP,TapeTech Premium Finishing Knife (PFK40TT),Width,"TapeTech 12"" Premium Finishing Knife (PFK12TT)""",MERGE → variable product,
TapeTech,Blades & Knives,PFK14TT,"TapeTech 14"" Premium Finishing Knife (PFK14TT)",,VAR-PFK40TT-GROUP,TapeTech Premium Finishing Knife (PFK40TT),Width,"TapeTech 14"" Premium Finishing Knife (PFK14TT)""",MERGE → variable product,
TapeTech,Blades & Knives,PFK48TT,"TapeTech 48"" Premium Finishing Knife (PFK48TT)",,VAR-PFK40TT-GROUP,TapeTech Premium Finishing Knife (PFK40TT),Width,"TapeTech 48"" Premium Finishing Knife (PFK48TT)""",MERGE → variable product,
TapeTech,Blades & Knives,PFK07TT,"TapeTech 7"" Premium Finishing Knife (PFK07TT)",,VAR-PFK40TT-GROUP,TapeTech Premium Finishing Knife (PFK40TT),Width,"TapeTech 7"" Premium Finishing Knife (PFK07TT)""",MERGE → variable product,
Columbia Taping Tools,Repair Kits & Parts,3BH,"Columbia 36"" 180-Grip Featherweight Flat Box Handle (3BH)",189.26,VAR-3BH-GROUP,Columbia 180-Grip Featherweight Flat Box Handle (3BH),Size,"Columbia 36"" 180-Grip Featherweight Flat Box Handle (3BH)""",MERGE → variable product,
Columbia Taping Tools,Repair Kits & Parts,42BH,"Columbia 42"" 180-Grip Featherweight Flat Box Handle (42BH)",205.49,VAR-3BH-GROUP,Columbia 180-Grip Featherweight Flat Box Handle (3BH),Size,"Columbia 42"" 180-Grip Featherweight Flat Box Handle (42BH)""",MERGE → variable product,
Columbia Taping Tools,Repair Kits & Parts,4BH,"Columbia 48"" 180-Grip Featherweight Flat Box Handle (4BH)",210.89,VAR-3BH-GROUP,Columbia 180-Grip Featherweight Flat Box Handle (3BH),Size,"Columbia 48"" 180-Grip Featherweight Flat Box Handle (4BH)""",MERGE → variable product,
Columbia Taping Tools,Repair Kits & Parts,5BH,"Columbia 60"" 180-Grip Featherweight Flat Box Handle (5BH)",221.71,VAR-3BH-GROUP,Columbia 180-Grip Featherweight Flat Box Handle (3BH),Size,"Columbia 60"" 180-Grip Featherweight Flat Box Handle (5BH)""",MERGE → variable product,
Columbia Taping Tools,Repair Kits & Parts,6BH,"Columbia 72"" 180-Grip Featherweight Flat Box Handle (6BH)",232.52,VAR-3BH-GROUP,Columbia 180-Grip Featherweight Flat Box Handle (3BH),Size,"Columbia 72"" 180-Grip Featherweight Flat Box Handle (6BH)""",MERGE → variable product,
Columbia Taping Tools,Repair Kits & Parts,FA309,Columbia 5/16-18 x 1/2 Socket Head Screw (FA309),1.45,VAR-FA309-GROUP,Columbia /16-18 x 1/2 Socket Head Screw (FA309),Size,"16-18""",MERGE → variable product,
Columbia Taping Tools,Repair Kits & Parts,FA317,Columbia 5/16-18 x 5/8 Socket Head Screw (FA317),1.45,VAR-FA309-GROUP,Columbia /16-18 x 1/2 Socket Head Screw (FA309),Size,"16-18""",MERGE → variable product,
Columbia Taping Tools,Repair Kits & Parts,FA321,Columbia 3/8-16 x 3/4 Socket Head Screw (FA321),1.55,VAR-FA309-GROUP,Columbia /16-18 x 1/2 Socket Head Screw (FA309),Size,"8-16""",MERGE → variable product,
Columbia Taping Tools,Repair Kits & Parts,FA325,Columbia 3/8-16 x 1-1/2 Socket Head Screw (FA325),1.75,VAR-FA309-GROUP,Columbia /16-18 x 1/2 Socket Head Screw (FA309),Size,"8-16""",MERGE → variable product,
Columbia Taping Tools,Repair Kits & Parts,FA350,Columbia 5/16-18 x 7/8 Socket Head Screw (FA350),1.45,VAR-FA309-GROUP,Columbia /16-18 x 1/2 Socket Head Screw (FA309),Size,"16-18""",MERGE → variable product,
TapeTech,Finishing Trowels,TG110565PS,TapeTech 11″ x 5″ Premium Gold Stainless Steel Finishing Trowel – ProSoft Grip (TG110565PS),,VAR-TG110565-GROUP,TapeTech ″ x 5″ Premium Gold Stainless Steel Finishing Trowel – ProSoft Grip (TG110565PS),Size,"TapeTech 11″ x 5″ Premium Gold Stainless Steel Finishing Trowel – ProSoft Grip (TG110565PS)""",MERGE → variable product,
TapeTech,Finishing Trowels,TG120565PS,TapeTech 12″ x 5″ Premium Gold Stainless Steel Finishing Trowel – ProSoft Grip (TG120565PS),,VAR-TG110565-GROUP,TapeTech ″ x 5″ Premium Gold Stainless Steel Finishing Trowel – ProSoft Grip (TG110565PS),Size,"TapeTech 12″ x 5″ Premium Gold Stainless Steel Finishing Trowel – ProSoft Grip (TG120565PS)""",MERGE → variable product,
TapeTech,Finishing Trowels,TG140565PS,TapeTech 14″ x 5″ Premium Gold Stainless Steel Finishing Trowel – ProSoft Grip (TG140565PS),,VAR-TG110565-GROUP,TapeTech ″ x 5″ Premium Gold Stainless Steel Finishing Trowel – ProSoft Grip (TG110565PS),Size,"TapeTech 14″ x 5″ Premium Gold Stainless Steel Finishing Trowel – ProSoft Grip (TG140565PS)""",MERGE → variable product,
TapeTech,Finishing Trowels,TG160565PS,TapeTech 16″ x 5″ Premium Gold Stainless Steel Finishing Trowel – ProSoft Grip (TG160565PS),,VAR-TG110565-GROUP,TapeTech ″ x 5″ Premium Gold Stainless Steel Finishing Trowel – ProSoft Grip (TG110565PS),Size,"TapeTech 16″ x 5″ Premium Gold Stainless Steel Finishing Trowel – ProSoft Grip (TG160565PS)""",MERGE → variable product,
TapeTech,Finishing Trowels,TG180565PS,TapeTech 18″ x 5″ Premium Gold Stainless Steel Finishing Trowel – ProSoft Grip (TG180565PS),,VAR-TG110565-GROUP,TapeTech ″ x 5″ Premium Gold Stainless Steel Finishing Trowel – ProSoft Grip (TG110565PS),Size,"TapeTech 18″ x 5″ Premium Gold Stainless Steel Finishing Trowel – ProSoft Grip (TG180565PS)""",MERGE → variable product,
Columbia Taping Tools,Repair Kits & Parts,FA247,"Columbia 6-32 x 5/8"" Hex Bolt (FA247)",,VAR-FA247-GROUP,"Columbia -32 x 5/8"" Hex Bolt (FA247)",Size,"6-32""",MERGE → variable product,
Columbia Taping Tools,Repair Kits & Parts,FA279,"Columbia 10-24 x 1-1/4"" Hex Bolt (FA279)",,VAR-FA247-GROUP,"Columbia -32 x 5/8"" Hex Bolt (FA247)",Size,"10-24""",MERGE → variable product,
Columbia Taping Tools,Repair Kits & Parts,FA275,"Columbia 10-24 x 3/4"" Hex Bolt (FA275)",,VAR-FA247-GROUP,"Columbia -32 x 5/8"" Hex Bolt (FA247)",Size,"10-24""",MERGE → variable product,
Columbia Taping Tools,Repair Kits & Parts,FA371,Columbia 10-24 x 7/8 Hex Bolt (FA371),1.25,VAR-FA247-GROUP,"Columbia -32 x 5/8"" Hex Bolt (FA247)",Size,"10-24""",MERGE → variable product,
Columbia Taping Tools,Repair Kits & Parts,FA201,"Columbia 1/16"" x 3/8"" Split Pin (FA201)",,VAR-FA201-GROUP,"Columbia /16"" x 3/8"" Split Pin (FA201)",Size,"Columbia 1/16"" x 3/8"" Split Pin (FA201)""",MERGE → variable product,
Columbia Taping Tools,Repair Kits & Parts,FA224,"Columbia 1/8"" x 3/8"" Split Pin (FA224)",,VAR-FA201-GROUP,"Columbia /16"" x 3/8"" Split Pin (FA201)",Size,"Columbia 1/8"" x 3/8"" Split Pin (FA224)""",MERGE → variable product,
Columbia Taping Tools,Repair Kits & Parts,FA202,"Columbia 1/16 x 1/2"" Split Pin (FA202)",1.05,VAR-FA201-GROUP,"Columbia /16"" x 3/8"" Split Pin (FA201)",Size,"Columbia 1/16 x 1/2"" Split Pin (FA202)""",MERGE → variable product,
Columbia Taping Tools,Repair Kits & Parts,FA287,Columbia 1/4 x 5/8 Split Pin (FA287),1.05,VAR-FA201-GROUP,"Columbia /16"" x 3/8"" Split Pin (FA201)",Size,"Columbia 1/4 x 5/8 Split Pin (FA287)""",MERGE → variable product,
Columbia Taping Tools,Repair Kits & Parts,COL2 KIT,"Columbia 2"" Angle Head Rebuild Kit (COL2 KIT)",,VAR-COL2 KIT-GROUP,Columbia Angle Head Rebuild Kit (COL2 KIT),Size,"Columbia 2"" Angle Head Rebuild Kit (COL2 KIT)""",SKIP (bundle/kit - keep simple),Explicitly a multi-item bundle
Columbia Taping Tools,Repair Kits & Parts,COL2.5 KIT,"Columbia 2.5"" Angle Head Rebuild Kit (COL2.5 KIT)",,VAR-COL2 KIT-GROUP,Columbia Angle Head Rebuild Kit (COL2 KIT),Size,"Columbia 2.5"" Angle Head Rebuild Kit (COL2.5 KIT)""",SKIP (bundle/kit - keep simple),Explicitly a multi-item bundle
Columbia Taping Tools,Repair Kits & Parts,COL3 KIT,"Columbia 3"" Angle Head Rebuild Kit (COL3 KIT)",,VAR-COL2 KIT-GROUP,Columbia Angle Head Rebuild Kit (COL2 KIT),Size,"Columbia 3"" Angle Head Rebuild Kit (COL3 KIT)""",SKIP (bundle/kit - keep simple),Explicitly a multi-item bundle
Columbia Taping Tools,Repair Kits & Parts,COL3.5 KIT,"Columbia 3.5"" Angle Head Rebuild Kit (COL3.5 KIT)",,VAR-COL2 KIT-GROUP,Columbia Angle Head Rebuild Kit (COL2 KIT),Size,"Columbia 3.5"" Angle Head Rebuild Kit (COL3.5 KIT)""",SKIP (bundle/kit - keep simple),Explicitly a multi-item bundle
Columbia Taping Tools,Repair Kits & Parts,2AH,"Columbia 2"" Angle Head w/ Wheels (2AH)",410.97,VAR-2AH-GROUP,Columbia Angle Head w/ Wheels (2AH),Size,"Columbia 2"" Angle Head w/ Wheels (2AH)""",MERGE → variable product,
Columbia Taping Tools,Repair Kits & Parts,2.5AH,"Columbia 2.5"" Angle Head w/ Wheels (2.5AH)",421.79,VAR-2AH-GROUP,Columbia Angle Head w/ Wheels (2AH),Size,"Columbia 2.5"" Angle Head w/ Wheels (2.5AH)""",MERGE → variable product,
Columbia Taping Tools,Repair Kits & Parts,3AH,"Columbia 3"" Angle Head w/ Wheels (3AH)",443.42,VAR-2AH-GROUP,Columbia Angle Head w/ Wheels (2AH),Size,"Columbia 3"" Angle Head w/ Wheels (3AH)""",MERGE → variable product,
Columbia Taping Tools,Repair Kits & Parts,3.5AH,"Columbia 3.5"" Angle Head w/ Wheels (3.5AH)",454.23,VAR-2AH-GROUP,Columbia Angle Head w/ Wheels (2AH),Size,"Columbia 3.5"" Angle Head w/ Wheels (3.5AH)""",MERGE → variable product,
Columbia Taping Tools,Repair Kits & Parts,2.5SF,"Columbia 2.5"" Standard Drywall Corner Flusher with Wheels (2.5SF)",116.80,VAR-2.5SF-GROUP,Columbia Standard Drywall Corner Flusher with Wheels (2.5SF),Size,"Columbia 2.5"" Standard Drywall Corner Flusher with Wheels (2.5SF)""",MERGE → variable product,
Columbia Taping Tools,Repair Kits & Parts,3SF,"Columbia 3"" Standard Drywall Corner Flusher with Wheels (3SF)",122.21,VAR-2.5SF-GROUP,Columbia Standard Drywall Corner Flusher with Wheels (2.5SF),Size,"Columbia 3"" Standard Drywall Corner Flusher with Wheels (3SF)""",MERGE → variable product,
Columbia Taping Tools,Repair Kits & Parts,3.5SF,"Columbia 3.5"" Standard Drywall Corner Flusher with Wheels (3.5SF)",133.02,VAR-2.5SF-GROUP,Columbia Standard Drywall Corner Flusher with Wheels (2.5SF),Size,"Columbia 3.5"" Standard Drywall Corner Flusher with Wheels (3.5SF)""",MERGE → variable product,
Columbia Taping Tools,Repair Kits & Parts,4SF,"Columbia 4"" Standard Drywall Corner Flusher with Wheels (4SF)",140.60,VAR-2.5SF-GROUP,Columbia Standard Drywall Corner Flusher with Wheels (2.5SF),Size,"Columbia 4"" Standard Drywall Corner Flusher with Wheels (4SF)""",MERGE → variable product,
Columbia Taping Tools,Repair Kits & Parts,FFBA-10-10,"Columbia Flat Box Blade Bar Assembly 10"" (FFBA-10-10)",,VAR-FFBA-10-GROUP,Columbia Flat Box Blade Bar Assembly (FFBA-10-10),Size,"10-10""",MERGE → variable product,
Columbia Taping Tools,Repair Kits & Parts,FFBA-10-14,"Columbia Flat Box Blade Bar Assembly 14"" (FFBA-10-14)",,VAR-FFBA-10-GROUP,Columbia Flat Box Blade Bar Assembly (FFBA-10-10),Size,"10-14""",MERGE → variable product,
Columbia Taping Tools,Repair Kits & Parts,FFBA-10-7,"Columbia Flat Box Blade Bar Assembly 7"" (FFBA-10-7)",,VAR-FFBA-10-GROUP,Columbia Flat Box Blade Bar Assembly (FFBA-10-10),Size,"10-7""",MERGE → variable product,
Columbia Taping Tools,Repair Kits & Parts,FFBA-10-8,"Columbia Flat Box Blade Bar Assembly 8"" (FFBA-10-8)",,VAR-FFBA-10-GROUP,Columbia Flat Box Blade Bar Assembly (FFBA-10-10),Size,"10-8""",MERGE → variable product,
Columbia Taping Tools,Repair Kits & Parts,CMT1A-32,"Draw Tube - 32"" (CMT1A-32)",51.54,VAR-CMT1A-32-GROUP,Draw Tube - (CMT1A-32),Size,"Draw Tube - 32"" (CMT1A-32)""",MERGE → variable product,
Columbia Taping Tools,Repair Kits & Parts,CMT1A-24,"Draw Tube - 24"" (CMT1A-24)",47.54,VAR-CMT1A-32-GROUP,Draw Tube - (CMT1A-32),Size,"Draw Tube - 24"" (CMT1A-24)""",MERGE → variable product,
Columbia Taping Tools,Repair Kits & Parts,CMT1A-55,"Draw Tube - 55"" (CMT1A-55)",59.54,VAR-CMT1A-32-GROUP,Draw Tube - (CMT1A-32),Size,"Draw Tube - 55"" (CMT1A-55)""",MERGE → variable product,
Columbia Taping Tools,Repair Kits & Parts,CMT1A-42,"Draw Tube - 42"" (CMT1A-42)",55.54,VAR-CMT1A-32-GROUP,Draw Tube - (CMT1A-32),Size,"Draw Tube - 42"" (CMT1A-42)""",MERGE → variable product,
Columbia Taping Tools,Repair Kits & Parts,FFB13-12,"Door Hinge 12"" (FFB13-12)",13.16,VAR-FFB13-12-GROUP,Door Hinge (FFB13-12),Size,"Door Hinge 12"" (FFB13-12)""",MERGE → variable product,
Columbia Taping Tools,Repair Kits & Parts,FFB13-10,"Door Hinge 10"" (FFB13-10)",13.16,VAR-FFB13-12-GROUP,Door Hinge (FFB13-12),Size,"Door Hinge 10"" (FFB13-10)""",MERGE → variable product,
Columbia Taping Tools,Repair Kits & Parts,FFB13-8,"Door Hinge 8"" (FFB13-8)",13.56,VAR-FFB13-12-GROUP,Door Hinge (FFB13-12),Size,"Door Hinge 8"" (FFB13-8)""",MERGE → variable product,
Columbia Taping Tools,Repair Kits & Parts,FFB13-7,"Door Hinge 7"" (FFB13-7)",13.16,VAR-FFB13-12-GROUP,Door Hinge (FFB13-12),Size,"Door Hinge 7"" (FFB13-7)""",MERGE → variable product,
Columbia Taping Tools,Repair Kits & Parts,FFB2-12,"Roll Face 12"" (FFB2-12)",45.36,VAR-FFB2-12-GROUP,Roll Face (FFB2-12),Size,"Roll Face 12"" (FFB2-12)""",MERGE → variable product,
Columbia Taping Tools,Repair Kits & Parts,FFB2-10,"Roll Face 10"" (FFB2-10)",45.36,VAR-FFB2-12-GROUP,Roll Face (FFB2-12),Size,"Roll Face 10"" (FFB2-10)""",MERGE → variable product,
Columbia Taping Tools,Repair Kits & Parts,FFB2-8,"Roll Face 8"" (FFB2-8)",45.16,VAR-FFB2-12-GROUP,Roll Face (FFB2-12),Size,"Roll Face 8"" (FFB2-8)""",MERGE → variable product,
Columbia Taping Tools,Repair Kits & Parts,FFB2-7,"Roll Face 7"" (FFB2-7)",45.36,VAR-FFB2-12-GROUP,Roll Face (FFB2-12),Size,"Roll Face 7"" (FFB2-7)""",MERGE → variable product,
Columbia Taping Tools,Repair Kits & Parts,FFB1-12,"Rear Plate 12"" (FFB1-12)",73.22,VAR-FFB1-12-GROUP,Rear Plate (FFB1-12),Size,"Rear Plate 12"" (FFB1-12)""",MERGE → variable product,
Columbia Taping Tools,Repair Kits & Parts,FFB1-10,"Rear Plate 10"" (FFB1-10)",73.22,VAR-FFB1-12-GROUP,Rear Plate (FFB1-12),Size,"Rear Plate 10"" (FFB1-10)""",MERGE → variable product,
Columbia Taping Tools,Repair Kits & Parts,FFB1-8,"Rear Plate 8"" (FFB1-8)",73.22,VAR-FFB1-12-GROUP,Rear Plate (FFB1-12),Size,"Rear Plate 8"" (FFB1-8)""",MERGE → variable product,
Columbia Taping Tools,Repair Kits & Parts,FFB1-7,"Rear Plate 7"" (FFB1-7)",73.22,VAR-FFB1-12-GROUP,Rear Plate (FFB1-12),Size,"Rear Plate 7"" (FFB1-7)""",MERGE → variable product,
Columbia Taping Tools,Repair Kits & Parts,FAZ1S,Columbia Predator Taper 4-40 x 1/8 Set Screw (FAZ1S),1.20,VAR-FAZ1S-GROUP,Columbia Predator Taper -40 x 1/8 Set Screw (FAZ1S),Size,"4-40""",SKIP (bundle/kit - keep simple),Explicitly a multi-item bundle
Columbia Taping Tools,Repair Kits & Parts,FAZ21S,Columbia Predator Taper 6-32 x 1/8 Set Screw (FAZ21S),1.20,VAR-FAZ1S-GROUP,Columbia Predator Taper -40 x 1/8 Set Screw (FAZ1S),Size,"6-32""",SKIP (bundle/kit - keep simple),Explicitly a multi-item bundle
Columbia Taping Tools,Repair Kits & Parts,FAZ5S,Columbia Predator Taper 8-32 x 1/4 Set Screw (FAZ5S),1.20,VAR-FAZ1S-GROUP,Columbia Predator Taper -40 x 1/8 Set Screw (FAZ1S),Size,"8-32""",SKIP (bundle/kit - keep simple),Explicitly a multi-item bundle
Columbia Taping Tools,Repair Kits & Parts,FAZ6S,Columbia Predator Taper 8-32 x 3/16 Set Screw (FAZ6S),1.20,VAR-FAZ1S-GROUP,Columbia Predator Taper -40 x 1/8 Set Screw (FAZ1S),Size,"8-32""",SKIP (bundle/kit - keep simple),Explicitly a multi-item bundle
TapeTech,Finishing Boxes,8034TT,"34"" TapeTech Finishing Box Handle (8034TT)",,VAR-8034TT-GROUP,TapeTech Finishing Box Handle (8034TT),Size,"34"" TapeTech Finishing Box Handle (8034TT)""",MERGE → variable product,
TapeTech,Finishing Boxes,8042TT,"42"" TapeTech Finishing Box Handle (8042TT)",,VAR-8034TT-GROUP,TapeTech Finishing Box Handle (8034TT),Size,"42"" TapeTech Finishing Box Handle (8042TT)""",MERGE → variable product,
TapeTech,Finishing Boxes,8054TT,"54"" TapeTech Finishing Box Handle (8054TT)",,VAR-8034TT-GROUP,TapeTech Finishing Box Handle (8034TT),Size,"54"" TapeTech Finishing Box Handle (8054TT)""",MERGE → variable product,
TapeTech,Finishing Boxes,8072TT,"72"" TapeTech Finishing Box Handle (8072TT)",,VAR-8034TT-GROUP,TapeTech Finishing Box Handle (8034TT),Size,"72"" TapeTech Finishing Box Handle (8072TT)""",MERGE → variable product,
TapeTech,Blades & Knives,TK08SSTT,"TapeTech 8"" Premium Stainless Steel Taping Knife (TK08SSTT)",,VAR-TK08SSTT-GROUP,TapeTech Premium Stainless Steel Taping Knife (TK08SSTT),Width,"TapeTech 8"" Premium Stainless Steel Taping Knife (TK08SSTT)""",MERGE → variable product,
TapeTech,Blades & Knives,TK10SSTT,"TapeTech 10"" Premium Stainless Steel Taping Knife (TK10SSTT)",,VAR-TK08SSTT-GROUP,TapeTech Premium Stainless Steel Taping Knife (TK08SSTT),Width,"TapeTech 10"" Premium Stainless Steel Taping Knife (TK10SSTT)""",MERGE → variable product,
TapeTech,Blades & Knives,TK12SSTT,"TapeTech 12"" Premium Stainless Steel Taping Knife (TK12SSTT)",,VAR-TK08SSTT-GROUP,TapeTech Premium Stainless Steel Taping Knife (TK08SSTT),Width,"TapeTech 12"" Premium Stainless Steel Taping Knife (TK12SSTT)""",MERGE → variable product,
TapeTech,Blades & Knives,TK14SSTT,"TapeTech 14"" Premium Stainless Steel Taping Knife (TK14SSTT)",,VAR-TK08SSTT-GROUP,TapeTech Premium Stainless Steel Taping Knife (TK08SSTT),Width,"TapeTech 14"" Premium Stainless Steel Taping Knife (TK14SSTT)""",MERGE → variable product,
TapeTech,Corner & Angle Tools,CF25TT,"2.5"" Corner Flusher - Semi-Automatic (CF25TT)",,VAR-CF25TT-GROUP,Corner Flusher - Semi-Automatic (CF25TT),Size,"2.5"" Corner Flusher - Semi-Automatic (CF25TT)""",MERGE → variable product,
TapeTech,Corner & Angle Tools,CF30TT,"3"" Corner Flusher - Semi-Automatic (CF30TT)",,VAR-CF25TT-GROUP,Corner Flusher - Semi-Automatic (CF25TT),Size,"3"" Corner Flusher - Semi-Automatic (CF30TT)""",MERGE → variable product,
TapeTech,Corner & Angle Tools,CF35TT,"3.5"" Corner Flusher - Semi-Automatic (CF35TT)",,VAR-CF25TT-GROUP,Corner Flusher - Semi-Automatic (CF25TT),Size,"3.5"" Corner Flusher - Semi-Automatic (CF35TT)""",MERGE → variable product,
TapeTech,Corner & Angle Tools,CF40TT,"4"" Corner Flusher - Semi-Automatic (CF40TT)",,VAR-CF25TT-GROUP,Corner Flusher - Semi-Automatic (CF25TT),Size,"4"" Corner Flusher - Semi-Automatic (CF40TT)""",MERGE → variable product,
Asgard,Finishing Boxes,EZ10-AD,"Asgard 10"" Flat Box (EZ10-AD)",344.00,VAR-EZ10-AD-GROUP,Asgard Flat Box (EZ10-AD),Size,"Asgard 10"" Flat Box (EZ10-AD)""",MERGE → variable product,
Asgard,Finishing Boxes,EZ12-AD,"Asgard 12"" Flat Box (EZ12-AD)",327.00,VAR-EZ10-AD-GROUP,Asgard Flat Box (EZ10-AD),Size,"Asgard 12"" Flat Box (EZ12-AD)""",MERGE → variable product,
Asgard,Finishing Boxes,EZ07-AD,"Asgard 7"" Flat Box (EZ07-AD)",299.00,VAR-EZ10-AD-GROUP,Asgard Flat Box (EZ10-AD),Size,"Asgard 7"" Flat Box (EZ07-AD)""",MERGE → variable product,
Asgard,Finishing Boxes,PA10-AD,"Asgard 10"" Power Assist Finishing Box (PA10-AD)",442.00,VAR-PA10-AD-GROUP,Asgard Power Assist Finishing Box (PA10-AD),Size,"Asgard 10"" Power Assist Finishing Box (PA10-AD)""",MERGE → variable product,
Asgard,Finishing Boxes,PA12-AD,"Asgard 12"" Power Assist Finishing Box (PA12-AD)",456.00,VAR-PA10-AD-GROUP,Asgard Power Assist Finishing Box (PA10-AD),Size,"Asgard 12"" Power Assist Finishing Box (PA12-AD)""",MERGE → variable product,
Asgard,Finishing Boxes,PA07-AD,"Asgard 7"" Power Assist Finishing Box (PA07-AD)",428.00,VAR-PA10-AD-GROUP,Asgard Power Assist Finishing Box (PA10-AD),Size,"Asgard 7"" Power Assist Finishing Box (PA07-AD)""",MERGE → variable product,
Asgard,Corner & Angle Tools,AH25-AD,"Asgard 2.5"" Angle Head (AH25-AD)",316.00,VAR-AH25-AD-GROUP,Asgard Angle Head (AH25-AD),Size,"Asgard 2.5"" Angle Head (AH25-AD)""",MERGE → variable product,
Asgard,Corner & Angle Tools,AH30-AD,"Asgard 3"" Angle Head (AH30-AD)",338.00,VAR-AH25-AD-GROUP,Asgard Angle Head (AH25-AD),Size,"Asgard 3"" Angle Head (AH30-AD)""",MERGE → variable product,
Asgard,Corner & Angle Tools,AH35-AD,"Asgard 3.5"" Angle Head (AH35-AD)",356.00,VAR-AH25-AD-GROUP,Asgard Angle Head (AH25-AD),Size,"Asgard 3.5"" Angle Head (AH35-AD)""",MERGE → variable product,
Columbia Taping Tools,Repair Kits & Parts,FA209,"Columbia 4-40 x 1/8"" Flat Head Screw (FA209)",,VAR-FA209-GROUP,"Columbia -40 x 1/8"" Flat Head Screw (FA209)",Size,"4-40""",MERGE → variable product,
Columbia Taping Tools,Repair Kits & Parts,FA263,Columbia 8-32 x 5/8 Flat Head Screw (FA263),1.05,VAR-FA209-GROUP,"Columbia -40 x 1/8"" Flat Head Screw (FA209)",Size,"8-32""",MERGE → variable product,
Columbia Taping Tools,Repair Kits & Parts,FA375,Columbia 10-32 x 3/8 Flat Head Screw (FA375),1.10,VAR-FA209-GROUP,"Columbia -40 x 1/8"" Flat Head Screw (FA209)",Size,"10-32""",MERGE → variable product,
Columbia Taping Tools,Repair Kits & Parts,AH7-3,Columbia Angle Head Frame Tension Spring (AH7-3),,VAR-AH7-3-GROUP,Columbia Angle Head Frame Tension Spring (AH7- ),Size,"Columbia Angle Head Frame Tension Spring (AH7-3)""",MERGE → variable product,
Columbia Taping Tools,Repair Kits & Parts,AH7-2,"Columbia Angle Head Frame Tension Spring 2"" (AH7-2)",,VAR-AH7-3-GROUP,Columbia Angle Head Frame Tension Spring (AH7- ),Size,"Columbia Angle Head Frame Tension Spring 2"" (AH7-2)""",MERGE → variable product,
Columbia Taping Tools,Repair Kits & Parts,AH7-3.5,"Columbia Angle Head Frame Tension Spring 3.5"" (AH7-3.5)",,VAR-AH7-3-GROUP,Columbia Angle Head Frame Tension Spring (AH7- ),Size,"Columbia Angle Head Frame Tension Spring 3.5"" (AH7-3.5)""",MERGE → variable product,
Columbia Taping Tools,Repair Kits & Parts,10FFB,"Columbia 10"" Drywall Flat Finishing Box (10FFB)",400.16,VAR-10FFB-GROUP,Columbia Drywall Flat Finishing Box (10FFB),Size,"Columbia 10"" Drywall Flat Finishing Box (10FFB)""",MERGE → variable product,
Columbia Taping Tools,Repair Kits & Parts,12FFB,"Columbia 12"" Drywall Flat Finishing Box (12FFB)",410.97,VAR-10FFB-GROUP,Columbia Drywall Flat Finishing Box (10FFB),Size,"Columbia 12"" Drywall Flat Finishing Box (12FFB)""",MERGE → variable product,
Columbia Taping Tools,Repair Kits & Parts,14FFB,"Columbia 14"" Drywall Flat Finishing Box (14FFB)",421.79,VAR-10FFB-GROUP,Columbia Drywall Flat Finishing Box (10FFB),Size,"Columbia 14"" Drywall Flat Finishing Box (14FFB)""",MERGE → variable product,
Columbia Taping Tools,Repair Kits & Parts,10FBB,"Columbia 10"" Fat Boy Drywall Flat Finishing Box (10FBB)",454.23,VAR-10FBB-GROUP,Columbia Fat Boy Drywall Flat Finishing Box (10FBB),Size,"Columbia 10"" Fat Boy Drywall Flat Finishing Box (10FBB)""",MERGE → variable product,
Columbia Taping Tools,Repair Kits & Parts,12FBB,"Columbia 12"" Fat Boy Drywall Flat Finishing Box (12FBB)",465.05,VAR-10FBB-GROUP,Columbia Fat Boy Drywall Flat Finishing Box (10FBB),Size,"Columbia 12"" Fat Boy Drywall Flat Finishing Box (12FBB)""",MERGE → variable product,
Columbia Taping Tools,Repair Kits & Parts,8FBB,"Columbia 8"" Fat Boy Drywall Flat Finishing Box (8FBB)",443.42,VAR-10FBB-GROUP,Columbia Fat Boy Drywall Flat Finishing Box (10FBB),Size,"Columbia 8"" Fat Boy Drywall Flat Finishing Box (8FBB)""",MERGE → variable product,
Columbia Taping Tools,Repair Kits & Parts,CMT24,"Columbia 24"" Drywall Corner Finishing Compound Mud Tube (CMT24)",197.91,VAR-CMT24-GROUP,Columbia Drywall Corner Finishing Compound Mud Tube (CMT24),Size,"Columbia 24"" Drywall Corner Finishing Compound Mud Tube (CMT24)""",MERGE → variable product,
Columbia Taping Tools,Repair Kits & Parts,CMT32,"Columbia 32"" Drywall Corner Finishing Compound Mud Tube (CMT32)",208.73,VAR-CMT24-GROUP,Columbia Drywall Corner Finishing Compound Mud Tube (CMT24),Size,"Columbia 32"" Drywall Corner Finishing Compound Mud Tube (CMT32)""",MERGE → variable product,
Columbia Taping Tools,Repair Kits & Parts,CMT42,"Columbia 42"" Drywall Corner Finishing Compound Mud Tube (CMT42)",221.71,VAR-CMT24-GROUP,Columbia Drywall Corner Finishing Compound Mud Tube (CMT24),Size,"Columbia 42"" Drywall Corner Finishing Compound Mud Tube (CMT42)""",MERGE → variable product,
Columbia Taping Tools,Repair Kits & Parts,3BBH,Columbia 3' 180-Grip Bent Flat Box Handle (3BBH),221.71,VAR-3BBH-GROUP,Columbia 180-Grip Bent Flat Box Handle (3BBH),Size,"Columbia 3' 180-Grip Bent Flat Box Handle (3BBH)""",MERGE → variable product,
Columbia Taping Tools,Repair Kits & Parts,5BBH,"Columbia 60"" 180-Grip Bent Flat Box Handle (5BBH)",243.34,VAR-3BBH-GROUP,Columbia 180-Grip Bent Flat Box Handle (3BBH),Size,"Columbia 60"" 180-Grip Bent Flat Box Handle (5BBH)""",MERGE → variable product,
Columbia Taping Tools,Repair Kits & Parts,6BBH,"Columbia 72"" 180-Grip Bent Flat Box Handle (6BBH)",254.15,VAR-3BBH-GROUP,Columbia 180-Grip Bent Flat Box Handle (3BBH),Size,"Columbia 72"" 180-Grip Bent Flat Box Handle (6BBH)""",MERGE → variable product,
Columbia Taping Tools,Repair Kits & Parts,CLT32,"Columbia 32"" Cam-Lock Compound Mud Tube (CLT32)",268.21,VAR-CLT32-GROUP,Columbia Cam-Lock Compound Mud Tube (CLT32),Size,"Columbia 32"" Cam-Lock Compound Mud Tube (CLT32)""",MERGE → variable product,
Columbia Taping Tools,Repair Kits & Parts,CLT42,"Columbia 42"" Cam-Lock Compound Mud Tube (CLT42)",280.11,VAR-CLT32-GROUP,Columbia Cam-Lock Compound Mud Tube (CLT32),Size,"Columbia 42"" Cam-Lock Compound Mud Tube (CLT42)""",MERGE → variable product,
Columbia Taping Tools,Repair Kits & Parts,CLT55,"Columbia 55"" Cam-Lock Compound Mud Tube (CLT55)",278.10,VAR-CLT32-GROUP,Columbia Cam-Lock Compound Mud Tube (CLT32),Size,"Columbia 55"" Cam-Lock Compound Mud Tube (CLT55)""",MERGE → variable product,
Columbia Taping Tools,Repair Kits & Parts,FFB14-10,"Columbia Flat Box Door Gasket 10"" (FFB14-10)",,VAR-FFB14-10-GROUP,Columbia Flat Box Door Gasket (FFB14-10),Size,"Columbia Flat Box Door Gasket 10"" (FFB14-10)""",MERGE → variable product,
Columbia Taping Tools,Repair Kits & Parts,FFB14-7,"Columbia Flat Box Door Gasket 7"" (FFB14-7)",,VAR-FFB14-10-GROUP,Columbia Flat Box Door Gasket (FFB14-10),Size,"Columbia Flat Box Door Gasket 7"" (FFB14-7)""",MERGE → variable product,
Columbia Taping Tools,Repair Kits & Parts,FFB14-8,"Columbia Flat Box Door Gasket 8"" (FFB14-8)",,VAR-FFB14-10-GROUP,Columbia Flat Box Door Gasket (FFB14-10),Size,"Columbia Flat Box Door Gasket 8"" (FFB14-8)""",MERGE → variable product,
Columbia Taping Tools,Repair Kits & Parts,HFFB14-12,"Std Hinged Flat Box Door Gasket 12"" (HFFB14-12)",45.20,VAR-HFFB14-1-GROUP,Std Hinged Flat Box Door Gasket (HFFB14-12),Size,"Std Hinged Flat Box Door Gasket 12"" (HFFB14-12)""",MERGE → variable product,
Columbia Taping Tools,Repair Kits & Parts,HFFB14-10,"Std Hinged Flat Box Door Gasket 10"" (HFFB14-10)",45.20,VAR-HFFB14-1-GROUP,Std Hinged Flat Box Door Gasket (HFFB14-12),Size,"Std Hinged Flat Box Door Gasket 10"" (HFFB14-10)""",MERGE → variable product,
Columbia Taping Tools,Repair Kits & Parts,HFFB14-7,"Std Hinged Flat Box Door Gasket 7"" (HFFB14-7)",45.20,VAR-HFFB14-1-GROUP,Std Hinged Flat Box Door Gasket (HFFB14-12),Size,"Std Hinged Flat Box Door Gasket 7"" (HFFB14-7)""",MERGE → variable product,
Columbia Taping Tools,Repair Kits & Parts,HFBB14-12,"Hinged Door Gasket 12"" Fat Boy (HFBB14-12)",51.22,VAR-HFBB14-1-GROUP,Hinged Door Gasket Fat Boy (HFBB14-12),Size,"Hinged Door Gasket 12"" Fat Boy (HFBB14-12)""",MERGE → variable product,
Columbia Taping Tools,Repair Kits & Parts,HFBB14-10,"Hinged Door Gasket 10"" Fat Boy (HFBB14-10)",51.22,VAR-HFBB14-1-GROUP,Hinged Door Gasket Fat Boy (HFBB14-12),Size,"Hinged Door Gasket 10"" Fat Boy (HFBB14-10)""",MERGE → variable product,
Columbia Taping Tools,Repair Kits & Parts,HFBB14-8,"Hinged Door Gasket 8"" Fat Boy (HFBB14-8)",51.22,VAR-HFBB14-1-GROUP,Hinged Door Gasket Fat Boy (HFBB14-12),Size,"Hinged Door Gasket 8"" Fat Boy (HFBB14-8)""",MERGE → variable product,
Columbia Taping Tools,Repair Kits & Parts,FA280,#10 Belleville Washer (FA280),1.05,VAR-FA280-GROUP,# Belleville Washer (FA280),Size,"#10 Belleville Washer (FA280)""",MERGE → variable product,
Columbia Taping Tools,Repair Kits & Parts,FA278,#8 Belleville Washer (FA278),1.05,VAR-FA280-GROUP,# Belleville Washer (FA280),Size,"#8 Belleville Washer (FA278)""",MERGE → variable product,
Columbia Taping Tools,Repair Kits & Parts,FA221,#6 Belleville Washer (FA221),2.15,VAR-FA280-GROUP,# Belleville Washer (FA280),Size,"#6 Belleville Washer (FA221)""",MERGE → variable product,
Columbia Taping Tools,Repair Kits & Parts,COL2.5SF,"2.5"" Standard Flusher (COL2.5SF)",116.99,VAR-COL2.5SF-GROUP,Standard Flusher (COL2.5SF),Size,"2.5"" Standard Flusher (COL2.5SF)""",MERGE → variable product,
Columbia Taping Tools,Repair Kits & Parts,COL3SF,"3"" Standard Flusher (COL3SF)",122.99,VAR-COL2.5SF-GROUP,Standard Flusher (COL2.5SF),Size,"3"" Standard Flusher (COL3SF)""",MERGE → variable product,
Columbia Taping Tools,Repair Kits & Parts,COL3.5SF,"3.5"" Standard Flusher (COL3.5SF)",133.99,VAR-COL2.5SF-GROUP,Standard Flusher (COL2.5SF),Size,"3.5"" Standard Flusher (COL3.5SF)""",MERGE → variable product,
Columbia Taping Tools,Repair Kits & Parts,COL2.5DF,"2.5"" Direct Flusher (COL2.5DF)",127.99,VAR-COL2.5DF-GROUP,Direct Flusher (COL2.5DF),Size,"2.5"" Direct Flusher (COL2.5DF)""",MERGE → variable product,
Columbia Taping Tools,Repair Kits & Parts,COL3DF,"3"" Direct Flusher (COL3DF)",130.99,VAR-COL2.5DF-GROUP,Direct Flusher (COL2.5DF),Size,"3"" Direct Flusher (COL3DF)""",MERGE → variable product,
Columbia Taping Tools,Repair Kits & Parts,COL3.5DF,"3.5"" Direct Flusher (COL3.5DF)",146.00,VAR-COL2.5DF-GROUP,Direct Flusher (COL2.5DF),Size,"3.5"" Direct Flusher (COL3.5DF)""",MERGE → variable product,
Columbia Taping Tools,Repair Kits & Parts,FA271,6-32 x 5/16 Pan Head Screw (FA271),1.05,VAR-FA271-GROUP,-32 x 5/16 Pan Head Screw (FA271),Size,"6-32""",MERGE → variable product,
Columbia Taping Tools,Repair Kits & Parts,FA327,8-32 x 1/4 Pan Head Screw (FA327),1.05,VAR-FA271-GROUP,-32 x 5/16 Pan Head Screw (FA271),Size,"8-32""",MERGE → variable product,
Columbia Taping Tools,Repair Kits & Parts,FA366,8-32 x 3/8 Pan Head Screw (FA366),1.05,VAR-FA271-GROUP,-32 x 5/16 Pan Head Screw (FA271),Size,"8-32""",MERGE → variable product,
Columbia Taping Tools,Repair Kits & Parts,FA362,10-24 x 3/4 Flat Head Screw (FA362),1.10,VAR-FA362-GROUP,-24 x 3/4 Flat Head Screw (FA362),Size,"10-24""",MERGE → variable product,
Columbia Taping Tools,Repair Kits & Parts,FA374,10-32 x 1/4 Flat Head Screw (FA374),1.10,VAR-FA362-GROUP,-24 x 3/4 Flat Head Screw (FA362),Size,"10-32""",MERGE → variable product,
Columbia Taping Tools,Repair Kits & Parts,FA377,6-32 x 1/4 Flat Head Screw (FA377),1.05,VAR-FA362-GROUP,-24 x 3/4 Flat Head Screw (FA362),Size,"6-32""",MERGE → variable product,
Platinum Drywall Tools,Finishing Boxes,PT-10FB,"Platinum 10"" Flat Finishing Box (PT-10FB)",195.00,VAR-PT-10FB-GROUP,Platinum Flat Finishing Box (PT-10FB),Size,"Platinum 10"" Flat Finishing Box (PT-10FB)""",MERGE → variable product,
Platinum Drywall Tools,Finishing Boxes,PT-14FB,"Platinum 14"" Flat Finishing Box (PT-14FB)",215.00,VAR-PT-10FB-GROUP,Platinum Flat Finishing Box (PT-10FB),Size,"Platinum 14"" Flat Finishing Box (PT-14FB)""",MERGE → variable product,
Platinum Drywall Tools,Finishing Boxes,PT-8FB,"Platinum 8"" Flat Finishing Box (PT-8FB)",185.00,VAR-PT-10FB-GROUP,Platinum Flat Finishing Box (PT-10FB),Size,"Platinum 8"" Flat Finishing Box (PT-8FB)""",MERGE → variable product,
Platinum Drywall Tools,Repair Kits & Parts,PT-CT24,"Platinum 24"" Compound Tube (PT-CT24)",150.00,VAR-PT-CT24-GROUP,Platinum Compound Tube (PT-CT24),Size,"Platinum 24"" Compound Tube (PT-CT24)""",MERGE → variable product,
Platinum Drywall Tools,Repair Kits & Parts,PT-CT36,"Platinum 36"" Compound Tube (PT-CT36)",155.00,VAR-PT-CT24-GROUP,Platinum Compound Tube (PT-CT24),Size,"Platinum 36"" Compound Tube (PT-CT36)""",MERGE → variable product,
Platinum Drywall Tools,Repair Kits & Parts,PT-CT42,"Platinum 42"" Compound Tube (PT-CT42)",160.00,VAR-PT-CT24-GROUP,Platinum Compound Tube (PT-CT24),Size,"Platinum 42"" Compound Tube (PT-CT42)""",MERGE → variable product,
Platinum Drywall Tools,Finishing Boxes,PT-BH34,"Platinum 34"" Flat Box Handle (PT-BH34)",90.00,VAR-PT-BH34-GROUP,Platinum Flat Box Handle (PT-BH34),Size,"Platinum 34"" Flat Box Handle (PT-BH34)""",MERGE → variable product,
Platinum Drywall Tools,Finishing Boxes,PT-BH42,"Platinum 42"" Flat Box Handle (PT-BH42)",95.00,VAR-PT-BH34-GROUP,Platinum Flat Box Handle (PT-BH34),Size,"Platinum 42"" Flat Box Handle (PT-BH42)""",MERGE → variable product,
Platinum Drywall Tools,Finishing Boxes,PT-BH54,"Platinum 54"" Flat Box Handle (PT-BH54)",100.00,VAR-PT-BH34-GROUP,Platinum Flat Box Handle (PT-BH34),Size,"Platinum 54"" Flat Box Handle (PT-BH54)""",MERGE → variable product,
TapeTech,Blades & Knives,JK06CSTT,"TapeTech 6"" Premium Carbon Steel Joint Knife (JK06CSTT)",,VAR-JK06CSTT-GROUP,TapeTech Premium Carbon Steel Joint Knife (JK06CSTT),Width,"TapeTech 6"" Premium Carbon Steel Joint Knife (JK06CSTT)""",MERGE → variable product,
TapeTech,Blades & Knives,JK05CSTT,"TapeTech 5"" Premium Carbon Steel Joint Knife (JK05CSTT)",,VAR-JK06CSTT-GROUP,TapeTech Premium Carbon Steel Joint Knife (JK06CSTT),Width,"TapeTech 5"" Premium Carbon Steel Joint Knife (JK05CSTT)""",MERGE → variable product,
TapeTech,Blades & Knives,JK04CSTT,"TapeTech 4"" Premium Carbon Steel Joint Knife (JK04CSTT)",,VAR-JK06CSTT-GROUP,TapeTech Premium Carbon Steel Joint Knife (JK06CSTT),Width,"TapeTech 4"" Premium Carbon Steel Joint Knife (JK04CSTT)""",MERGE → variable product,
TapeTech,Finishing Boxes,PAHC12,"12"" Power Assist MAXXBOX Finishing Box (PAHC12)",,VAR-PAHC12-GROUP,Power Assist MAXXBOX Finishing Box (PAHC12),Size,"12"" Power Assist MAXXBOX Finishing Box (PAHC12)""",MERGE → variable product,
TapeTech,Finishing Boxes,PAHC10,"10"" Power Assist MAXXBOX Finishing Box (PAHC10)",,VAR-PAHC12-GROUP,Power Assist MAXXBOX Finishing Box (PAHC12),Size,"10"" Power Assist MAXXBOX Finishing Box (PAHC10)""",MERGE → variable product,
TapeTech,Finishing Boxes,PAHC07,"7"" Power Assist MAXXBOX Finishing Box (PAHC07)",,VAR-PAHC12-GROUP,Power Assist MAXXBOX Finishing Box (PAHC12),Size,"7"" Power Assist MAXXBOX Finishing Box (PAHC07)""",MERGE → variable product,
TapeTech,Finishing Boxes,EHC10W,"10"" MAXXBOX Extra High Capacity Finishing Box w/ EasyRoll Wheels (EHC10W)",,VAR-EHC10W-GROUP,MAXXBOX Extra High Capacity Finishing Box w/ EasyRoll Wheels (EHC10W),Size,"10"" MAXXBOX Extra High Capacity Finishing Box w/ EasyRoll Wheels (EHC10W)""",MERGE → variable product,
TapeTech,Finishing Boxes,EHC12W,"12"" MAXXBOX Extra High Capacity Finishing Box w/ EasyRoll Wheels (EHC12W)",,VAR-EHC10W-GROUP,MAXXBOX Extra High Capacity Finishing Box w/ EasyRoll Wheels (EHC10W),Size,"12"" MAXXBOX Extra High Capacity Finishing Box w/ EasyRoll Wheels (EHC12W)""",MERGE → variable product,
TapeTech,Finishing Boxes,EHC07W,"7"" MAXXBOX Extra High Capacity Finishing Box w/ EasyRoll Wheels (EHC07W)",,VAR-EHC10W-GROUP,MAXXBOX Extra High Capacity Finishing Box w/ EasyRoll Wheels (EHC10W),Size,"7"" MAXXBOX Extra High Capacity Finishing Box w/ EasyRoll Wheels (EHC07W)""",MERGE → variable product,
TapeTech,Repair Kits & Parts,CT42TT,"42"" Compound Tube - Semi-Automatic (CT42TT)",,VAR-CT42TT-GROUP,Compound Tube - Semi-Automatic (CT42TT),Size,"42"" Compound Tube - Semi-Automatic (CT42TT)""",MERGE → variable product,
TapeTech,Repair Kits & Parts,CT24TT,"24"" Compound Tube - Semi-Automatic (CT24TT)",,VAR-CT42TT-GROUP,Compound Tube - Semi-Automatic (CT42TT),Size,"24"" Compound Tube - Semi-Automatic (CT24TT)""",MERGE → variable product,
TapeTech,Repair Kits & Parts,CT36TT,"36"" Compound Tube - Semi-Automatic (CT36TT)",,VAR-CT42TT-GROUP,Compound Tube - Semi-Automatic (CT42TT),Size,"36"" Compound Tube - Semi-Automatic (CT36TT)""",MERGE → variable product,
TapeTech,Repair Kits & Parts,804234,"34"" Connector Assembly (804234)",,VAR-804234-GROUP,Connector Assembly (804234),Size,"34"" Connector Assembly (804234)""",MERGE → variable product,
TapeTech,Repair Kits & Parts,804242,"42"" Connector Assembly (804242)",,VAR-804234-GROUP,Connector Assembly (804234),Size,"42"" Connector Assembly (804242)""",MERGE → variable product,
TapeTech,Repair Kits & Parts,804272,"72"" Connector Assembly (804272)",,VAR-804234-GROUP,Connector Assembly (804234),Size,"72"" Connector Assembly (804272)""",MERGE → variable product,
TapeTech,Blades & Knives,EBLADE04,TapeTech 4″ Hot Knife Blade (EBLADE04),,VAR-EBLADE04-GROUP,TapeTech ″ Hot Knife Blade (EBLADE04),Width,"TapeTech 4″ Hot Knife Blade (EBLADE04)""",MERGE → variable product,
TapeTech,Blades & Knives,EBLADE06,TapeTech 6″ Hot Knife Blade (EBLADE06),,VAR-EBLADE04-GROUP,TapeTech ″ Hot Knife Blade (EBLADE04),Width,"TapeTech 6″ Hot Knife Blade (EBLADE06)""",MERGE → variable product,
TapeTech,Blades & Knives,EBLADE08,TapeTech 8″ Hot Knife Blade (EBLADE08),,VAR-EBLADE04-GROUP,TapeTech ″ Hot Knife Blade (EBLADE04),Width,"TapeTech 8″ Hot Knife Blade (EBLADE08)""",MERGE → variable product,
TapeTech,Sanders & Poles,EALFED48,TapeTech 4′ Aluminum Featheredge (EALFED48),,VAR-EALFED48-GROUP,TapeTech ′ Aluminum Featheredge (EALFED48),Length,"TapeTech 4′ Aluminum Featheredge (EALFED48)""",MERGE → variable product,
TapeTech,Sanders & Poles,EALFED60,TapeTech 5′ Aluminum Featheredge (EALFED60),,VAR-EALFED48-GROUP,TapeTech ′ Aluminum Featheredge (EALFED48),Length,"TapeTech 5′ Aluminum Featheredge (EALFED60)""",MERGE → variable product,
TapeTech,Sanders & Poles,EALFED72,TapeTech 6′ Aluminum Featheredge (EALFED72),,VAR-EALFED48-GROUP,TapeTech ′ Aluminum Featheredge (EALFED48),Length,"TapeTech 6′ Aluminum Featheredge (EALFED72)""",MERGE → variable product,
TapeTech,Sanders & Poles,ESAND0414,TapeTech 4″ x 14″ EIFSAND Rasp (ESAND0414),,VAR-ESAND041-GROUP,TapeTech ″ x 14″ EIFSAND Rasp (ESAND0414),Length,"TapeTech 4″ x 14″ EIFSAND Rasp (ESAND0414)""",MERGE → variable product,
TapeTech,Sanders & Poles,ESAND0614,TapeTech 6″ x 14″ EIFSAND Rasp (ESAND0614),,VAR-ESAND041-GROUP,TapeTech ″ x 14″ EIFSAND Rasp (ESAND0414),Length,"TapeTech 6″ x 14″ EIFSAND Rasp (ESAND0614)""",MERGE → variable product,
TapeTech,Sanders & Poles,ESAND0814,TapeTech 8″ x 14″ EIFSAND Rasp (ESAND0814),,VAR-ESAND041-GROUP,TapeTech ″ x 14″ EIFSAND Rasp (ESAND0414),Length,"TapeTech 8″ x 14″ EIFSAND Rasp (ESAND0814)""",MERGE → variable product,
TapeTech,Sanders & Poles,ERASP0414,TapeTech 4″ x 14″ Tungsten Carbide EIFS Rasp (ERASP0414),,VAR-ERASP041-GROUP,TapeTech ″ x 14″ Tungsten Carbide EIFS Rasp (ERASP0414),Length,"TapeTech 4″ x 14″ Tungsten Carbide EIFS Rasp (ERASP0414)""",MERGE → variable product,
TapeTech,Sanders & Poles,ERASP0614,TapeTech 6″ x 14″ Tungsten Carbide EIFS Rasp (ERASP0614),,VAR-ERASP041-GROUP,TapeTech ″ x 14″ Tungsten Carbide EIFS Rasp (ERASP0414),Length,"TapeTech 6″ x 14″ Tungsten Carbide EIFS Rasp (ERASP0614)""",MERGE → variable product,
TapeTech,Sanders & Poles,ERASP0814,TapeTech 8″ x 14″ Tungsten Carbide EIFS Rasp (ERASP0814),,VAR-ERASP041-GROUP,TapeTech ″ x 14″ Tungsten Carbide EIFS Rasp (ERASP0414),Length,"TapeTech 8″ x 14″ Tungsten Carbide EIFS Rasp (ERASP0814)""",MERGE → variable product,
TapeTech,Finishing Trowels,VEIFSU01,TapeTech EIFS 1/2″ x 1/2″ x 2″ U-Notch Trowel (VEIFSU01),,VAR-VEIFSU01-GROUP,TapeTech EIFS /2″ x 1/2″ x 2″ U-Notch Trowel (VEIFSU01),Size,"TapeTech EIFS 1/2″ x 1/2″ x 2″ U-Notch Trowel (VEIFSU01)""",MERGE → variable product,
TapeTech,Finishing Trowels,VEIFSU02,TapeTech EIFS 1/4″ x 1/4″ x 1.5″ U-Notch Trowel (VEIFSU02),,VAR-VEIFSU01-GROUP,TapeTech EIFS /2″ x 1/2″ x 2″ U-Notch Trowel (VEIFSU01),Size,"TapeTech EIFS 1/4″ x 1/4″ x 1.5″ U-Notch Trowel (VEIFSU02)""",MERGE → variable product,
TapeTech,Finishing Trowels,VEIFSU03,TapeTech EIFS 3/8″ x 1/2″ x 1.5″ U-Notch Trowel (VEIFSU03),,VAR-VEIFSU01-GROUP,TapeTech EIFS /2″ x 1/2″ x 2″ U-Notch Trowel (VEIFSU01),Size,"TapeTech EIFS 3/8″ x 1/2″ x 1.5″ U-Notch Trowel (VEIFSU03)""",MERGE → variable product,
Columbia Taping Tools,Repair Kits & Parts,FA302,"Columbia 1/4-28 x 1/4"" Set Screw (FA302)",,VAR-FA302-GROUP,"Columbia /4-28 x 1/4"" Set Screw (FA302)",Size,"4-28""",SKIP (bundle/kit - keep simple),Explicitly a multi-item bundle
Columbia Taping Tools,Repair Kits & Parts,FA303,Columbia 1/4-28 x 3/8 Set Screw (FA303),1.15,VAR-FA302-GROUP,"Columbia /4-28 x 1/4"" Set Screw (FA302)",Size,"4-28""",SKIP (bundle/kit - keep simple),Explicitly a multi-item bundle
Columbia Taping Tools,Repair Kits & Parts,FA220,"Columbia 4-40 x 3/4"" Bind Head Screw (FA220)",,VAR-FA220-GROUP,"Columbia -40 x 3/4"" Bind Head Screw (FA220)",Size,"4-40""",MERGE → variable product,
Columbia Taping Tools,Repair Kits & Parts,FA222,"Columbia 5-40 x 3/8"" Bind Head Screw (FA222)",,VAR-FA220-GROUP,"Columbia -40 x 3/4"" Bind Head Screw (FA220)",Size,"5-40""",MERGE → variable product,
Columbia Taping Tools,Repair Kits & Parts,FA268,Columbia #10 Flat Washer (FA268),,VAR-FA268-GROUP,Columbia # Flat Washer (FA268),Size,"Columbia #10 Flat Washer (FA268)""",MERGE → variable product,
Columbia Taping Tools,Repair Kits & Parts,FA253,Columbia #8 Flat Washer (FA253),,VAR-FA268-GROUP,Columbia # Flat Washer (FA268),Size,"Columbia #8 Flat Washer (FA253)""",MERGE → variable product,
Columbia Taping Tools,Repair Kits & Parts,FA252,Columbia #8 Star Washer (FA252),,VAR-FA252-GROUP,Columbia # Star Washer (FA252),Size,"Columbia #8 Star Washer (FA252)""",MERGE → variable product,
Columbia Taping Tools,Repair Kits & Parts,FA227,Columbia #6 Star Washer (FA227),1.05,VAR-FA252-GROUP,Columbia # Star Washer (FA252),Size,"Columbia #6 Star Washer (FA227)""",MERGE → variable product,
Columbia Taping Tools,Repair Kits & Parts,FA379,"Columbia 1/4"" E-Clip for Matrix Handle (FA379)",,VAR-FA379-GROUP,"Columbia /4"" E-Clip for Matrix Handle (FA379)",Length,"Columbia 1/4"" E-Clip for Matrix Handle (FA379)""",MERGE → variable product,
Columbia Taping Tools,Repair Kits & Parts,FA380,"Columbia 1/8"" E-Clip for Matrix Handle (FA380)",,VAR-FA379-GROUP,"Columbia /4"" E-Clip for Matrix Handle (FA379)",Length,"Columbia 1/8"" E-Clip for Matrix Handle (FA380)""",MERGE → variable product,
Columbia Taping Tools,Repair Kits & Parts,FA292,Columbia 1/4-20 Nyloc Jam Nut (FA292),,VAR-FA292-GROUP,Columbia /4-20 Nyloc Jam Nut (FA292),Size,"4-20""",MERGE → variable product,
Columbia Taping Tools,Repair Kits & Parts,FA313,Columbia 5/16-18 Nyloc Jam Nut (FA313),1.15,VAR-FA292-GROUP,Columbia /4-20 Nyloc Jam Nut (FA292),Size,"16-18""",MERGE → variable product,
Columbia Taping Tools,Repair Kits & Parts,FA290,Columbia 1/4-20 Nyloc Nut (FA290),,VAR-FA290-GROUP,Columbia /4-20 Nyloc Nut (FA290),Size,"4-20""",MERGE → variable product,
Columbia Taping Tools,Repair Kits & Parts,FA358,Columbia 3/8-16 Nyloc Nut (FA358),1.15,VAR-FA290-GROUP,Columbia /4-20 Nyloc Nut (FA290),Size,"8-16""",MERGE → variable product,
Columbia Taping Tools,Repair Kits & Parts,FA300,"Columbia 1/4-20 x 2"" Hex Bolt (FA300)",,VAR-FA300-GROUP,"Columbia /4-20 x 2"" Hex Bolt (FA300)",Size,"4-20""",MERGE → variable product,
Columbia Taping Tools,Repair Kits & Parts,FA526,Columbia 3/8-16 x 1 Hex Bolt (FA526),2.15,VAR-FA300-GROUP,"Columbia /4-20 x 2"" Hex Bolt (FA300)",Size,"8-16""",MERGE → variable product,
Columbia Taping Tools,Repair Kits & Parts,10ITFB,"Columbia 10"" Inside Track Fat Boy Flat Box (10ITFB)",448.82,VAR-10ITFB-GROUP,Columbia Inside Track Fat Boy Flat Box (10ITFB),Size,"Columbia 10"" Inside Track Fat Boy Flat Box (10ITFB)""",MERGE → variable product,
Columbia Taping Tools,Repair Kits & Parts,8ITFB,"Columbia 8"" Inside Track Fat Boy Flat Box (8ITFB)",443.42,VAR-10ITFB-GROUP,Columbia Inside Track Fat Boy Flat Box (10ITFB),Size,"Columbia 8"" Inside Track Fat Boy Flat Box (8ITFB)""",MERGE → variable product,
Columbia Taping Tools,Repair Kits & Parts,FA274,"Columbia 10-24 x 3/8"" Socket Hd Screw (FA274)",,VAR-FA274-GROUP,"Columbia -24 x 3/8"" Socket Hd Screw (FA274)",Size,"10-24""",MERGE → variable product,
Columbia Taping Tools,Repair Kits & Parts,FA261,"Columbia 8-32 x 3/8"" Socket Hd Screw (FA261)",,VAR-FA274-GROUP,"Columbia -24 x 3/8"" Socket Hd Screw (FA274)",Size,"8-32""",MERGE → variable product,
Columbia Taping Tools,Repair Kits & Parts,12FBBA,"Columbia 12"" Fat Boy Automatic Assist Drywall Flat Box (12FBBA)",502.90,VAR-12FBBA-GROUP,Columbia Fat Boy Automatic Assist Drywall Flat Box (12FBBA),Size,"Columbia 12"" Fat Boy Automatic Assist Drywall Flat Box (12FBBA)""",MERGE → variable product,
Columbia Taping Tools,Repair Kits & Parts,8FBBA,"Columbia 8"" Fat Boy Automatic Assist Drywall Flat Box (8FBBA)",481.27,VAR-12FBBA-GROUP,Columbia Fat Boy Automatic Assist Drywall Flat Box (12FBBA),Size,"Columbia 8"" Fat Boy Automatic Assist Drywall Flat Box (8FBBA)""",MERGE → variable product,
Columbia Taping Tools,Repair Kits & Parts,CTK12,"Columbia 12"" Stainless Steel Comfort Grip Taping Knife (CTK12)",,VAR-CTK12-GROUP,Columbia Stainless Steel Comfort Grip Taping Knife (CTK12),Width,"Columbia 12"" Stainless Steel Comfort Grip Taping Knife (CTK12)""",MERGE → variable product,
Columbia Taping Tools,Repair Kits & Parts,CTK8,"Columbia 8"" Stainless Steel Comfort Grip Taping Knife (CTK8)",,VAR-CTK12-GROUP,Columbia Stainless Steel Comfort Grip Taping Knife (CTK12),Width,"Columbia 8"" Stainless Steel Comfort Grip Taping Knife (CTK8)""",MERGE → variable product,
Columbia Taping Tools,Repair Kits & Parts,C14MPX6,"Columbia 14"" Mud Pan with Magnetic Grip (C14MPX6)",26.65,VAR-C14MPX6-GROUP,Columbia Mud Pan with Magnetic Grip (C14MPX6),Size,"Columbia 14"" Mud Pan with Magnetic Grip (C14MPX6)""",MERGE → variable product,
Columbia Taping Tools,Repair Kits & Parts,C16MPX6,"Columbia 16"" Mud Pan with Magnetic Grip (C16MPX6)",27.48,VAR-C14MPX6-GROUP,Columbia Mud Pan with Magnetic Grip (C14MPX6),Size,"Columbia 16"" Mud Pan with Magnetic Grip (C16MPX6)""",MERGE → variable product,
Columbia Taping Tools,Repair Kits & Parts,AH32,"Columbia 2"" Angle Head Carbide Blade (AH32)",,VAR-AH32-GROUP,Columbia Angle Head Carbide Blade (AH32),Size,"Columbia 2"" Angle Head Carbide Blade (AH32)""",MERGE → variable product,
Columbia Taping Tools,Repair Kits & Parts,AH33,"Columbia 3"" Angle Head Carbide Blade (AH33)",,VAR-AH32-GROUP,Columbia Angle Head Carbide Blade (AH32),Size,"Columbia 3"" Angle Head Carbide Blade (AH33)""",MERGE → variable product,
Columbia Taping Tools,Repair Kits & Parts,AHRBK25,"Columbia 2.5"" Anglehead Blade Maintenance Kit (AHRBK25)",,VAR-AHRBK25-GROUP,Columbia Anglehead Blade Maintenance Kit (AHRBK25),Size,"Columbia 2.5"" Anglehead Blade Maintenance Kit (AHRBK25)""",SKIP (bundle/kit - keep simple),Explicitly a multi-item bundle
Columbia Taping Tools,Repair Kits & Parts,AHRBK35,"Columbia 3.5"" Anglehead Blade Maintenance Kit (AHRBK35)",,VAR-AHRBK25-GROUP,Columbia Anglehead Blade Maintenance Kit (AHRBK25),Size,"Columbia 3.5"" Anglehead Blade Maintenance Kit (AHRBK35)""",SKIP (bundle/kit - keep simple),Explicitly a multi-item bundle
Columbia Taping Tools,Repair Kits & Parts,2.5DF,"Columbia 2.5"" Direct Drywall Corner Flusher (2.5DF)",127.62,VAR-2.5DF-GROUP,Columbia Direct Drywall Corner Flusher (2.5DF),Size,"Columbia 2.5"" Direct Drywall Corner Flusher (2.5DF)""",MERGE → variable product,
Columbia Taping Tools,Repair Kits & Parts,3DF,"Columbia 3"" Direct Drywall Corner Flusher (3DF)",133.02,VAR-2.5DF-GROUP,Columbia Direct Drywall Corner Flusher (2.5DF),Size,"Columbia 3"" Direct Drywall Corner Flusher (3DF)""",MERGE → variable product,
Columbia Taping Tools,Repair Kits & Parts,FA208,"Columbia 4-40 x 1/8"" Binder Slot (FA208)",,VAR-FA208-GROUP,"Columbia -40 x 1/8"" Binder Slot (FA208)",Size,"4-40""",MERGE → variable product,
Columbia Taping Tools,Repair Kits & Parts,FA215,Columbia 4-40 x 5/16 Binder Slot (FA215),,VAR-FA208-GROUP,"Columbia -40 x 1/8"" Binder Slot (FA208)",Size,"4-40""",MERGE → variable product,
Columbia Taping Tools,Repair Kits & Parts,5.5FFB,"Columbia 5.5"" Drywall Flat Finisher Box (5.5FFB)",367.71,VAR-5.5FFB-GROUP,Columbia Drywall Flat Finisher Box (5.5FFB),Size,"Columbia 5.5"" Drywall Flat Finisher Box (5.5FFB)""",MERGE → variable product,
Columbia Taping Tools,Repair Kits & Parts,8FFB,"Columbia 8"" Drywall Flat Finisher Box (8FFB)",389.34,VAR-5.5FFB-GROUP,Columbia Drywall Flat Finisher Box (5.5FFB),Size,"Columbia 8"" Drywall Flat Finisher Box (8FFB)""",MERGE → variable product,
Columbia Taping Tools,Repair Kits & Parts,501C55,"Columbia 5.5"" Flat Box Blade Kit - 3 Blades, 2 Sets of Skid Covers (501C55)",,VAR-501C55-GROUP,"Columbia Flat Box Blade Kit - 3 Blades, 2 Sets of Skid Covers (501C55)",Size,"Columbia 5.5"" Flat Box Blade Kit - 3 Blades, 2 Sets of Skid Covers (501C55)""",SKIP (bundle/kit - keep simple),Explicitly a multi-item bundle
Columbia Taping Tools,Repair Kits & Parts,501C8,"Columbia 8"" Flat Box Blade Kit - 3 Blades, 2 Sets of Skid Covers (501C8)",,VAR-501C55-GROUP,"Columbia Flat Box Blade Kit - 3 Blades, 2 Sets of Skid Covers (501C55)",Size,"Columbia 8"" Flat Box Blade Kit - 3 Blades, 2 Sets of Skid Covers (501C8)""",SKIP (bundle/kit - keep simple),Explicitly a multi-item bundle
Columbia Taping Tools,Repair Kits & Parts,CFB47,"Columbia 7"" Pressure Door (CFB47)",,VAR-CFB47-GROUP,Columbia Pressure Door (CFB47),Size,"Columbia 7"" Pressure Door (CFB47)""",MERGE → variable product,
Columbia Taping Tools,Repair Kits & Parts,CFB48,"Columbia 8"" Pressure Door (CFB48)",,VAR-CFB47-GROUP,Columbia Pressure Door (CFB47),Size,"Columbia 8"" Pressure Door (CFB48)""",MERGE → variable product,
Columbia Taping Tools,Repair Kits & Parts,7CFB,"Columbia 7"" ThrottleBox Angle Box (7CFB)",313.64,VAR-7CFB-GROUP,Columbia ThrottleBox Angle Box (7CFB),Size,"Columbia 7"" ThrottleBox Angle Box (7CFB)""",MERGE → variable product,
Columbia Taping Tools,Repair Kits & Parts,8CFB,"Columbia 8"" ThrottleBox Angle Box (8CFB)",324.45,VAR-7CFB-GROUP,Columbia ThrottleBox Angle Box (7CFB),Size,"Columbia 8"" ThrottleBox Angle Box (8CFB)""",MERGE → variable product,
Columbia Taping Tools,Repair Kits & Parts,ICA2-1,Columbia Inside Corner Applicator 2 Wheels (ICA2-1),68.13,VAR-ICA2-1-GROUP,Columbia Inside Corner Applicator Wheels (ICA2-1),Size,"Columbia Inside Corner Applicator 2 Wheels (ICA2-1)""",MERGE → variable product,
Columbia Taping Tools,Repair Kits & Parts,ICA4-1,Columbia Inside Corner Applicator 4 Wheels (ICA4-1),85.44,VAR-ICA2-1-GROUP,Columbia Inside Corner Applicator Wheels (ICA2-1),Size,"Columbia Inside Corner Applicator 4 Wheels (ICA4-1)""",MERGE → variable product,
Columbia Taping Tools,Repair Kits & Parts,CT-122A,Columbia Taper Strap (CT-122A),,VAR-CT-122A-GROUP,Columbia Taper Strap (CT- A),Size,"Columbia Taper Strap (CT-122A)""",MERGE → variable product,
Columbia Taping Tools,Repair Kits & Parts,CT-116A,Columbia Taper Strap (CT-116A),,VAR-CT-122A-GROUP,Columbia Taper Strap (CT- A),Size,"Columbia Taper Strap (CT-116A)""",MERGE → variable product,
Columbia Taping Tools,Repair Kits & Parts,HFFB5-10,"Columbia Flat Box Axle 10"" (HFFB5-10)",,VAR-HFFB5-10-GROUP,Columbia Flat Box Axle (HFFB5-10),Size,"Columbia Flat Box Axle 10"" (HFFB5-10)""",MERGE → variable product,
Columbia Taping Tools,Repair Kits & Parts,HFFB5-12,"Columbia Flat Box Axle 12"" (HFFB5-12)",,VAR-HFFB5-10-GROUP,Columbia Flat Box Axle (HFFB5-10),Size,"Columbia Flat Box Axle 12"" (HFFB5-12)""",MERGE → variable product,
Columbia Taping Tools,Repair Kits & Parts,FFB-25-10,"Columbia Flat Box Rubber Gasket Retainer 10"" (FFB-25-10)",,VAR-FFB-25-1-GROUP,Columbia Flat Box Rubber Gasket Retainer (FFB-25-10),Size,"25-10""",MERGE → variable product,
Columbia Taping Tools,Repair Kits & Parts,FFB-25-12,"Columbia Flat Box Rubber Gasket Retainer 12"" (FFB-25-12)",,VAR-FFB-25-1-GROUP,Columbia Flat Box Rubber Gasket Retainer (FFB-25-10),Size,"25-12""",MERGE → variable product,
Columbia Taping Tools,Repair Kits & Parts,NS7-2,"Columbia Nail Spotter 2"" Nail Spotter Blade (NS7-2)",,VAR-NS7-2-GROUP,Columbia Nail Spotter Nail Spotter Blade (NS7-2),Width,"Columbia Nail Spotter 2"" Nail Spotter Blade (NS7-2)""",MERGE → variable product,
Columbia Taping Tools,Repair Kits & Parts,NS7-3,"Columbia Nail Spotter 3"" Nail Spotter Blade (NS7-3)",,VAR-NS7-2-GROUP,Columbia Nail Spotter Nail Spotter Blade (NS7-2),Width,"Columbia Nail Spotter 3"" Nail Spotter Blade (NS7-3)""",MERGE → variable product,
Columbia Taping Tools,Repair Kits & Parts,NS8-2,"Columbia Nail Spotter Shoe 2"" (NS8-2)",,VAR-NS8-2-GROUP,Columbia Nail Spotter Shoe (NS8-2),Size,"Columbia Nail Spotter Shoe 2"" (NS8-2)""",MERGE → variable product,
Columbia Taping Tools,Repair Kits & Parts,NS8-3,"Columbia Nail Spotter Shoe 3"" (NS8-3)",,VAR-NS8-2-GROUP,Columbia Nail Spotter Shoe (NS8-2),Size,"Columbia Nail Spotter Shoe 3"" (NS8-3)""",MERGE → variable product,
Columbia Taping Tools,Repair Kits & Parts,CMT1-32,"Barrel Main Body 32"" (CMT1-32)",119.24,VAR-CMT1-32-GROUP,Barrel Main Body (CMT1-32),Size,"Barrel Main Body 32"" (CMT1-32)""",MERGE → variable product,
Columbia Taping Tools,Repair Kits & Parts,CMT1-24,"Barrel Main Body 24"" (CMT1-24)",89.24,VAR-CMT1-32-GROUP,Barrel Main Body (CMT1-32),Size,"Barrel Main Body 24"" (CMT1-24)""",MERGE → variable product,
Columbia Taping Tools,Repair Kits & Parts,CF5-3.5,"Tension Spring 3.5"" - Flusher (CF5-3.5)",8.65,VAR-CF5-3.5-GROUP,Tension Spring - Flusher (CF5-3.5),Size,"Tension Spring 3.5"" - Flusher (CF5-3.5)""",MERGE → variable product,
Columbia Taping Tools,Repair Kits & Parts,CF5-3,"Tension Spring 3"" - Flusher (CF5-3)",8.65,VAR-CF5-3.5-GROUP,Tension Spring - Flusher (CF5-3.5),Size,"Tension Spring 3"" - Flusher (CF5-3)""",MERGE → variable product,
Columbia Taping Tools,Repair Kits & Parts,HNS19-3”,"Triangle Shoe 3"" (HNS19-3”)",20.44,VAR-HNS19-3”-GROUP,Triangle Shoe (HNS19-3”),Size,"Triangle Shoe 3"" (HNS19-3”)""",MERGE → variable product,
Columbia Taping Tools,Repair Kits & Parts,HNS19-2”,"Triangle Shoe 2"" (HNS19-2”)",19.22,VAR-HNS19-3”-GROUP,Triangle Shoe (HNS19-3”),Size,"Triangle Shoe 2"" (HNS19-2”)""",MERGE → variable product,
Columbia Taping Tools,Repair Kits & Parts,HNS15-3”,"Door Gasket 3"" (HNS15-3”)",43.74,VAR-HNS15-3”-GROUP,Door Gasket (HNS15-3”),Size,"Door Gasket 3"" (HNS15-3”)""",MERGE → variable product,
Columbia Taping Tools,Repair Kits & Parts,HNS15-2”,"Door Gasket 2"" (HNS15-2”)",43.74,VAR-HNS15-3”-GROUP,Door Gasket (HNS15-3”),Size,"Door Gasket 2"" (HNS15-2”)""",MERGE → variable product,
Columbia Taping Tools,Repair Kits & Parts,"HNS3A-3""","Sideplate Left 3"" (HNS3A-3"")",38.54,"VAR-HNS3A-3""-GROUP","Sideplate Left (HNS3A-3"")",Size,"Sideplate Left 3"" (HNS3A-3"")""",MERGE → variable product,
Columbia Taping Tools,Repair Kits & Parts,"HNS3A-2""","Sideplate Left 2"" (HNS3A-2"")",38.54,"VAR-HNS3A-3""-GROUP","Sideplate Left (HNS3A-3"")",Size,"Sideplate Left 2"" (HNS3A-2"")""",MERGE → variable product,
Columbia Taping Tools,Repair Kits & Parts,"HNS3-3""","Sideplate Right 3"" (HNS3-3"")",38.54,"VAR-HNS3-3""-GROUP","Sideplate Right (HNS3-3"")",Size,"Sideplate Right 3"" (HNS3-3"")""",MERGE → variable product,
Columbia Taping Tools,Repair Kits & Parts,"HNS3-2""","Sideplate Right 2"" (HNS3-2"")",38.54,"VAR-HNS3-3""-GROUP","Sideplate Right (HNS3-3"")",Size,"Sideplate Right 2"" (HNS3-2"")""",MERGE → variable product,
Columbia Taping Tools,Repair Kits & Parts,"HNS1A-3""","Mud Seal Strip 3"" (HNS1A-3"")",10.18,"VAR-HNS1A-3""-GROUP","Mud Seal Strip (HNS1A-3"")",Size,"Mud Seal Strip 3"" (HNS1A-3"")""",MERGE → variable product,
Columbia Taping Tools,Repair Kits & Parts,"HNS1A-2""","Mud Seal Strip 2"" (HNS1A-2"")",5.38,"VAR-HNS1A-3""-GROUP","Mud Seal Strip (HNS1A-3"")",Size,"Mud Seal Strip 2"" (HNS1A-2"")""",MERGE → variable product,
Columbia Taping Tools,Repair Kits & Parts,FA283,"4-40 x 3/4"" Hex Bolt (FA283)",1.05,VAR-FA283-GROUP,"-40 x 3/4"" Hex Bolt (FA283)",Size,"4-40""",MERGE → variable product,
Columbia Taping Tools,Repair Kits & Parts,FA364,8-32 x 5/8 Hex Bolt (FA364),1.05,VAR-FA283-GROUP,"-40 x 3/4"" Hex Bolt (FA283)",Size,"8-32""",MERGE → variable product,
Columbia Taping Tools,Repair Kits & Parts,NS3-2,"Door 2"" (NS3-2)",66.32,VAR-NS3-2-GROUP,Door (NS3-2),Size,"Door 2"" (NS3-2)""",MERGE → variable product,
Columbia Taping Tools,Repair Kits & Parts,NS3-3,"Door 3"" (NS3-3)",66.32,VAR-NS3-2-GROUP,Door (NS3-2),Size,"Door 3"" (NS3-3)""",MERGE → variable product,
Columbia Taping Tools,Repair Kits & Parts,HFFB5-8,"Axle 8"" (HFFB5-8)",51.18,VAR-HFFB5-8-GROUP,Axle (HFFB5-8),Size,"Axle 8"" (HFFB5-8)""",MERGE → variable product,
Columbia Taping Tools,Repair Kits & Parts,HFFB5-7,"Axle 7"" (HFFB5-7)",51.18,VAR-HFFB5-8-GROUP,Axle (HFFB5-8),Size,"Axle 7"" (HFFB5-7)""",MERGE → variable product,
Columbia Taping Tools,Repair Kits & Parts,FFB4-8,"Door 8"" (FFB4-8)",51.18,VAR-FFB4-8-GROUP,Door (FFB4-8),Size,"Door 8"" (FFB4-8)""",MERGE → variable product,
Columbia Taping Tools,Repair Kits & Parts,FFB4-7,"Door 7"" (FFB4-7)",51.18,VAR-FFB4-8-GROUP,Door (FFB4-8),Size,"Door 7"" (FFB4-7)""",MERGE → variable product,
Columbia Taping Tools,Repair Kits & Parts,FFB1-10-FAT,"Rear Plate 10"" Fat Boy (FFB1-10-FAT)",69.62,VAR-FFB1-10-GROUP,Rear Plate Fat Boy (FFB1-10-FAT),Size,"Rear Plate 10"" Fat Boy (FFB1-10-FAT)""",MERGE → variable product,
Columbia Taping Tools,Repair Kits & Parts,FFB1-8-FAT,"Rear Plate 8"" Fat Boy (FFB1-8-FAT)",75.30,VAR-FFB1-10-GROUP,Rear Plate Fat Boy (FFB1-10-FAT),Size,"Rear Plate 8"" Fat Boy (FFB1-8-FAT)""",MERGE → variable product,
Columbia Taping Tools,Repair Kits & Parts,NS9-3,"Hinge 3"" (NS9-3)",33.16,VAR-NS9-3-GROUP,Hinge (NS9-3),Size,"Hinge 3"" (NS9-3)""",MERGE → variable product,
Columbia Taping Tools,Repair Kits & Parts,NS9-2,"Hinge 2"" (NS9-2)",33.16,VAR-NS9-3-GROUP,Hinge (NS9-3),Size,"Hinge 2"" (NS9-2)""",MERGE → variable product,
Columbia Taping Tools,Repair Kits & Parts,HNS7-3,"3"" Nail Spotter Blade (HNS7-3)",26.90,VAR-HNS7-3-GROUP,Nail Spotter Blade (HNS7-3),Width,"3"" Nail Spotter Blade (HNS7-3)""",MERGE → variable product,
Columbia Taping Tools,Repair Kits & Parts,HNS7-2,"2"" Nail Spotter Blade (HNS7-2)",26.90,VAR-HNS7-3-GROUP,Nail Spotter Blade (HNS7-3),Width,"2"" Nail Spotter Blade (HNS7-2)""",MERGE → variable product,
Columbia Taping Tools,Repair Kits & Parts,NS6-3,"Blade Holder 3"" (NS6-3)",39.80,VAR-NS6-3-GROUP,Blade Holder (NS6-3),Width,"Blade Holder 3"" (NS6-3)""",MERGE → variable product,
Columbia Taping Tools,Repair Kits & Parts,NS6-2,"Blade Holder 2"" (NS6-2)",39.80,VAR-NS6-3-GROUP,Blade Holder (NS6-3),Width,"Blade Holder 2"" (NS6-2)""",MERGE → variable product,
Columbia Taping Tools,Repair Kits & Parts,NS1-3,"Main Body 3"" (NS1-3)",132.64,VAR-NS1-3-GROUP,Main Body (NS1-3),Size,"Main Body 3"" (NS1-3)""",MERGE → variable product,
Columbia Taping Tools,Repair Kits & Parts,NS1-2,"Main Body 2"" (NS1-2)",132.64,VAR-NS1-3-GROUP,Main Body (NS1-3),Size,"Main Body 2"" (NS1-2)""",MERGE → variable product,
Columbia Taping Tools,Repair Kits & Parts,CFB1-7,"Rear Plate 7"" (CFB1-7)",95.06,VAR-CFB1-7-GROUP,Rear Plate (CFB1-7),Size,"Rear Plate 7"" (CFB1-7)""",MERGE → variable product,
Columbia Taping Tools,Repair Kits & Parts,CFB1-8,"Rear Plate 8"" (CFB1-8)",95.06,VAR-CFB1-7-GROUP,Rear Plate (CFB1-7),Size,"Rear Plate 8"" (CFB1-8)""",MERGE → variable product,
Columbia Taping Tools,Repair Kits & Parts,AHA2-3.5R,"Right Frame Sub-Assembly 3-1/2"" (AHA2-3.5R)",116.96,VAR-AHA2-3.5-GROUP,"Right Frame Sub-Assembly -1/2"" (AHA2-3.5R)",Size,"3-1""",MERGE → variable product,
Columbia Taping Tools,Repair Kits & Parts,AHA2-2.5R,"Right Frame Sub-Assembly 2-1/2"" (AHA2-2.5R)",116.96,VAR-AHA2-3.5-GROUP,"Right Frame Sub-Assembly -1/2"" (AHA2-3.5R)",Size,"2-1""",MERGE → variable product,
Columbia Taping Tools,Repair Kits & Parts,AHA2-3L,"Left Frame Sub-Assembly 3"" (AHA2-3L)",116.96,VAR-AHA2-3L-GROUP,Left Frame Sub-Assembly (AHA2-3L),Size,"Left Frame Sub-Assembly 3"" (AHA2-3L)""",MERGE → variable product,
Columbia Taping Tools,Repair Kits & Parts,AHA2-2L,"Left Frame Sub-Assembly 2"" (AHA2-2L)",116.96,VAR-AHA2-3L-GROUP,Left Frame Sub-Assembly (AHA2-3L),Size,"Left Frame Sub-Assembly 2"" (AHA2-2L)""",MERGE → variable product,
Columbia Taping Tools,Repair Kits & Parts,AH3-3.5,"Carbide Blade 3-1/2"" (AH3-3.5)",36.34,VAR-AH3-3.5-GROUP,"Carbide Blade -1/2"" (AH3-3.5)",Width,"3-1""",MERGE → variable product,
Columbia Taping Tools,Repair Kits & Parts,AH3-2.5,"Carbide Blade 2-1/2"" (AH3-2.5)",36.34,VAR-AH3-3.5-GROUP,"Carbide Blade -1/2"" (AH3-3.5)",Width,"2-1""",MERGE → variable product,
Columbia Taping Tools,Repair Kits & Parts,AH1-3.5,"Head Casting 3-1/2"" (AH1-3.5)",175.48,VAR-AH1-3.5-GROUP,"Head Casting -1/2"" (AH1-3.5)",Size,"3-1""",MERGE → variable product,
Columbia Taping Tools,Repair Kits & Parts,AH1-2.5,"Head Casting 2-1/2"" (AH1-2.5)",175.48,VAR-AH1-3.5-GROUP,"Head Casting -1/2"" (AH1-3.5)",Size,"2-1""",MERGE → variable product,
Columbia Taping Tools,Repair Kits & Parts,CFB3-8,"Side Plate 8"" (CFB3-8)",43.84,VAR-CFB3-8-GROUP,Side Plate (CFB3-8),Size,"Side Plate 8"" (CFB3-8)""",MERGE → variable product,
Columbia Taping Tools,Repair Kits & Parts,CFB3-7,"Side Plate 7"" (CFB3-7)",43.84,VAR-CFB3-8-GROUP,Side Plate (CFB3-8),Size,"Side Plate 7"" (CFB3-7)""",MERGE → variable product,
Columbia Taping Tools,Repair Kits & Parts,COL2.5CSF,"2.5"" Combo Flusher (COL2.5CSF)",163.99,VAR-COL2.5CS-GROUP,Combo Flusher (COL2.5CSF),Size,"2.5"" Combo Flusher (COL2.5CSF)""",SKIP (bundle/kit - keep simple),Explicitly a multi-item bundle
Columbia Taping Tools,Repair Kits & Parts,COL3CSF,"3"" Combo Flusher (COL3CSF)",168.99,VAR-COL2.5CS-GROUP,Combo Flusher (COL2.5CSF),Size,"3"" Combo Flusher (COL3CSF)""",SKIP (bundle/kit - keep simple),Explicitly a multi-item bundle
Columbia Taping Tools,Repair Kits & Parts,BH8-3,"3 ft Box Handle 8"" (BH8-3)",95.00,VAR-BH8-3-GROUP,"ft Box Handle 8"" (BH8-3)",Size,"3 ft Box Handle 8"" (BH8-3)""",MERGE → variable product,
Columbia Taping Tools,Repair Kits & Parts,BH9-3,"3 ft Box Handle 9"" (BH9-3)",98.00,VAR-BH8-3-GROUP,"ft Box Handle 8"" (BH8-3)",Size,"3 ft Box Handle 9"" (BH9-3)""",MERGE → variable product,
Columbia Taping Tools,Repair Kits & Parts,FA272,6-32 x 3/8 Set Screw (FA272),1.10,VAR-FA272-GROUP,-32 x 3/8 Set Screw (FA272),Size,"6-32""",SKIP (bundle/kit - keep simple),Explicitly a multi-item bundle
Columbia Taping Tools,Repair Kits & Parts,FA324,10-24 x 1/4 Set Screw (FA324),2.15,VAR-FA272-GROUP,-32 x 3/8 Set Screw (FA272),Size,"10-24""",SKIP (bundle/kit - keep simple),Explicitly a multi-item bundle
Columbia Taping Tools,Repair Kits & Parts,FAZ14,Columbia Predator Taper 4-40 x 3/8 Hex Bolt (FAZ14),1.20,VAR-FAZ14-GROUP,Columbia Predator Taper -40 x 3/8 Hex Bolt (FAZ14),Size,"4-40""",MERGE → variable product,
Columbia Taping Tools,Repair Kits & Parts,FAZ20,Columbia Predator Taper 6-32 x 3/4 Hex Bolt (FAZ20),1.20,VAR-FAZ14-GROUP,Columbia Predator Taper -40 x 3/8 Hex Bolt (FAZ14),Size,"6-32""",MERGE → variable product,
Columbia Taping Tools,Repair Kits & Parts,FAJ144,Columbia Predator Joint Fastener 14-4 (FAJ144),2.50,VAR-FAJ144-GROUP,Columbia Predator Joint Fastener -4 (FAJ144),Size,"14-4""",MERGE → variable product,
Columbia Taping Tools,Repair Kits & Parts,FAJ706,Columbia Predator Joint Fastener 70-6 (FAJ706),2.50,VAR-FAJ144-GROUP,Columbia Predator Joint Fastener -4 (FAJ144),Size,"70-6""",MERGE → variable product,
Columbia Taping Tools,Repair Kits & Parts,FA20A,Columbia 4-40 x 3/16 Flat Head Screw (FA20A),1.05,VAR-FA20A-GROUP,Columbia -40 x 3/16 Flat Head Screw (FA20A),Size,"4-40""",MERGE → variable product,
Columbia Taping Tools,Repair Kits & Parts,FA21A,Columbia 4-40 x 1/4 Flat Head Screw (FA21A),1.05,VAR-FA20A-GROUP,Columbia -40 x 3/16 Flat Head Screw (FA20A),Size,"4-40""",MERGE → variable product,
Columbia Taping Tools,Repair Kits & Parts,FA260,Columbia 8-32 x 3/4 Socket Head Screw (FA260),1.10,VAR-FA260-GROUP,Columbia -32 x 3/4 Socket Head Screw (FA260),Size,"8-32""",MERGE → variable product,
Columbia Taping Tools,Repair Kits & Parts,FA376,Columbia 6-32 x 5/8 Socket Head Screw (FA376),1.10,VAR-FA260-GROUP,Columbia -32 x 3/4 Socket Head Screw (FA260),Size,"6-32""",MERGE → variable product,
Columbia Taping Tools,Repair Kits & Parts,FA311,Columbia 5/16-18 Hex Nut (FA311),1.05,VAR-FA311-GROUP,Columbia /16-18 Hex Nut (FA311),Size,"16-18""",MERGE → variable product,
Columbia Taping Tools,Repair Kits & Parts,FA319,Columbia 3/8-16 Hex Nut (FA319),1.05,VAR-FA311-GROUP,Columbia /16-18 Hex Nut (FA311),Size,"8-16""",MERGE → variable product,
Columbia Taping Tools,Repair Kits & Parts,FA345,Columbia 1/4 x 1/4 Roll Pin (FA345),1.05,VAR-FA345-GROUP,Columbia /4 x 1/4 Roll Pin (FA345),Size,"Columbia 1/4 x 1/4 Roll Pin (FA345)""",MERGE → variable product,
Columbia Taping Tools,Repair Kits & Parts,FA359,Columbia 3/8 x 1/2 Roll Pin (FA359),1.05,VAR-FA345-GROUP,Columbia /4 x 1/4 Roll Pin (FA345),Size,"Columbia 3/8 x 1/2 Roll Pin (FA359)""",MERGE → variable product,
Columbia Taping Tools,Repair Kits & Parts,FA355,Columbia 3/8-16 x 5/8 Flat Head Screw (FA355),1.25,VAR-FA355-GROUP,Columbia /8-16 x 5/8 Flat Head Screw (FA355),Size,"8-16""",MERGE → variable product,
Columbia Taping Tools,Repair Kits & Parts,FA383,Columbia 1/4-20 x 3/8 Flat Head Screw (FA383),1.25,VAR-FA355-GROUP,Columbia /8-16 x 5/8 Flat Head Screw (FA355),Size,"4-20""",MERGE → variable product,
Platinum Drywall Tools,Spotters,PT-2NS,"Platinum 2"" Nail Spotter (PT-2NS)",160.00,VAR-PT-2NS-GROUP,Platinum Nail Spotter (PT-2NS),Size,"Platinum 2"" Nail Spotter (PT-2NS)""",MERGE → variable product,
Platinum Drywall Tools,Spotters,PT-3NS,"Platinum 3"" Nail Spotter (PT-3NS)",160.00,VAR-PT-2NS-GROUP,Platinum Nail Spotter (PT-2NS),Size,"Platinum 3"" Nail Spotter (PT-3NS)""",MERGE → variable product,
Platinum Drywall Tools,Corner & Angle Tools,PT-2.5CF,"Platinum Corner Flusher 2.5"" (PT-2.5CF)",75.00,VAR-PT-2.5CF-GROUP,Platinum Corner Flusher (PT-2.5CF),Size,"Platinum Corner Flusher 2.5"" (PT-2.5CF)""",MERGE → variable product,
Platinum Drywall Tools,Corner & Angle Tools,PT-3.5CF,Platinum 3.5 Corner Flusher (PT-3.5CF),80.00,VAR-PT-2.5CF-GROUP,Platinum Corner Flusher (PT-2.5CF),Size,"Platinum 3.5 Corner Flusher (PT-3.5CF)""",MERGE → variable product,
TapeTech,Blades & Knives,TK10BSTT,"TapeTech 10"" Premium Blue Steel Taping Knife (TK10BSTT)",,VAR-TK10BSTT-GROUP,TapeTech Premium Blue Steel Taping Knife (TK10BSTT),Width,"TapeTech 10"" Premium Blue Steel Taping Knife (TK10BSTT)""",MERGE → variable product,
TapeTech,Blades & Knives,TK08BSTT,"TapeTech 8"" Premium Blue Steel Taping Knife (TK08BSTT)",,VAR-TK10BSTT-GROUP,TapeTech Premium Blue Steel Taping Knife (TK10BSTT),Width,"TapeTech 8"" Premium Blue Steel Taping Knife (TK08BSTT)""",MERGE → variable product,
TapeTech,Repair Kits & Parts,300026F,"12"" TapeTech Flat Box Wiper (300026F)",,VAR-300026F-GROUP,TapeTech Flat Box Wiper (300026F),Size,"12"" TapeTech Flat Box Wiper (300026F)""",MERGE → variable product,
TapeTech,Repair Kits & Parts,200026F,"7"" TapeTech Flat Box Wiper (200026F)",,VAR-300026F-GROUP,TapeTech Flat Box Wiper (300026F),Size,"7"" TapeTech Flat Box Wiper (200026F)""",MERGE → variable product,
TapeTech,Finishing Boxes,NS03TT,"3"" TapeTech EasyClean Nail Spotter (NS03TT)",,VAR-NS03TT-GROUP,TapeTech EasyClean Nail Spotter (NS03TT),Size,"3"" TapeTech EasyClean Nail Spotter (NS03TT)""",MERGE → variable product,
TapeTech,Finishing Boxes,NS02TT,"2"" TapeTech EasyClean Nail Spotter (NS02TT)",,VAR-NS03TT-GROUP,TapeTech EasyClean Nail Spotter (NS03TT),Size,"2"" TapeTech EasyClean Nail Spotter (NS02TT)""",MERGE → variable product,
TapeTech,Tools,MP12TT,"TapeTech 12"" Premium Mud Pan (MP12TT)",,VAR-MP12TT-GROUP,TapeTech Premium Mud Pan (MP12TT),Size,"TapeTech 12"" Premium Mud Pan (MP12TT)""",MERGE → variable product,
TapeTech,Tools,MP14TT,"TapeTech 14"" Premium Mud Pan (MP14TT)",,VAR-MP12TT-GROUP,TapeTech Premium Mud Pan (MP12TT),Size,"TapeTech 14"" Premium Mud Pan (MP14TT)""",MERGE → variable product,
TapeTech,Corner & Angle Tools,502F2,"2"" TapeTech Corner Finisher Blade Kit (502F2)",,VAR-502F2-GROUP,TapeTech Corner Finisher Blade Kit (502F2),Size,"2"" TapeTech Corner Finisher Blade Kit (502F2)""",SKIP (bundle/kit - keep simple),Explicitly a multi-item bundle
TapeTech,Corner & Angle Tools,502F3,"3"" TapeTech Corner Finisher Blade Kit (502F3)",,VAR-502F2-GROUP,TapeTech Corner Finisher Blade Kit (502F2),Size,"3"" TapeTech Corner Finisher Blade Kit (502F3)""",SKIP (bundle/kit - keep simple),Explicitly a multi-item bundle
TapeTech,Repair Kits & Parts,501F3A,"3"" TapeTech Corner Finisher Repair Kit (501F3A)",,VAR-501F3A-GROUP,TapeTech Corner Finisher Repair Kit (501F3A),Size,"3"" TapeTech Corner Finisher Repair Kit (501F3A)""",SKIP (bundle/kit - keep simple),Explicitly a multi-item bundle
TapeTech,Repair Kits & Parts,501F2A,"2"" TapeTech Corner Finisher Repair Kit (501F2A)",,VAR-501F3A-GROUP,TapeTech Corner Finisher Repair Kit (501F3A),Size,"2"" TapeTech Corner Finisher Repair Kit (501F2A)""",SKIP (bundle/kit - keep simple),Explicitly a multi-item bundle
TapeTech,Repair Kits & Parts,QB08QSX,"QuickBox QSX - 8.5"" (QB08QSX)",,VAR-QB08QSX-GROUP,QuickBox QSX - (QB08QSX),Size,"QuickBox QSX - 8.5"" (QB08QSX)""",MERGE → variable product,
TapeTech,Repair Kits & Parts,QB06QSX,"QuickBox QSX - 6.5"" (QB06QSX)",,VAR-QB08QSX-GROUP,QuickBox QSX - (QB08QSX),Size,"QuickBox QSX - 6.5"" (QB06QSX)""",MERGE → variable product,
TapeTech,Handles & Extensions,8134TT,"34"" EasyFinish Box Handle (8134TT)",,VAR-8134TT-GROUP,EasyFinish Box Handle (8134TT),Size,"34"" EasyFinish Box Handle (8134TT)""",MERGE → variable product,
TapeTech,Handles & Extensions,8154TT,"54"" EasyFinish Box Handle (8154TT)",,VAR-8134TT-GROUP,EasyFinish Box Handle (8134TT),Size,"54"" EasyFinish Box Handle (8154TT)""",MERGE → variable product,
TapeTech,Repair Kits & Parts,050110F,Driver Shaft (050110F),,VAR-050110F-GROUP,Driver Shaft ( F),Size,"Driver Shaft (050110F)""",MERGE → variable product,
TapeTech,Repair Kits & Parts,052121F,Driver Shaft (052121F),,VAR-050110F-GROUP,Driver Shaft ( F),Size,"Driver Shaft (052121F)""",MERGE → variable product,
TapeTech,Repair Kits & Parts,250009,"10"" Shim (250009)",,VAR-250009-GROUP,Shim (250009),Size,"10"" Shim (250009)""",MERGE → variable product,
TapeTech,Repair Kits & Parts,300009,"12"" Shim (300009)",,VAR-250009-GROUP,Shim (250009),Size,"12"" Shim (300009)""",MERGE → variable product,
TapeTech,Repair Kits & Parts,300040F,"12"" Tie Rod (300040F)",,VAR-300040F-GROUP,Tie Rod (300040F),Size,"12"" Tie Rod (300040F)""",MERGE → variable product,
TapeTech,Repair Kits & Parts,250040F,"10"" Tie Rod (250040F)",,VAR-300040F-GROUP,Tie Rod (300040F),Size,"10"" Tie Rod (250040F)""",MERGE → variable product,
TapeTech,Repair Kits & Parts,202036,Shoulder Screw (202036),,VAR-202036-GROUP,Shoulder Screw ( ),Size,"Shoulder Screw (202036)""",MERGE → variable product,
TapeTech,Repair Kits & Parts,210059,Shoulder Screw (210059),,VAR-202036-GROUP,Shoulder Screw ( ),Size,"Shoulder Screw (210059)""",MERGE → variable product,
TapeTech,Repair Kits & Parts,054075,Tape Runner Assembly (054075),,VAR-054075-GROUP,Tape Runner Assembly ( ),Size,"Tape Runner Assembly (054075)""",MERGE → variable product,
TapeTech,Repair Kits & Parts,054104,Tape Runner Assembly (054104),,VAR-054075-GROUP,Tape Runner Assembly ( ),Size,"Tape Runner Assembly (054104)""",MERGE → variable product,
TapeTech,Repair Kits & Parts,920003,Ball Coupling (920003),,VAR-920003-GROUP,Ball Coupling ( ),Size,"Ball Coupling (920003)""",MERGE → variable product,
TapeTech,Repair Kits & Parts,402033,Ball Coupling (402033),,VAR-920003-GROUP,Ball Coupling ( ),Size,"Ball Coupling (402033)""",MERGE → variable product,
TapeTech,Repair Kits & Parts,450021,Blade Tension Spring (450021),,VAR-450021-GROUP,Blade Tension Spring ( ),Width,"Blade Tension Spring (450021)""",MERGE → variable product,
TapeTech,Repair Kits & Parts,450005,Blade Tension Spring (450005),,VAR-450021-GROUP,Blade Tension Spring ( ),Width,"Blade Tension Spring (450005)""",MERGE → variable product,
TapeTech,Repair Kits & Parts,050099F,Bushing Head (050099F),,VAR-050099F-GROUP,Bushing Head ( F),Size,"Bushing Head (050099F)""",MERGE → variable product,
TapeTech,Repair Kits & Parts,050086F,Bushing Head (050086F),,VAR-050099F-GROUP,Bushing Head ( F),Size,"Bushing Head (050086F)""",MERGE → variable product,
TapeTech,Repair Kits & Parts,489029,"Screw, 6-32 x 5/8 (489029)",,VAR-489029-GROUP,"Screw, -32 x 5/8 (489029)",Size,"6-32""",MERGE → variable product,
TapeTech,Repair Kits & Parts,219080,"Screw, 6-32 x 5/8 (219080)",,VAR-489029-GROUP,"Screw, -32 x 5/8 (489029)",Size,"6-32""",MERGE → variable product,
TapeTech,Repair Kits & Parts,251025G,Side Plate (251025G),,VAR-251025G-GROUP,Side Plate ( G),Size,"Side Plate (251025G)""",MERGE → variable product,
TapeTech,Repair Kits & Parts,251023G,Side Plate (251023G),,VAR-251025G-GROUP,Side Plate ( G),Size,"Side Plate (251023G)""",MERGE → variable product,
TapeTech,Repair Kits & Parts,050023F,Spacer Bar (050023F),,VAR-050023F-GROUP,Spacer Bar ( F),Size,"Spacer Bar (050023F)""",MERGE → variable product,
TapeTech,Repair Kits & Parts,050090F,Spacer Bar (050090F),,VAR-050023F-GROUP,Spacer Bar ( F),Size,"Spacer Bar (050090F)""",MERGE → variable product,
TapeTech,Finishing Trowels,VABS050,"TapeTech 2"" Italian ABS Float (VABS050)",,VAR-VABS050-GROUP,TapeTech Italian ABS Float (VABS050),Size,"TapeTech 2"" Italian ABS Float (VABS050)""",MERGE → variable product,
TapeTech,Finishing Trowels,VABS130,"TapeTech 5"" Italian ABS Float (VABS130)",,VAR-VABS050-GROUP,TapeTech Italian ABS Float (VABS050),Size,"TapeTech 5"" Italian ABS Float (VABS130)""",MERGE → variable product,
TapeTech,Finishing Trowels,RTS20TT,TapeTech 20” Radius Trowel – Straight (RTS20TT),,VAR-RTS20TT-GROUP,TapeTech ” Radius Trowel – Straight (RTS20TT),Size,"TapeTech 20” Radius Trowel – Straight (RTS20TT)""",MERGE → variable product,
TapeTech,Finishing Trowels,RTS26TT,TapeTech 26” Radius Trowel – Straight (RTS26TT),,VAR-RTS20TT-GROUP,TapeTech ” Radius Trowel – Straight (RTS20TT),Size,"TapeTech 26” Radius Trowel – Straight (RTS26TT)""",MERGE → variable product,
